round_0,round_1,round_2,round_3,round_4,round_5,round_6,round_7,round_8,round_1_ans,round_1_conf,round_2_ans,round_2_conf,round_3_ans,round_3_conf,round_4_ans,round_4_conf,round_5_ans,round_5_conf,round_6_ans,round_6_conf,round_7_ans,round_7_conf,round_8_ans,round_8_conf
1,"(0, np.float64(99.21))","(1, np.float64(97.68))","(0, np.float64(98.58))","(1, np.float64(99.78))","(0, np.float64(98.88))","(1, np.float64(99.6))","(1, np.float64(99.99))","(1, np.float64(99.91))",0.0,99.21,1.0,97.68,0.0,98.58,1.0,99.78,0.0,98.88,1.0,99.6,1.0,99.99,1.0,99.91
1,"(1, np.float64(100.0))","(1, np.float64(100.0))","(1, np.float64(100.0))","(1, np.float64(100.0))","(1, np.float64(100.0))","(1, np.float64(100.0))","(1, np.float64(100.0))","(1, np.float64(100.0))",1.0,100.0,1.0,100.0,1.0,100.0,1.0,100.0,1.0,100.0,1.0,100.0,1.0,100.0,1.0,100.0
1,"(0, np.float64(94.9))","(1, np.float64(99.77))","(1, np.float64(97.53))","(1, np.float64(92.59))","(0, np.float64(99.84))","(1, np.float64(97.24))","(1, np.float64(99.84))","(1, np.float64(99.58))",0.0,94.9,1.0,99.77,1.0,97.53,1.0,92.59,0.0,99.84,1.0,97.24,1.0,99.84,1.0,99.58
1,"(1, np.float64(100.0))","(1, np.float64(100.0))","(1, np.float64(100.0))","(1, np.float64(100.0))","(1, np.float64(100.0))","(1, np.float64(100.0))","(1, np.float64(100.0))","(1, np.float64(100.0))",1.0,100.0,1.0,100.0,1.0,100.0,1.0,100.0,1.0,100.0,1.0,100.0,1.0,100.0,1.0,100.0
1,"(1, np.float64(99.88))","(1, np.float64(99.67))","(1, np.float64(99.22))","(1, np.float64(98.41))","(1, np.float64(92.34))","(1, np.float64(99.98))","(1, np.float64(99.99))","(1, np.float64(99.76))",1.0,99.88,1.0,99.67,1.0,99.22,1.0,98.41,1.0,92.34,1.0,99.98,1.0,99.99,1.0,99.76
1,"(1, np.float64(100.0))","(1, np.float64(100.0))","(1, np.float64(100.0))","(1, np.float64(100.0))","(1, np.float64(100.0))","(1, np.float64(100.0))","(1, np.float64(100.0))","(1, np.float64(100.0))",1.0,100.0,1.0,100.0,1.0,100.0,1.0,100.0,1.0,100.0,1.0,100.0,1.0,100.0,1.0,100.0
1,"(1, np.float64(100.0))","(1, np.float64(100.0))","(1, np.float64(100.0))","(1, np.float64(100.0))","(1, np.float64(100.0))","(1, np.float64(100.0))","(1, np.float64(100.0))","(1, np.float64(100.0))",1.0,100.0,1.0,100.0,1.0,100.0,1.0,100.0,1.0,100.0,1.0,100.0,1.0,100.0,1.0,100.0
1,"(1, np.float64(100.0))","(1, np.float64(99.95))","(1, np.float64(99.98))","(1, np.float64(99.99))","(1, np.float64(99.98))","(1, np.float64(99.73))","(1, np.float64(98.85))","(1, np.float64(99.92))",1.0,100.0,1.0,99.95,1.0,99.98,1.0,99.99,1.0,99.98,1.0,99.73,1.0,98.85,1.0,99.92
0,,,,,,,,,,,,,,,,,,,,,,,,
1,"(1, np.float64(100.0))","(1, np.float64(100.0))","(1, np.float64(99.75))","(1, np.float64(99.97))","(1, np.float64(99.92))","(1, np.float64(99.57))","(1, np.float64(99.98))","(1, np.float64(99.9))",1.0,100.0,1.0,100.0,1.0,99.75,1.0,99.97,1.0,99.92,1.0,99.57,1.0,99.98,1.0,99.9
1,"(0, np.float64(97.54))","(1, np.float64(99.96))","(1, np.float64(99.74))","(1, np.float64(98.46))","(1, np.float64(98.28))","(1, np.float64(99.78))","(1, np.float64(100.0))","(1, np.float64(99.9))",0.0,97.54,1.0,99.96,1.0,99.74,1.0,98.46,1.0,98.28,1.0,99.78,1.0,100.0,1.0,99.9
1,"(1, np.float64(100.0))","(1, np.float64(100.0))","(1, np.float64(100.0))","(1, np.float64(100.0))","(1, np.float64(100.0))","(1, np.float64(100.0))","(1, np.float64(100.0))","(1, np.float64(100.0))",1.0,100.0,1.0,100.0,1.0,100.0,1.0,100.0,1.0,100.0,1.0,100.0,1.0,100.0,1.0,100.0
1,"(1, np.float64(100.0))","(1, np.float64(99.81))","(1, np.float64(99.34))","(1, np.float64(99.96))","(1, np.float64(99.8))","(1, np.float64(98.95))","(1, np.float64(100.0))","(1, np.float64(99.48))",1.0,100.0,1.0,99.81,1.0,99.34,1.0,99.96,1.0,99.8,1.0,98.95,1.0,100.0,1.0,99.48
1,"(1, np.float64(100.0))","(1, np.float64(100.0))","(1, np.float64(100.0))","(1, np.float64(100.0))","(1, np.float64(100.0))","(1, np.float64(100.0))","(1, np.float64(100.0))","(1, np.float64(100.0))",1.0,100.0,1.0,100.0,1.0,100.0,1.0,100.0,1.0,100.0,1.0,100.0,1.0,100.0,1.0,100.0
1,"(1, np.float64(100.0))","(1, np.float64(100.0))","(1, np.float64(100.0))","(1, np.float64(100.0))","(1, np.float64(100.0))","(1, np.float64(100.0))","(1, np.float64(100.0))","(1, np.float64(100.0))",1.0,100.0,1.0,100.0,1.0,100.0,1.0,100.0,1.0,100.0,1.0,100.0,1.0,100.0,1.0,100.0
0,,,,,,,,,,,,,,,,,,,,,,,,
1,"(1, np.float64(100.0))","(1, np.float64(100.0))","(1, np.float64(100.0))","(1, np.float64(100.0))","(1, np.float64(100.0))","(1, np.float64(85.01))","(1, np.float64(86.47))","(1, np.float64(86.01))",1.0,100.0,1.0,100.0,1.0,100.0,1.0,100.0,1.0,100.0,1.0,85.01,1.0,86.47,1.0,86.01
1,"(1, np.float64(100.0))","(1, np.float64(83.69))","(1, np.float64(82.01))","(1, np.float64(81.31))","(1, np.float64(81.25))","(1, np.float64(76.57))","(1, np.float64(82.44))","(1, np.float64(82.65))",1.0,100.0,1.0,83.69,1.0,82.01,1.0,81.31,1.0,81.25,1.0,76.57,1.0,82.44,1.0,82.65
1,"(1, np.float64(100.0))","(1, np.float64(100.0))","(1, np.float64(100.0))","(1, np.float64(100.0))","(1, np.float64(100.0))","(1, np.float64(100.0))","(1, np.float64(100.0))","(1, np.float64(100.0))",1.0,100.0,1.0,100.0,1.0,100.0,1.0,100.0,1.0,100.0,1.0,100.0,1.0,100.0,1.0,100.0
1,"(1, np.float64(99.97))","(1, np.float64(72.41))","(0, np.float64(74.95))","(1, np.float64(87.53))","(1, np.float64(75.69))","(1, np.float64(71.74))","(1, np.float64(77.62))","(1, np.float64(75.59))",1.0,99.97,1.0,72.41,0.0,74.95,1.0,87.53,1.0,75.69,1.0,71.74,1.0,77.62,1.0,75.59
1,"(1, np.float64(99.99))","(1, np.float64(100.0))","(1, np.float64(100.0))","(1, np.float64(100.0))","(1, np.float64(99.99))","(1, np.float64(99.99))","(1, np.float64(100.0))","(1, np.float64(100.0))",1.0,99.99,1.0,100.0,1.0,100.0,1.0,100.0,1.0,99.99,1.0,99.99,1.0,100.0,1.0,100.0
0,,,,,,,,,,,,,,,,,,,,,,,,
1,"(1, np.float64(100.0))","(1, np.float64(100.0))","(1, np.float64(100.0))","(1, np.float64(100.0))","(1, np.float64(100.0))","(1, np.float64(100.0))","(1, np.float64(100.0))","(1, np.float64(100.0))",1.0,100.0,1.0,100.0,1.0,100.0,1.0,100.0,1.0,100.0,1.0,100.0,1.0,100.0,1.0,100.0
1,"(1, np.float64(100.0))","(1, np.float64(100.0))","(1, np.float64(100.0))","(1, np.float64(100.0))","(1, np.float64(100.0))","(1, np.float64(100.0))","(1, np.float64(100.0))","(1, np.float64(100.0))",1.0,100.0,1.0,100.0,1.0,100.0,1.0,100.0,1.0,100.0,1.0,100.0,1.0,100.0,1.0,100.0
1,"(1, np.float64(100.0))","(1, np.float64(100.0))","(1, np.float64(100.0))","(1, np.float64(100.0))","(1, np.float64(100.0))","(1, np.float64(100.0))","(1, np.float64(100.0))","(1, np.float64(99.99))",1.0,100.0,1.0,100.0,1.0,100.0,1.0,100.0,1.0,100.0,1.0,100.0,1.0,100.0,1.0,99.99
0,,,,,,,,,,,,,,,,,,,,,,,,
1,"(1, np.float64(100.0))","(1, np.float64(100.0))","(1, np.float64(100.0))","(1, np.float64(100.0))","(1, np.float64(100.0))","(1, np.float64(100.0))","(1, np.float64(100.0))","(1, np.float64(100.0))",1.0,100.0,1.0,100.0,1.0,100.0,1.0,100.0,1.0,100.0,1.0,100.0,1.0,100.0,1.0,100.0
0,,,,,,,,,,,,,,,,,,,,,,,,
1,"(1, np.float64(99.65))","(1, np.float64(97.41))","(1, np.float64(98.85))","(1, np.float64(97.71))","(0, np.float64(76.91))","(1, np.float64(83.57))","(1, np.float64(80.12))","(1, np.float64(84.41))",1.0,99.65,1.0,97.41,1.0,98.85,1.0,97.71,0.0,76.91,1.0,83.57,1.0,80.12,1.0,84.41
1,"(1, np.float64(100.0))","(1, np.float64(100.0))","(1, np.float64(100.0))","(1, np.float64(99.99))","(1, np.float64(99.99))","(1, np.float64(99.89))","(1, np.float64(100.0))","(1, np.float64(100.0))",1.0,100.0,1.0,100.0,1.0,100.0,1.0,99.99,1.0,99.99,1.0,99.89,1.0,100.0,1.0,100.0
1,"(1, np.float64(99.92))","(1, np.float64(94.9))","(0, np.float64(95.35))","(1, np.float64(99.92))","(1, np.float64(95.34))","(1, np.float64(95.8))","(1, np.float64(95.8))","(1, np.float64(98.0))",1.0,99.92,1.0,94.9,0.0,95.35,1.0,99.92,1.0,95.34,1.0,95.8,1.0,95.8,1.0,98.0
1,"(1, np.float64(100.0))","(1, np.float64(95.31))","(1, np.float64(99.34))","(1, np.float64(96.13))","(1, np.float64(75.91))","(1, np.float64(77.77))","(1, np.float64(81.6))","(1, np.float64(76.85))",1.0,100.0,1.0,95.31,1.0,99.34,1.0,96.13,1.0,75.91,1.0,77.77,1.0,81.6,1.0,76.85
1,"(1, np.float64(100.0))","(1, np.float64(100.0))","(1, np.float64(100.0))","(1, np.float64(100.0))","(1, np.float64(100.0))","(1, np.float64(100.0))","(1, np.float64(100.0))","(1, np.float64(100.0))",1.0,100.0,1.0,100.0,1.0,100.0,1.0,100.0,1.0,100.0,1.0,100.0,1.0,100.0,1.0,100.0
1,"(1, np.float64(100.0))","(1, np.float64(100.0))","(1, np.float64(100.0))","(1, np.float64(100.0))","(1, np.float64(100.0))","(1, np.float64(100.0))","(1, np.float64(100.0))","(1, np.float64(100.0))",1.0,100.0,1.0,100.0,1.0,100.0,1.0,100.0,1.0,100.0,1.0,100.0,1.0,100.0,1.0,100.0
1,"(1, np.float64(100.0))","(1, np.float64(99.98))","(1, np.float64(99.91))","(1, np.float64(100.0))","(1, np.float64(100.0))","(1, np.float64(99.95))","(1, np.float64(100.0))","(1, np.float64(100.0))",1.0,100.0,1.0,99.98,1.0,99.91,1.0,100.0,1.0,100.0,1.0,99.95,1.0,100.0,1.0,100.0
1,"(1, np.float64(99.99))","(1, np.float64(100.0))","(1, np.float64(99.99))","(1, np.float64(99.99))","(1, np.float64(99.98))","(1, np.float64(100.0))","(1, np.float64(100.0))","(1, np.float64(84.32))",1.0,99.99,1.0,100.0,1.0,99.99,1.0,99.99,1.0,99.98,1.0,100.0,1.0,100.0,1.0,84.32
1,"(1, np.float64(100.0))","(1, np.float64(100.0))","(1, np.float64(100.0))","(1, np.float64(100.0))","(1, np.float64(100.0))","(1, np.float64(100.0))","(1, np.float64(100.0))","(1, np.float64(100.0))",1.0,100.0,1.0,100.0,1.0,100.0,1.0,100.0,1.0,100.0,1.0,100.0,1.0,100.0,1.0,100.0
1,"(1, np.float64(100.0))","(1, np.float64(100.0))","(1, np.float64(100.0))","(1, np.float64(100.0))","(1, np.float64(100.0))","(1, np.float64(100.0))","(1, np.float64(100.0))","(1, np.float64(100.0))",1.0,100.0,1.0,100.0,1.0,100.0,1.0,100.0,1.0,100.0,1.0,100.0,1.0,100.0,1.0,100.0
1,"(1, np.float64(100.0))","(1, np.float64(100.0))","(1, np.float64(100.0))","(1, np.float64(100.0))","(1, np.float64(100.0))","(1, np.float64(100.0))","(1, np.float64(100.0))","(1, np.float64(100.0))",1.0,100.0,1.0,100.0,1.0,100.0,1.0,100.0,1.0,100.0,1.0,100.0,1.0,100.0,1.0,100.0
1,"(1, np.float64(99.8))","(1, np.float64(99.84))","(1, np.float64(99.63))","(1, np.float64(98.23))","(1, np.float64(92.4))","(1, np.float64(98.6))","(1, np.float64(99.97))","(1, np.float64(99.23))",1.0,99.8,1.0,99.84,1.0,99.63,1.0,98.23,1.0,92.4,1.0,98.6,1.0,99.97,1.0,99.23
1,"(1, np.float64(99.4))","(1, np.float64(99.72))","(1, np.float64(94.89))","(0, np.float64(99.71))","(1, np.float64(99.98))","(1, np.float64(95.37))","(1, np.float64(98.41))","(1, np.float64(96.2))",1.0,99.4,1.0,99.72,1.0,94.89,0.0,99.71,1.0,99.98,1.0,95.37,1.0,98.41,1.0,96.2
1,"(1, np.float64(100.0))","(1, np.float64(100.0))","(1, np.float64(100.0))","(1, np.float64(100.0))","(1, np.float64(100.0))","(1, np.float64(100.0))","(1, np.float64(100.0))","(1, np.float64(100.0))",1.0,100.0,1.0,100.0,1.0,100.0,1.0,100.0,1.0,100.0,1.0,100.0,1.0,100.0,1.0,100.0
1,"(1, np.float64(100.0))","(1, np.float64(84.3))","(1, np.float64(84.36))","(1, np.float64(76.66))","(1, np.float64(78.26))","(1, np.float64(82.0))","(1, np.float64(83.03))","(1, np.float64(81.33))",1.0,100.0,1.0,84.3,1.0,84.36,1.0,76.66,1.0,78.26,1.0,82.0,1.0,83.03,1.0,81.33
1,"(1, np.float64(98.49))","(0, np.float64(96.6))","(1, np.float64(96.68))","(0, np.float64(88.96))","(0, np.float64(94.66))","(0, np.float64(97.49))","(1, np.float64(93.33))","(0, np.float64(91.89))",1.0,98.49,0.0,96.6,1.0,96.68,0.0,88.96,0.0,94.66,0.0,97.49,1.0,93.33,0.0,91.89
1,"(1, np.float64(100.0))","(1, np.float64(99.99))","(1, np.float64(99.99))","(1, np.float64(99.83))","(1, np.float64(99.18))","(1, np.float64(98.93))","(1, np.float64(99.17))","(1, np.float64(99.28))",1.0,100.0,1.0,99.99,1.0,99.99,1.0,99.83,1.0,99.18,1.0,98.93,1.0,99.17,1.0,99.28
1,"(1, np.float64(100.0))","(1, np.float64(79.44))","(1, np.float64(80.41))","(1, np.float64(84.47))","(1, np.float64(78.87))","(1, np.float64(87.02))","(1, np.float64(89.61))","(1, np.float64(77.74))",1.0,100.0,1.0,79.44,1.0,80.41,1.0,84.47,1.0,78.87,1.0,87.02,1.0,89.61,1.0,77.74
1,"(1, np.float64(100.0))","(1, np.float64(100.0))","(1, np.float64(100.0))","(1, np.float64(100.0))","(1, np.float64(100.0))","(1, np.float64(100.0))","(1, np.float64(100.0))","(1, np.float64(99.99))",1.0,100.0,1.0,100.0,1.0,100.0,1.0,100.0,1.0,100.0,1.0,100.0,1.0,100.0,1.0,99.99
1,"(1, np.float64(99.94))","(1, np.float64(99.96))","(1, np.float64(99.83))","(1, np.float64(96.12))","(1, np.float64(97.42))","(1, np.float64(98.82))","(1, np.float64(99.88))","(1, np.float64(99.16))",1.0,99.94,1.0,99.96,1.0,99.83,1.0,96.12,1.0,97.42,1.0,98.82,1.0,99.88,1.0,99.16
1,"(1, np.float64(100.0))","(1, np.float64(99.33))","(1, np.float64(99.78))","(1, np.float64(99.47))","(1, np.float64(98.17))","(1, np.float64(99.39))","(1, np.float64(99.94))","(1, np.float64(99.55))",1.0,100.0,1.0,99.33,1.0,99.78,1.0,99.47,1.0,98.17,1.0,99.39,1.0,99.94,1.0,99.55
1,"(1, np.float64(99.98))","(1, np.float64(99.97))","(1, np.float64(83.87))","(1, np.float64(83.29))","(1, np.float64(87.56))","(1, np.float64(74.88))","(1, np.float64(80.59))","(1, np.float64(85.5))",1.0,99.98,1.0,99.97,1.0,83.87,1.0,83.29,1.0,87.56,1.0,74.88,1.0,80.59,1.0,85.5
1,"(1, np.float64(100.0))","(1, np.float64(100.0))","(1, np.float64(100.0))","(1, np.float64(100.0))","(1, np.float64(100.0))","(1, np.float64(100.0))","(1, np.float64(100.0))","(1, np.float64(100.0))",1.0,100.0,1.0,100.0,1.0,100.0,1.0,100.0,1.0,100.0,1.0,100.0,1.0,100.0,1.0,100.0
1,"(1, np.float64(100.0))","(1, np.float64(100.0))","(1, np.float64(100.0))","(1, np.float64(100.0))","(1, np.float64(100.0))","(1, np.float64(100.0))","(1, np.float64(100.0))","(1, np.float64(100.0))",1.0,100.0,1.0,100.0,1.0,100.0,1.0,100.0,1.0,100.0,1.0,100.0,1.0,100.0,1.0,100.0
1,"(1, np.float64(100.0))","(1, np.float64(100.0))","(1, np.float64(100.0))","(1, np.float64(100.0))","(1, np.float64(100.0))","(1, np.float64(100.0))","(1, np.float64(100.0))","(1, np.float64(100.0))",1.0,100.0,1.0,100.0,1.0,100.0,1.0,100.0,1.0,100.0,1.0,100.0,1.0,100.0,1.0,100.0
1,"(1, np.float64(100.0))","(1, np.float64(100.0))","(1, np.float64(100.0))","(1, np.float64(100.0))","(1, np.float64(99.99))","(1, np.float64(100.0))","(1, np.float64(100.0))","(1, np.float64(100.0))",1.0,100.0,1.0,100.0,1.0,100.0,1.0,100.0,1.0,99.99,1.0,100.0,1.0,100.0,1.0,100.0
1,"(1, np.float64(100.0))","(1, np.float64(100.0))","(1, np.float64(100.0))","(1, np.float64(100.0))","(1, np.float64(100.0))","(1, np.float64(100.0))","(1, np.float64(100.0))","(1, np.float64(100.0))",1.0,100.0,1.0,100.0,1.0,100.0,1.0,100.0,1.0,100.0,1.0,100.0,1.0,100.0,1.0,100.0
1,"(1, np.float64(100.0))","(1, np.float64(100.0))","(1, np.float64(100.0))","(1, np.float64(100.0))","(1, np.float64(100.0))","(1, np.float64(100.0))","(1, np.float64(100.0))","(1, np.float64(100.0))",1.0,100.0,1.0,100.0,1.0,100.0,1.0,100.0,1.0,100.0,1.0,100.0,1.0,100.0,1.0,100.0
1,"(1, np.float64(100.0))","(1, np.float64(100.0))","(1, np.float64(100.0))","(1, np.float64(100.0))","(1, np.float64(100.0))","(1, np.float64(100.0))","(1, np.float64(100.0))","(1, np.float64(100.0))",1.0,100.0,1.0,100.0,1.0,100.0,1.0,100.0,1.0,100.0,1.0,100.0,1.0,100.0,1.0,100.0
1,"(1, np.float64(100.0))","(1, np.float64(100.0))","(1, np.float64(100.0))","(1, np.float64(100.0))","(1, np.float64(100.0))","(1, np.float64(100.0))","(1, np.float64(100.0))","(1, np.float64(100.0))",1.0,100.0,1.0,100.0,1.0,100.0,1.0,100.0,1.0,100.0,1.0,100.0,1.0,100.0,1.0,100.0
1,"(1, np.float64(99.78))","(1, np.float64(99.95))","(1, np.float64(99.92))","(0, np.float64(94.8))","(1, np.float64(99.99))","(1, np.float64(99.98))","(1, np.float64(100.0))","(1, np.float64(99.99))",1.0,99.78,1.0,99.95,1.0,99.92,0.0,94.8,1.0,99.99,1.0,99.98,1.0,100.0,1.0,99.99
1,"(1, np.float64(100.0))","(1, np.float64(100.0))","(1, np.float64(100.0))","(1, np.float64(100.0))","(1, np.float64(100.0))","(1, np.float64(100.0))","(1, np.float64(100.0))","(1, np.float64(100.0))",1.0,100.0,1.0,100.0,1.0,100.0,1.0,100.0,1.0,100.0,1.0,100.0,1.0,100.0,1.0,100.0
1,"(1, np.float64(99.93))","(1, np.float64(99.83))","(1, np.float64(99.48))","(0, np.float64(91.47))","(1, np.float64(99.29))","(1, np.float64(99.97))","(1, np.float64(100.0))","(1, np.float64(99.98))",1.0,99.93,1.0,99.83,1.0,99.48,0.0,91.47,1.0,99.29,1.0,99.97,1.0,100.0,1.0,99.98
1,"(1, np.float64(99.99))","(1, np.float64(99.79))","(1, np.float64(98.2))","(1, np.float64(98.55))","(1, np.float64(98.61))","(1, np.float64(98.45))","(1, np.float64(99.88))","(1, np.float64(98.36))",1.0,99.99,1.0,99.79,1.0,98.2,1.0,98.55,1.0,98.61,1.0,98.45,1.0,99.88,1.0,98.36
1,"(1, np.float64(100.0))","(1, np.float64(100.0))","(1, np.float64(100.0))","(1, np.float64(100.0))","(1, np.float64(100.0))","(1, np.float64(100.0))","(1, np.float64(100.0))","(1, np.float64(100.0))",1.0,100.0,1.0,100.0,1.0,100.0,1.0,100.0,1.0,100.0,1.0,100.0,1.0,100.0,1.0,100.0
1,"(1, np.float64(100.0))","(1, np.float64(100.0))","(1, np.float64(100.0))","(1, np.float64(100.0))","(1, np.float64(100.0))","(1, np.float64(100.0))","(1, np.float64(100.0))","(1, np.float64(100.0))",1.0,100.0,1.0,100.0,1.0,100.0,1.0,100.0,1.0,100.0,1.0,100.0,1.0,100.0,1.0,100.0
1,"(1, np.float64(100.0))","(1, np.float64(100.0))","(1, np.float64(100.0))","(1, np.float64(100.0))","(1, np.float64(100.0))","(1, np.float64(100.0))","(1, np.float64(100.0))","(1, np.float64(100.0))",1.0,100.0,1.0,100.0,1.0,100.0,1.0,100.0,1.0,100.0,1.0,100.0,1.0,100.0,1.0,100.0
1,"(1, np.float64(100.0))","(1, np.float64(100.0))","(1, np.float64(100.0))","(1, np.float64(100.0))","(1, np.float64(100.0))","(1, np.float64(100.0))","(1, np.float64(100.0))","(1, np.float64(100.0))",1.0,100.0,1.0,100.0,1.0,100.0,1.0,100.0,1.0,100.0,1.0,100.0,1.0,100.0,1.0,100.0
1,"(1, np.float64(100.0))","(1, np.float64(100.0))","(1, np.float64(100.0))","(1, np.float64(100.0))","(1, np.float64(100.0))","(1, np.float64(100.0))","(1, np.float64(100.0))","(1, np.float64(100.0))",1.0,100.0,1.0,100.0,1.0,100.0,1.0,100.0,1.0,100.0,1.0,100.0,1.0,100.0,1.0,100.0
1,"(1, np.float64(100.0))","(1, np.float64(100.0))","(1, np.float64(100.0))","(1, np.float64(100.0))","(1, np.float64(100.0))","(1, np.float64(100.0))","(1, np.float64(100.0))","(1, np.float64(100.0))",1.0,100.0,1.0,100.0,1.0,100.0,1.0,100.0,1.0,100.0,1.0,100.0,1.0,100.0,1.0,100.0
1,"(1, np.float64(100.0))","(1, np.float64(100.0))","(1, np.float64(100.0))","(1, np.float64(100.0))","(1, np.float64(100.0))","(1, np.float64(100.0))","(1, np.float64(100.0))","(1, np.float64(100.0))",1.0,100.0,1.0,100.0,1.0,100.0,1.0,100.0,1.0,100.0,1.0,100.0,1.0,100.0,1.0,100.0
1,"(1, np.float64(100.0))","(1, np.float64(100.0))","(1, np.float64(100.0))","(1, np.float64(100.0))","(1, np.float64(100.0))","(1, np.float64(100.0))","(1, np.float64(100.0))","(1, np.float64(100.0))",1.0,100.0,1.0,100.0,1.0,100.0,1.0,100.0,1.0,100.0,1.0,100.0,1.0,100.0,1.0,100.0
1,"(1, np.float64(100.0))","(1, np.float64(100.0))","(1, np.float64(100.0))","(1, np.float64(100.0))","(1, np.float64(81.49))","(1, np.float64(81.01))","(1, np.float64(83.8))","(1, np.float64(83.7))",1.0,100.0,1.0,100.0,1.0,100.0,1.0,100.0,1.0,81.49,1.0,81.01,1.0,83.8,1.0,83.7
1,"(1, np.float64(100.0))","(1, np.float64(100.0))","(1, np.float64(100.0))","(1, np.float64(100.0))","(1, np.float64(83.34))","(1, np.float64(79.74))","(1, np.float64(81.28))","(1, np.float64(79.68))",1.0,100.0,1.0,100.0,1.0,100.0,1.0,100.0,1.0,83.34,1.0,79.74,1.0,81.28,1.0,79.68
1,"(1, np.float64(100.0))","(1, np.float64(100.0))","(1, np.float64(100.0))","(1, np.float64(99.98))","(1, np.float64(100.0))","(1, np.float64(99.83))","(1, np.float64(99.99))","(1, np.float64(99.99))",1.0,100.0,1.0,100.0,1.0,100.0,1.0,99.98,1.0,100.0,1.0,99.83,1.0,99.99,1.0,99.99
1,"(1, np.float64(100.0))","(1, np.float64(100.0))","(1, np.float64(85.0))","(1, np.float64(93.9))","(1, np.float64(95.9))","(1, np.float64(84.8))","(1, np.float64(83.97))","(1, np.float64(81.65))",1.0,100.0,1.0,100.0,1.0,85.0,1.0,93.9,1.0,95.9,1.0,84.8,1.0,83.97,1.0,81.65
1,"(1, np.float64(100.0))","(1, np.float64(100.0))","(1, np.float64(100.0))","(1, np.float64(100.0))","(1, np.float64(99.97))","(1, np.float64(100.0))","(1, np.float64(100.0))","(1, np.float64(100.0))",1.0,100.0,1.0,100.0,1.0,100.0,1.0,100.0,1.0,99.97,1.0,100.0,1.0,100.0,1.0,100.0
1,"(1, np.float64(100.0))","(1, np.float64(100.0))","(1, np.float64(100.0))","(1, np.float64(100.0))","(1, np.float64(100.0))","(1, np.float64(100.0))","(1, np.float64(100.0))","(1, np.float64(100.0))",1.0,100.0,1.0,100.0,1.0,100.0,1.0,100.0,1.0,100.0,1.0,100.0,1.0,100.0,1.0,100.0
1,"(1, np.float64(100.0))","(1, np.float64(98.95))","(1, np.float64(99.43))","(1, np.float64(99.8))","(1, np.float64(97.29))","(1, np.float64(94.74))","(1, np.float64(99.36))","(1, np.float64(96.64))",1.0,100.0,1.0,98.95,1.0,99.43,1.0,99.8,1.0,97.29,1.0,94.74,1.0,99.36,1.0,96.64
1,"(1, np.float64(100.0))","(1, np.float64(100.0))","(1, np.float64(100.0))","(1, np.float64(100.0))","(1, np.float64(100.0))","(1, np.float64(80.94))","(1, np.float64(85.78))","(1, np.float64(80.46))",1.0,100.0,1.0,100.0,1.0,100.0,1.0,100.0,1.0,100.0,1.0,80.94,1.0,85.78,1.0,80.46
1,"(1, np.float64(100.0))","(1, np.float64(100.0))","(1, np.float64(100.0))","(1, np.float64(100.0))","(1, np.float64(100.0))","(1, np.float64(100.0))","(1, np.float64(100.0))","(1, np.float64(100.0))",1.0,100.0,1.0,100.0,1.0,100.0,1.0,100.0,1.0,100.0,1.0,100.0,1.0,100.0,1.0,100.0
1,"(1, np.float64(100.0))","(1, np.float64(99.99))","(1, np.float64(99.98))","(1, np.float64(99.96))","(1, np.float64(99.9))","(1, np.float64(99.99))","(1, np.float64(100.0))","(1, np.float64(99.99))",1.0,100.0,1.0,99.99,1.0,99.98,1.0,99.96,1.0,99.9,1.0,99.99,1.0,100.0,1.0,99.99
1,"(1, np.float64(100.0))","(1, np.float64(82.49))","(1, np.float64(79.72))","(1, np.float64(77.7))","(1, np.float64(80.76))","(1, np.float64(69.55))","(1, np.float64(77.71))","(1, np.float64(84.25))",1.0,100.0,1.0,82.49,1.0,79.72,1.0,77.7,1.0,80.76,1.0,69.55,1.0,77.71,1.0,84.25
1,"(1, np.float64(99.99))","(1, np.float64(99.99))","(1, np.float64(99.99))","(1, np.float64(99.99))","(1, np.float64(99.99))","(1, np.float64(99.99))","(1, np.float64(100.0))","(1, np.float64(99.99))",1.0,99.99,1.0,99.99,1.0,99.99,1.0,99.99,1.0,99.99,1.0,99.99,1.0,100.0,1.0,99.99
1,"(1, np.float64(100.0))","(1, np.float64(99.84))","(1, np.float64(99.97))","(1, np.float64(100.0))","(1, np.float64(99.74))","(1, np.float64(99.12))","(1, np.float64(100.0))","(1, np.float64(99.8))",1.0,100.0,1.0,99.84,1.0,99.97,1.0,100.0,1.0,99.74,1.0,99.12,1.0,100.0,1.0,99.8
1,"(1, np.float64(100.0))","(1, np.float64(100.0))","(1, np.float64(100.0))","(1, np.float64(100.0))","(1, np.float64(100.0))","(1, np.float64(100.0))","(1, np.float64(100.0))","(1, np.float64(100.0))",1.0,100.0,1.0,100.0,1.0,100.0,1.0,100.0,1.0,100.0,1.0,100.0,1.0,100.0,1.0,100.0
1,"(1, np.float64(99.98))","(1, np.float64(99.84))","(1, np.float64(99.86))","(1, np.float64(99.32))","(1, np.float64(99.08))","(1, np.float64(99.2))","(1, np.float64(99.63))","(1, np.float64(99.16))",1.0,99.98,1.0,99.84,1.0,99.86,1.0,99.32,1.0,99.08,1.0,99.2,1.0,99.63,1.0,99.16
0,,,,,,,,,,,,,,,,,,,,,,,,
1,"(1, np.float64(100.0))","(1, np.float64(100.0))","(1, np.float64(100.0))","(1, np.float64(100.0))","(1, np.float64(100.0))","(1, np.float64(100.0))","(1, np.float64(100.0))","(1, np.float64(100.0))",1.0,100.0,1.0,100.0,1.0,100.0,1.0,100.0,1.0,100.0,1.0,100.0,1.0,100.0,1.0,100.0
1,"(1, np.float64(100.0))","(1, np.float64(100.0))","(1, np.float64(80.43))","(1, np.float64(83.66))","(1, np.float64(87.17))","(1, np.float64(84.05))","(1, np.float64(86.92))","(1, np.float64(88.74))",1.0,100.0,1.0,100.0,1.0,80.43,1.0,83.66,1.0,87.17,1.0,84.05,1.0,86.92,1.0,88.74
1,"(1, np.float64(100.0))","(1, np.float64(100.0))","(1, np.float64(100.0))","(1, np.float64(100.0))","(1, np.float64(100.0))","(1, np.float64(100.0))","(1, np.float64(100.0))","(1, np.float64(100.0))",1.0,100.0,1.0,100.0,1.0,100.0,1.0,100.0,1.0,100.0,1.0,100.0,1.0,100.0,1.0,100.0
1,"(1, np.float64(100.0))","(1, np.float64(99.99))","(1, np.float64(99.99))","(1, np.float64(99.96))","(1, np.float64(96.23))","(1, np.float64(99.82))","(1, np.float64(99.93))","(1, np.float64(99.8))",1.0,100.0,1.0,99.99,1.0,99.99,1.0,99.96,1.0,96.23,1.0,99.82,1.0,99.93,1.0,99.8
1,"(1, np.float64(99.24))","(0, np.float64(94.27))","(1, np.float64(98.24))","(0, np.float64(98.9))","(1, np.float64(99.88))","(1, np.float64(98.49))","(1, np.float64(99.98))","(1, np.float64(99.84))",1.0,99.24,0.0,94.27,1.0,98.24,0.0,98.9,1.0,99.88,1.0,98.49,1.0,99.98,1.0,99.84
1,"(1, np.float64(100.0))","(1, np.float64(100.0))","(1, np.float64(100.0))","(1, np.float64(100.0))","(1, np.float64(100.0))","(1, np.float64(100.0))","(1, np.float64(100.0))","(1, np.float64(100.0))",1.0,100.0,1.0,100.0,1.0,100.0,1.0,100.0,1.0,100.0,1.0,100.0,1.0,100.0,1.0,100.0
1,"(1, np.float64(100.0))","(1, np.float64(100.0))","(1, np.float64(100.0))","(1, np.float64(100.0))","(1, np.float64(100.0))","(1, np.float64(100.0))","(1, np.float64(100.0))","(1, np.float64(99.99))",1.0,100.0,1.0,100.0,1.0,100.0,1.0,100.0,1.0,100.0,1.0,100.0,1.0,100.0,1.0,99.99
0,,,,,,,,,,,,,,,,,,,,,,,,
1,"(1, np.float64(100.0))","(1, np.float64(99.99))","(1, np.float64(100.0))","(1, np.float64(99.98))","(1, np.float64(99.89))","(1, np.float64(99.86))","(1, np.float64(99.99))","(1, np.float64(100.0))",1.0,100.0,1.0,99.99,1.0,100.0,1.0,99.98,1.0,99.89,1.0,99.86,1.0,99.99,1.0,100.0
1,"(1, np.float64(99.97))","(1, np.float64(99.94))","(1, np.float64(99.92))","(1, np.float64(99.77))","(1, np.float64(99.29))","(0, np.float64(99.16))","(0, np.float64(99.77))","(1, np.float64(99.99))",1.0,99.97,1.0,99.94,1.0,99.92,1.0,99.77,1.0,99.29,0.0,99.16,0.0,99.77,1.0,99.99
1,"(1, np.float64(100.0))","(1, np.float64(100.0))","(1, np.float64(100.0))","(1, np.float64(100.0))","(1, np.float64(99.98))","(1, np.float64(100.0))","(1, np.float64(100.0))","(1, np.float64(100.0))",1.0,100.0,1.0,100.0,1.0,100.0,1.0,100.0,1.0,99.98,1.0,100.0,1.0,100.0,1.0,100.0
1,"(1, np.float64(100.0))","(1, np.float64(100.0))","(1, np.float64(100.0))","(1, np.float64(100.0))","(1, np.float64(100.0))","(1, np.float64(100.0))","(1, np.float64(100.0))","(1, np.float64(100.0))",1.0,100.0,1.0,100.0,1.0,100.0,1.0,100.0,1.0,100.0,1.0,100.0,1.0,100.0,1.0,100.0
1,"(1, np.float64(100.0))","(1, np.float64(100.0))","(1, np.float64(100.0))","(1, np.float64(100.0))","(1, np.float64(100.0))","(1, np.float64(100.0))","(1, np.float64(100.0))","(1, np.float64(100.0))",1.0,100.0,1.0,100.0,1.0,100.0,1.0,100.0,1.0,100.0,1.0,100.0,1.0,100.0,1.0,100.0
1,"(1, np.float64(100.0))","(1, np.float64(100.0))","(1, np.float64(100.0))","(1, np.float64(100.0))","(1, np.float64(100.0))","(1, np.float64(100.0))","(1, np.float64(100.0))","(1, np.float64(99.98))",1.0,100.0,1.0,100.0,1.0,100.0,1.0,100.0,1.0,100.0,1.0,100.0,1.0,100.0,1.0,99.98
0,,,,,,,,,,,,,,,,,,,,,,,,
1,"(1, np.float64(100.0))","(1, np.float64(99.96))","(1, np.float64(99.21))","(1, np.float64(99.98))","(1, np.float64(99.7))","(1, np.float64(98.41))","(1, np.float64(99.38))","(1, np.float64(99.93))",1.0,100.0,1.0,99.96,1.0,99.21,1.0,99.98,1.0,99.7,1.0,98.41,1.0,99.38,1.0,99.93
1,"(1, np.float64(100.0))","(1, np.float64(100.0))","(1, np.float64(99.93))","(1, np.float64(99.93))","(1, np.float64(97.95))","(1, np.float64(83.57))","(1, np.float64(81.5))","(1, np.float64(86.29))",1.0,100.0,1.0,100.0,1.0,99.93,1.0,99.93,1.0,97.95,1.0,83.57,1.0,81.5,1.0,86.29
1,"(1, np.float64(100.0))","(1, np.float64(100.0))","(1, np.float64(100.0))","(1, np.float64(100.0))","(1, np.float64(100.0))","(1, np.float64(100.0))","(1, np.float64(100.0))","(1, np.float64(99.99))",1.0,100.0,1.0,100.0,1.0,100.0,1.0,100.0,1.0,100.0,1.0,100.0,1.0,100.0,1.0,99.99
1,"(1, np.float64(99.99))","(1, np.float64(99.98))","(1, np.float64(99.77))","(1, np.float64(99.05))","(1, np.float64(97.67))","(0, np.float64(98.36))","(0, np.float64(99.92))","(0, np.float64(98.7))",1.0,99.99,1.0,99.98,1.0,99.77,1.0,99.05,1.0,97.67,0.0,98.36,0.0,99.92,0.0,98.7
0,,,,,,,,,,,,,,,,,,,,,,,,
1,"(1, np.float64(100.0))","(1, np.float64(100.0))","(1, np.float64(100.0))","(1, np.float64(100.0))","(1, np.float64(100.0))","(1, np.float64(100.0))","(1, np.float64(100.0))","(1, np.float64(100.0))",1.0,100.0,1.0,100.0,1.0,100.0,1.0,100.0,1.0,100.0,1.0,100.0,1.0,100.0,1.0,100.0
1,"(1, np.float64(100.0))","(1, np.float64(100.0))","(1, np.float64(100.0))","(1, np.float64(100.0))","(1, np.float64(100.0))","(1, np.float64(73.78))","(1, np.float64(79.83))","(1, np.float64(75.73))",1.0,100.0,1.0,100.0,1.0,100.0,1.0,100.0,1.0,100.0,1.0,73.78,1.0,79.83,1.0,75.73
1,"(1, np.float64(100.0))","(1, np.float64(100.0))","(1, np.float64(100.0))","(1, np.float64(100.0))","(1, np.float64(100.0))","(1, np.float64(81.05))","(1, np.float64(83.22))","(1, np.float64(80.63))",1.0,100.0,1.0,100.0,1.0,100.0,1.0,100.0,1.0,100.0,1.0,81.05,1.0,83.22,1.0,80.63
1,"(1, np.float64(100.0))","(1, np.float64(98.68))","(1, np.float64(99.67))","(1, np.float64(98.67))","(1, np.float64(73.6))","(1, np.float64(81.5))","(1, np.float64(78.54))","(1, np.float64(79.33))",1.0,100.0,1.0,98.68,1.0,99.67,1.0,98.67,1.0,73.6,1.0,81.5,1.0,78.54,1.0,79.33
1,"(1, np.float64(99.96))","(1, np.float64(99.97))","(1, np.float64(99.96))","(1, np.float64(97.4))","(1, np.float64(93.51))","(1, np.float64(98.42))","(1, np.float64(99.8))","(1, np.float64(99.57))",1.0,99.96,1.0,99.97,1.0,99.96,1.0,97.4,1.0,93.51,1.0,98.42,1.0,99.8,1.0,99.57
1,"(1, np.float64(100.0))","(1, np.float64(100.0))","(1, np.float64(100.0))","(1, np.float64(100.0))","(1, np.float64(100.0))","(1, np.float64(100.0))","(1, np.float64(100.0))","(1, np.float64(100.0))",1.0,100.0,1.0,100.0,1.0,100.0,1.0,100.0,1.0,100.0,1.0,100.0,1.0,100.0,1.0,100.0
1,"(0, np.float64(98.49))","(1, np.float64(99.49))","(1, np.float64(96.34))","(1, np.float64(96.5))","(1, np.float64(96.01))","(1, np.float64(96.47))","(1, np.float64(97.57))","(1, np.float64(94.14))",0.0,98.49,1.0,99.49,1.0,96.34,1.0,96.5,1.0,96.01,1.0,96.47,1.0,97.57,1.0,94.14
1,"(0, np.float64(91.32))","(0, np.float64(98.24))","(0, np.float64(89.46))","(0, np.float64(95.53))","(0, np.float64(96.99))","(0, np.float64(92.81))","(0, np.float64(78.24))","(0, np.float64(65.28))",0.0,91.32,0.0,98.24,0.0,89.46,0.0,95.53,0.0,96.99,0.0,92.81,0.0,78.24,0.0,65.28
1,"(1, np.float64(100.0))","(1, np.float64(99.99))","(1, np.float64(99.93))","(1, np.float64(100.0))","(1, np.float64(100.0))","(1, np.float64(100.0))","(1, np.float64(100.0))","(1, np.float64(100.0))",1.0,100.0,1.0,99.99,1.0,99.93,1.0,100.0,1.0,100.0,1.0,100.0,1.0,100.0,1.0,100.0
1,"(1, np.float64(99.99))","(1, np.float64(99.94))","(1, np.float64(99.09))","(1, np.float64(99.99))","(1, np.float64(99.97))","(1, np.float64(98.85))","(1, np.float64(100.0))","(1, np.float64(99.92))",1.0,99.99,1.0,99.94,1.0,99.09,1.0,99.99,1.0,99.97,1.0,98.85,1.0,100.0,1.0,99.92
1,"(0, np.float64(96.96))","(1, np.float64(98.55))","(1, np.float64(98.19))","(0, np.float64(99.29))","(1, np.float64(99.9))","(1, np.float64(97.69))","(1, np.float64(95.67))","(1, np.float64(98.65))",0.0,96.96,1.0,98.55,1.0,98.19,0.0,99.29,1.0,99.9,1.0,97.69,1.0,95.67,1.0,98.65
1,"(1, np.float64(100.0))","(1, np.float64(99.99))","(1, np.float64(99.99))","(1, np.float64(99.99))","(1, np.float64(99.85))","(1, np.float64(99.91))","(1, np.float64(99.98))","(1, np.float64(99.74))",1.0,100.0,1.0,99.99,1.0,99.99,1.0,99.99,1.0,99.85,1.0,99.91,1.0,99.98,1.0,99.74
1,"(0, np.float64(95.78))","(0, np.float64(99.76))","(0, np.float64(96.18))","(1, np.float64(96.89))","(0, np.float64(99.44))","(0, np.float64(99.52))","(0, np.float64(99.69))","(0, np.float64(97.36))",0.0,95.78,0.0,99.76,0.0,96.18,1.0,96.89,0.0,99.44,0.0,99.52,0.0,99.69,0.0,97.36
1,"(1, np.float64(100.0))","(1, np.float64(100.0))","(1, np.float64(100.0))","(1, np.float64(100.0))","(1, np.float64(100.0))","(1, np.float64(100.0))","(1, np.float64(100.0))","(1, np.float64(90.88))",1.0,100.0,1.0,100.0,1.0,100.0,1.0,100.0,1.0,100.0,1.0,100.0,1.0,100.0,1.0,90.88
1,"(1, np.float64(100.0))","(1, np.float64(100.0))","(1, np.float64(100.0))","(1, np.float64(100.0))","(1, np.float64(99.99))","(1, np.float64(100.0))","(1, np.float64(100.0))","(1, np.float64(100.0))",1.0,100.0,1.0,100.0,1.0,100.0,1.0,100.0,1.0,99.99,1.0,100.0,1.0,100.0,1.0,100.0
1,"(1, np.float64(100.0))","(1, np.float64(100.0))","(1, np.float64(100.0))","(1, np.float64(100.0))","(1, np.float64(100.0))","(1, np.float64(100.0))","(1, np.float64(100.0))","(1, np.float64(100.0))",1.0,100.0,1.0,100.0,1.0,100.0,1.0,100.0,1.0,100.0,1.0,100.0,1.0,100.0,1.0,100.0
1,"(0, np.float64(95.83))","(1, np.float64(99.57))","(0, np.float64(94.72))","(1, np.float64(99.97))","(1, np.float64(96.29))","(1, np.float64(97.73))","(1, np.float64(99.9))","(1, np.float64(99.57))",0.0,95.83,1.0,99.57,0.0,94.72,1.0,99.97,1.0,96.29,1.0,97.73,1.0,99.9,1.0,99.57
1,"(1, np.float64(99.98))","(1, np.float64(83.5))","(1, np.float64(82.35))","(1, np.float64(83.43))","(1, np.float64(84.49))","(1, np.float64(82.65))","(1, np.float64(85.88))","(1, np.float64(84.6))",1.0,99.98,1.0,83.5,1.0,82.35,1.0,83.43,1.0,84.49,1.0,82.65,1.0,85.88,1.0,84.6
1,"(1, np.float64(100.0))","(1, np.float64(100.0))","(1, np.float64(100.0))","(1, np.float64(100.0))","(1, np.float64(100.0))","(1, np.float64(100.0))","(1, np.float64(100.0))","(1, np.float64(100.0))",1.0,100.0,1.0,100.0,1.0,100.0,1.0,100.0,1.0,100.0,1.0,100.0,1.0,100.0,1.0,100.0
1,"(1, np.float64(100.0))","(1, np.float64(99.96))","(1, np.float64(99.52))","(1, np.float64(99.87))","(1, np.float64(99.17))","(1, np.float64(99.89))","(1, np.float64(100.0))","(1, np.float64(99.99))",1.0,100.0,1.0,99.96,1.0,99.52,1.0,99.87,1.0,99.17,1.0,99.89,1.0,100.0,1.0,99.99
1,"(1, np.float64(100.0))","(1, np.float64(100.0))","(1, np.float64(100.0))","(1, np.float64(100.0))","(1, np.float64(99.99))","(1, np.float64(100.0))","(1, np.float64(100.0))","(1, np.float64(100.0))",1.0,100.0,1.0,100.0,1.0,100.0,1.0,100.0,1.0,99.99,1.0,100.0,1.0,100.0,1.0,100.0
1,"(0, np.float64(99.01))","(1, np.float64(99.16))","(0, np.float64(97.5))","(1, np.float64(99.68))","(1, np.float64(95.68))","(1, np.float64(99.84))","(1, np.float64(100.0))","(1, np.float64(99.75))",0.0,99.01,1.0,99.16,0.0,97.5,1.0,99.68,1.0,95.68,1.0,99.84,1.0,100.0,1.0,99.75
1,"(1, np.float64(99.53))","(1, np.float64(99.82))","(1, np.float64(99.77))","(1, np.float64(97.18))","(1, np.float64(97.06))","(1, np.float64(99.85))","(1, np.float64(100.0))","(1, np.float64(99.98))",1.0,99.53,1.0,99.82,1.0,99.77,1.0,97.18,1.0,97.06,1.0,99.85,1.0,100.0,1.0,99.98
1,"(1, np.float64(100.0))","(1, np.float64(100.0))","(1, np.float64(100.0))","(1, np.float64(100.0))","(1, np.float64(100.0))","(1, np.float64(100.0))","(1, np.float64(100.0))","(1, np.float64(100.0))",1.0,100.0,1.0,100.0,1.0,100.0,1.0,100.0,1.0,100.0,1.0,100.0,1.0,100.0,1.0,100.0
1,"(1, np.float64(100.0))","(1, np.float64(100.0))","(1, np.float64(100.0))","(1, np.float64(99.95))","(1, np.float64(99.96))","(1, np.float64(100.0))","(1, np.float64(100.0))","(1, np.float64(100.0))",1.0,100.0,1.0,100.0,1.0,100.0,1.0,99.95,1.0,99.96,1.0,100.0,1.0,100.0,1.0,100.0
1,"(1, np.float64(99.93))","(1, np.float64(99.86))","(1, np.float64(99.94))","(1, np.float64(99.91))","(1, np.float64(99.86))","(1, np.float64(99.37))","(1, np.float64(99.86))","(1, np.float64(99.93))",1.0,99.93,1.0,99.86,1.0,99.94,1.0,99.91,1.0,99.86,1.0,99.37,1.0,99.86,1.0,99.93
1,"(1, np.float64(100.0))","(1, np.float64(100.0))","(1, np.float64(100.0))","(1, np.float64(100.0))","(1, np.float64(100.0))","(1, np.float64(100.0))","(1, np.float64(78.77))","(1, np.float64(79.13))",1.0,100.0,1.0,100.0,1.0,100.0,1.0,100.0,1.0,100.0,1.0,100.0,1.0,78.77,1.0,79.13
1,"(1, np.float64(99.99))","(1, np.float64(99.99))","(1, np.float64(99.52))","(1, np.float64(99.94))","(1, np.float64(99.91))","(1, np.float64(98.17))","(1, np.float64(100.0))","(1, np.float64(99.23))",1.0,99.99,1.0,99.99,1.0,99.52,1.0,99.94,1.0,99.91,1.0,98.17,1.0,100.0,1.0,99.23
1,"(1, np.float64(100.0))","(1, np.float64(100.0))","(1, np.float64(100.0))","(1, np.float64(100.0))","(1, np.float64(100.0))","(1, np.float64(100.0))","(1, np.float64(100.0))","(1, np.float64(99.98))",1.0,100.0,1.0,100.0,1.0,100.0,1.0,100.0,1.0,100.0,1.0,100.0,1.0,100.0,1.0,99.98
1,"(1, np.float64(100.0))","(1, np.float64(100.0))","(1, np.float64(100.0))","(1, np.float64(100.0))","(1, np.float64(99.99))","(1, np.float64(99.98))","(1, np.float64(99.99))","(1, np.float64(99.46))",1.0,100.0,1.0,100.0,1.0,100.0,1.0,100.0,1.0,99.99,1.0,99.98,1.0,99.99,1.0,99.46
1,"(1, np.float64(100.0))","(1, np.float64(96.83))","(1, np.float64(99.34))","(1, np.float64(99.34))","(1, np.float64(99.48))","(1, np.float64(98.95))","(1, np.float64(99.93))","(1, np.float64(99.16))",1.0,100.0,1.0,96.83,1.0,99.34,1.0,99.34,1.0,99.48,1.0,98.95,1.0,99.93,1.0,99.16
1,"(1, np.float64(100.0))","(1, np.float64(100.0))","(1, np.float64(100.0))","(1, np.float64(100.0))","(1, np.float64(100.0))","(1, np.float64(100.0))","(1, np.float64(100.0))","(1, np.float64(100.0))",1.0,100.0,1.0,100.0,1.0,100.0,1.0,100.0,1.0,100.0,1.0,100.0,1.0,100.0,1.0,100.0
1,"(1, np.float64(100.0))","(1, np.float64(80.46))","(1, np.float64(78.59))","(1, np.float64(85.61))","(1, np.float64(89.96))","(1, np.float64(83.17))","(1, np.float64(88.73))","(1, np.float64(82.29))",1.0,100.0,1.0,80.46,1.0,78.59,1.0,85.61,1.0,89.96,1.0,83.17,1.0,88.73,1.0,82.29
1,"(1, np.float64(100.0))","(1, np.float64(99.23))","(1, np.float64(83.52))","(1, np.float64(77.82))","(1, np.float64(81.28))","(1, np.float64(81.01))","(1, np.float64(90.71))","(1, np.float64(84.32))",1.0,100.0,1.0,99.23,1.0,83.52,1.0,77.82,1.0,81.28,1.0,81.01,1.0,90.71,1.0,84.32
1,"(1, np.float64(100.0))","(1, np.float64(100.0))","(1, np.float64(100.0))","(1, np.float64(100.0))","(1, np.float64(100.0))","(1, np.float64(100.0))","(1, np.float64(100.0))","(1, np.float64(100.0))",1.0,100.0,1.0,100.0,1.0,100.0,1.0,100.0,1.0,100.0,1.0,100.0,1.0,100.0,1.0,100.0
1,"(1, np.float64(100.0))","(1, np.float64(100.0))","(1, np.float64(100.0))","(1, np.float64(100.0))","(1, np.float64(100.0))","(1, np.float64(100.0))","(1, np.float64(100.0))","(1, np.float64(100.0))",1.0,100.0,1.0,100.0,1.0,100.0,1.0,100.0,1.0,100.0,1.0,100.0,1.0,100.0,1.0,100.0
1,"(1, np.float64(99.99))","(1, np.float64(99.94))","(1, np.float64(100.0))","(1, np.float64(100.0))","(1, np.float64(100.0))","(1, np.float64(99.99))","(1, np.float64(99.99))","(1, np.float64(99.99))",1.0,99.99,1.0,99.94,1.0,100.0,1.0,100.0,1.0,100.0,1.0,99.99,1.0,99.99,1.0,99.99
1,"(1, np.float64(100.0))","(1, np.float64(100.0))","(1, np.float64(100.0))","(1, np.float64(100.0))","(1, np.float64(100.0))","(1, np.float64(100.0))","(1, np.float64(100.0))","(1, np.float64(100.0))",1.0,100.0,1.0,100.0,1.0,100.0,1.0,100.0,1.0,100.0,1.0,100.0,1.0,100.0,1.0,100.0
1,"(1, np.float64(100.0))","(1, np.float64(100.0))","(1, np.float64(100.0))","(1, np.float64(100.0))","(1, np.float64(100.0))","(1, np.float64(100.0))","(1, np.float64(100.0))","(1, np.float64(100.0))",1.0,100.0,1.0,100.0,1.0,100.0,1.0,100.0,1.0,100.0,1.0,100.0,1.0,100.0,1.0,100.0
1,"(1, np.float64(100.0))","(1, np.float64(100.0))","(1, np.float64(100.0))","(1, np.float64(100.0))","(1, np.float64(100.0))","(1, np.float64(100.0))","(1, np.float64(100.0))","(1, np.float64(100.0))",1.0,100.0,1.0,100.0,1.0,100.0,1.0,100.0,1.0,100.0,1.0,100.0,1.0,100.0,1.0,100.0
1,"(1, np.float64(100.0))","(1, np.float64(100.0))","(1, np.float64(100.0))","(1, np.float64(100.0))","(1, np.float64(100.0))","(1, np.float64(100.0))","(1, np.float64(100.0))","(1, np.float64(100.0))",1.0,100.0,1.0,100.0,1.0,100.0,1.0,100.0,1.0,100.0,1.0,100.0,1.0,100.0,1.0,100.0
1,"(1, np.float64(100.0))","(1, np.float64(100.0))","(1, np.float64(100.0))","(1, np.float64(100.0))","(1, np.float64(100.0))","(1, np.float64(99.44))","(1, np.float64(100.0))","(1, np.float64(100.0))",1.0,100.0,1.0,100.0,1.0,100.0,1.0,100.0,1.0,100.0,1.0,99.44,1.0,100.0,1.0,100.0
1,"(1, np.float64(100.0))","(1, np.float64(100.0))","(1, np.float64(100.0))","(1, np.float64(100.0))","(1, np.float64(100.0))","(1, np.float64(100.0))","(1, np.float64(100.0))","(1, np.float64(100.0))",1.0,100.0,1.0,100.0,1.0,100.0,1.0,100.0,1.0,100.0,1.0,100.0,1.0,100.0,1.0,100.0
1,"(1, np.float64(100.0))","(1, np.float64(100.0))","(1, np.float64(100.0))","(1, np.float64(100.0))","(1, np.float64(100.0))","(1, np.float64(87.97))","(1, np.float64(87.5))","(1, np.float64(87.57))",1.0,100.0,1.0,100.0,1.0,100.0,1.0,100.0,1.0,100.0,1.0,87.97,1.0,87.5,1.0,87.57
1,"(1, np.float64(100.0))","(1, np.float64(100.0))","(1, np.float64(100.0))","(1, np.float64(99.89))","(1, np.float64(100.0))","(1, np.float64(99.77))","(1, np.float64(100.0))","(1, np.float64(99.98))",1.0,100.0,1.0,100.0,1.0,100.0,1.0,99.89,1.0,100.0,1.0,99.77,1.0,100.0,1.0,99.98
0,,,,,,,,,,,,,,,,,,,,,,,,
1,"(1, np.float64(99.91))","(1, np.float64(99.88))","(1, np.float64(99.85))","(1, np.float64(99.46))","(1, np.float64(98.7))","(1, np.float64(98.92))","(1, np.float64(99.73))","(1, np.float64(99.7))",1.0,99.91,1.0,99.88,1.0,99.85,1.0,99.46,1.0,98.7,1.0,98.92,1.0,99.73,1.0,99.7
1,"(1, np.float64(99.44))","(1, np.float64(99.76))","(1, np.float64(99.28))","(1, np.float64(96.18))","(0, np.float64(96.12))","(1, np.float64(99.79))","(1, np.float64(99.97))","(1, np.float64(99.79))",1.0,99.44,1.0,99.76,1.0,99.28,1.0,96.18,0.0,96.12,1.0,99.79,1.0,99.97,1.0,99.79
1,"(1, np.float64(100.0))","(1, np.float64(100.0))","(1, np.float64(100.0))","(1, np.float64(99.99))","(1, np.float64(99.99))","(1, np.float64(76.21))","(1, np.float64(82.07))","(1, np.float64(80.69))",1.0,100.0,1.0,100.0,1.0,100.0,1.0,99.99,1.0,99.99,1.0,76.21,1.0,82.07,1.0,80.69
0,,,,,,,,,,,,,,,,,,,,,,,,
1,"(1, np.float64(100.0))","(1, np.float64(99.94))","(1, np.float64(99.3))","(1, np.float64(98.94))","(1, np.float64(95.3))","(0, np.float64(95.73))","(1, np.float64(96.49))","(1, np.float64(99.16))",1.0,100.0,1.0,99.94,1.0,99.3,1.0,98.94,1.0,95.3,0.0,95.73,1.0,96.49,1.0,99.16
1,"(1, np.float64(99.98))","(1, np.float64(100.0))","(1, np.float64(99.99))","(1, np.float64(99.93))","(1, np.float64(99.8))","(1, np.float64(100.0))","(1, np.float64(100.0))","(1, np.float64(100.0))",1.0,99.98,1.0,100.0,1.0,99.99,1.0,99.93,1.0,99.8,1.0,100.0,1.0,100.0,1.0,100.0
1,"(0, np.float64(94.78))","(0, np.float64(99.23))","(1, np.float64(97.53))","(0, np.float64(98.02))","(1, np.float64(97.53))","(1, np.float64(100.0))","(1, np.float64(98.24))","(1, np.float64(96.58))",0.0,94.78,0.0,99.23,1.0,97.53,0.0,98.02,1.0,97.53,1.0,100.0,1.0,98.24,1.0,96.58
1,"(1, np.float64(100.0))","(1, np.float64(100.0))","(1, np.float64(100.0))","(1, np.float64(100.0))","(1, np.float64(100.0))","(1, np.float64(100.0))","(1, np.float64(100.0))","(1, np.float64(100.0))",1.0,100.0,1.0,100.0,1.0,100.0,1.0,100.0,1.0,100.0,1.0,100.0,1.0,100.0,1.0,100.0
0,,,,,,,,,,,,,,,,,,,,,,,,
1,"(1, np.float64(100.0))","(1, np.float64(100.0))","(1, np.float64(100.0))","(1, np.float64(100.0))","(1, np.float64(100.0))","(1, np.float64(100.0))","(1, np.float64(100.0))","(1, np.float64(100.0))",1.0,100.0,1.0,100.0,1.0,100.0,1.0,100.0,1.0,100.0,1.0,100.0,1.0,100.0,1.0,100.0
1,"(1, np.float64(100.0))","(1, np.float64(100.0))","(1, np.float64(100.0))","(1, np.float64(100.0))","(1, np.float64(100.0))","(1, np.float64(100.0))","(1, np.float64(100.0))","(1, np.float64(100.0))",1.0,100.0,1.0,100.0,1.0,100.0,1.0,100.0,1.0,100.0,1.0,100.0,1.0,100.0,1.0,100.0
1,"(1, np.float64(100.0))","(1, np.float64(100.0))","(1, np.float64(100.0))","(1, np.float64(100.0))","(1, np.float64(100.0))","(1, np.float64(100.0))","(1, np.float64(100.0))","(1, np.float64(100.0))",1.0,100.0,1.0,100.0,1.0,100.0,1.0,100.0,1.0,100.0,1.0,100.0,1.0,100.0,1.0,100.0
1,"(1, np.float64(100.0))","(1, np.float64(99.96))","(1, np.float64(99.9))","(1, np.float64(99.98))","(1, np.float64(99.56))","(1, np.float64(99.09))","(1, np.float64(99.79))","(1, np.float64(99.73))",1.0,100.0,1.0,99.96,1.0,99.9,1.0,99.98,1.0,99.56,1.0,99.09,1.0,99.79,1.0,99.73
1,"(1, np.float64(100.0))","(1, np.float64(100.0))","(1, np.float64(100.0))","(1, np.float64(100.0))","(1, np.float64(81.07))","(1, np.float64(87.62))","(1, np.float64(84.07))","(1, np.float64(84.13))",1.0,100.0,1.0,100.0,1.0,100.0,1.0,100.0,1.0,81.07,1.0,87.62,1.0,84.07,1.0,84.13
1,"(1, np.float64(100.0))","(1, np.float64(99.82))","(1, np.float64(99.63))","(1, np.float64(99.77))","(1, np.float64(96.41))","(1, np.float64(99.88))","(1, np.float64(99.77))","(1, np.float64(99.81))",1.0,100.0,1.0,99.82,1.0,99.63,1.0,99.77,1.0,96.41,1.0,99.88,1.0,99.77,1.0,99.81
0,,,,,,,,,,,,,,,,,,,,,,,,
1,"(1, np.float64(100.0))","(1, np.float64(100.0))","(1, np.float64(100.0))","(1, np.float64(99.99))","(1, np.float64(99.99))","(1, np.float64(100.0))","(1, np.float64(100.0))","(1, np.float64(100.0))",1.0,100.0,1.0,100.0,1.0,100.0,1.0,99.99,1.0,99.99,1.0,100.0,1.0,100.0,1.0,100.0
1,"(1, np.float64(100.0))","(1, np.float64(100.0))","(1, np.float64(83.96))","(1, np.float64(82.46))","(1, np.float64(87.85))","(1, np.float64(79.85))","(1, np.float64(84.03))","(1, np.float64(80.24))",1.0,100.0,1.0,100.0,1.0,83.96,1.0,82.46,1.0,87.85,1.0,79.85,1.0,84.03,1.0,80.24
1,"(1, np.float64(100.0))","(1, np.float64(100.0))","(1, np.float64(100.0))","(1, np.float64(100.0))","(1, np.float64(100.0))","(1, np.float64(100.0))","(1, np.float64(100.0))","(1, np.float64(100.0))",1.0,100.0,1.0,100.0,1.0,100.0,1.0,100.0,1.0,100.0,1.0,100.0,1.0,100.0,1.0,100.0
1,"(1, np.float64(99.96))","(1, np.float64(99.96))","(1, np.float64(73.95))","(1, np.float64(72.0))","(1, np.float64(84.79))","(1, np.float64(86.82))","(1, np.float64(76.57))","(1, np.float64(68.55))",1.0,99.96,1.0,99.96,1.0,73.95,1.0,72.0,1.0,84.79,1.0,86.82,1.0,76.57,1.0,68.55
1,"(1, np.float64(100.0))","(1, np.float64(100.0))","(1, np.float64(100.0))","(1, np.float64(100.0))","(1, np.float64(100.0))","(1, np.float64(100.0))","(1, np.float64(100.0))","(1, np.float64(100.0))",1.0,100.0,1.0,100.0,1.0,100.0,1.0,100.0,1.0,100.0,1.0,100.0,1.0,100.0,1.0,100.0
1,"(0, np.float64(95.94))","(0, np.float64(92.71))","(1, np.float64(98.62))","(0, np.float64(98.38))","(0, np.float64(95.26))","(0, np.float64(98.18))","(0, np.float64(99.83))","(0, np.float64(91.66))",0.0,95.94,0.0,92.71,1.0,98.62,0.0,98.38,0.0,95.26,0.0,98.18,0.0,99.83,0.0,91.66
1,"(1, np.float64(100.0))","(1, np.float64(100.0))","(1, np.float64(100.0))","(1, np.float64(100.0))","(1, np.float64(100.0))","(1, np.float64(99.81))","(1, np.float64(100.0))","(1, np.float64(100.0))",1.0,100.0,1.0,100.0,1.0,100.0,1.0,100.0,1.0,100.0,1.0,99.81,1.0,100.0,1.0,100.0
1,"(1, np.float64(100.0))","(1, np.float64(100.0))","(1, np.float64(100.0))","(1, np.float64(100.0))","(1, np.float64(100.0))","(1, np.float64(100.0))","(1, np.float64(100.0))","(1, np.float64(100.0))",1.0,100.0,1.0,100.0,1.0,100.0,1.0,100.0,1.0,100.0,1.0,100.0,1.0,100.0,1.0,100.0
1,"(1, np.float64(99.7))","(1, np.float64(99.74))","(1, np.float64(99.82))","(1, np.float64(99.59))","(1, np.float64(98.99))","(1, np.float64(99.96))","(1, np.float64(99.99))","(1, np.float64(99.94))",1.0,99.7,1.0,99.74,1.0,99.82,1.0,99.59,1.0,98.99,1.0,99.96,1.0,99.99,1.0,99.94
1,"(1, np.float64(99.52))","(1, np.float64(99.23))","(0, np.float64(97.33))","(1, np.float64(98.73))","(0, np.float64(91.85))","(1, np.float64(99.12))","(0, np.float64(95.12))","(1, np.float64(97.46))",1.0,99.52,1.0,99.23,0.0,97.33,1.0,98.73,0.0,91.85,1.0,99.12,0.0,95.12,1.0,97.46
0,,,,,,,,,,,,,,,,,,,,,,,,
1,"(1, np.float64(100.0))","(1, np.float64(100.0))","(1, np.float64(100.0))","(1, np.float64(100.0))","(1, np.float64(100.0))","(1, np.float64(100.0))","(1, np.float64(100.0))","(1, np.float64(100.0))",1.0,100.0,1.0,100.0,1.0,100.0,1.0,100.0,1.0,100.0,1.0,100.0,1.0,100.0,1.0,100.0
1,"(1, np.float64(99.91))","(1, np.float64(99.89))","(1, np.float64(99.71))","(1, np.float64(98.17))","(0, np.float64(95.54))","(1, np.float64(98.82))","(1, np.float64(99.98))","(1, np.float64(99.93))",1.0,99.91,1.0,99.89,1.0,99.71,1.0,98.17,0.0,95.54,1.0,98.82,1.0,99.98,1.0,99.93
1,"(1, np.float64(100.0))","(1, np.float64(100.0))","(1, np.float64(100.0))","(1, np.float64(100.0))","(1, np.float64(100.0))","(1, np.float64(100.0))","(1, np.float64(100.0))","(1, np.float64(99.99))",1.0,100.0,1.0,100.0,1.0,100.0,1.0,100.0,1.0,100.0,1.0,100.0,1.0,100.0,1.0,99.99
1,"(1, np.float64(99.87))","(1, np.float64(99.84))","(1, np.float64(99.66))","(1, np.float64(99.45))","(1, np.float64(99.45))","(1, np.float64(100.0))","(1, np.float64(100.0))","(1, np.float64(99.99))",1.0,99.87,1.0,99.84,1.0,99.66,1.0,99.45,1.0,99.45,1.0,100.0,1.0,100.0,1.0,99.99
1,"(1, np.float64(96.41))","(1, np.float64(99.82))","(1, np.float64(99.43))","(0, np.float64(96.45))","(1, np.float64(99.96))","(1, np.float64(98.87))","(1, np.float64(99.99))","(1, np.float64(99.94))",1.0,96.41,1.0,99.82,1.0,99.43,0.0,96.45,1.0,99.96,1.0,98.87,1.0,99.99,1.0,99.94
0,,,,,,,,,,,,,,,,,,,,,,,,
1,"(0, np.float64(94.71))","(0, np.float64(97.41))","(1, np.float64(99.37))","(0, np.float64(98.2))","(1, np.float64(98.84))","(0, np.float64(95.07))","(1, np.float64(99.86))","(1, np.float64(97.79))",0.0,94.71,0.0,97.41,1.0,99.37,0.0,98.2,1.0,98.84,0.0,95.07,1.0,99.86,1.0,97.79
1,"(1, np.float64(100.0))","(1, np.float64(85.37))","(1, np.float64(78.59))","(1, np.float64(81.84))","(1, np.float64(84.15))","(1, np.float64(84.45))","(1, np.float64(85.26))","(1, np.float64(81.62))",1.0,100.0,1.0,85.37,1.0,78.59,1.0,81.84,1.0,84.15,1.0,84.45,1.0,85.26,1.0,81.62
1,"(1, np.float64(99.96))","(1, np.float64(99.99))","(1, np.float64(99.99))","(1, np.float64(99.36))","(1, np.float64(96.17))","(0, np.float64(96.54))","(1, np.float64(96.18))","(1, np.float64(99.81))",1.0,99.96,1.0,99.99,1.0,99.99,1.0,99.36,1.0,96.17,0.0,96.54,1.0,96.18,1.0,99.81
1,"(1, np.float64(100.0))","(1, np.float64(100.0))","(1, np.float64(100.0))","(1, np.float64(100.0))","(1, np.float64(100.0))","(1, np.float64(100.0))","(1, np.float64(100.0))","(1, np.float64(100.0))",1.0,100.0,1.0,100.0,1.0,100.0,1.0,100.0,1.0,100.0,1.0,100.0,1.0,100.0,1.0,100.0
1,"(1, np.float64(98.14))","(1, np.float64(99.81))","(1, np.float64(97.14))","(0, np.float64(99.11))","(1, np.float64(98.51))","(1, np.float64(100.0))","(1, np.float64(100.0))","(1, np.float64(99.06))",1.0,98.14,1.0,99.81,1.0,97.14,0.0,99.11,1.0,98.51,1.0,100.0,1.0,100.0,1.0,99.06
0,,,,,,,,,,,,,,,,,,,,,,,,
1,"(1, np.float64(98.41))","(1, np.float64(99.47))","(1, np.float64(98.8))","(1, np.float64(98.84))","(1, np.float64(94.65))","(1, np.float64(93.59))","(1, np.float64(76.32))","(1, np.float64(74.95))",1.0,98.41,1.0,99.47,1.0,98.8,1.0,98.84,1.0,94.65,1.0,93.59,1.0,76.32,1.0,74.95
1,"(1, np.float64(94.52))","(0, np.float64(96.95))","(1, np.float64(98.55))","(0, np.float64(98.4))","(0, np.float64(99.58))","(0, np.float64(99.86))","(0, np.float64(99.96))","(0, np.float64(99.74))",1.0,94.52,0.0,96.95,1.0,98.55,0.0,98.4,0.0,99.58,0.0,99.86,0.0,99.96,0.0,99.74
1,"(0, np.float64(96.92))","(0, np.float64(95.35))","(1, np.float64(99.32))","(0, np.float64(94.87))","(1, np.float64(99.63))","(1, np.float64(95.67))","(1, np.float64(98.77))","(1, np.float64(98.45))",0.0,96.92,0.0,95.35,1.0,99.32,0.0,94.87,1.0,99.63,1.0,95.67,1.0,98.77,1.0,98.45
1,"(1, np.float64(100.0))","(1, np.float64(100.0))","(1, np.float64(100.0))","(1, np.float64(100.0))","(1, np.float64(100.0))","(1, np.float64(100.0))","(1, np.float64(100.0))","(1, np.float64(100.0))",1.0,100.0,1.0,100.0,1.0,100.0,1.0,100.0,1.0,100.0,1.0,100.0,1.0,100.0,1.0,100.0
1,"(1, np.float64(100.0))","(1, np.float64(100.0))","(1, np.float64(100.0))","(1, np.float64(100.0))","(1, np.float64(100.0))","(1, np.float64(100.0))","(1, np.float64(100.0))","(1, np.float64(100.0))",1.0,100.0,1.0,100.0,1.0,100.0,1.0,100.0,1.0,100.0,1.0,100.0,1.0,100.0,1.0,100.0
1,"(1, np.float64(100.0))","(1, np.float64(77.82))","(1, np.float64(75.12))","(1, np.float64(78.31))","(1, np.float64(81.63))","(1, np.float64(74.74))","(1, np.float64(80.61))","(1, np.float64(80.14))",1.0,100.0,1.0,77.82,1.0,75.12,1.0,78.31,1.0,81.63,1.0,74.74,1.0,80.61,1.0,80.14
1,"(1, np.float64(100.0))","(1, np.float64(99.99))","(1, np.float64(99.86))","(1, np.float64(99.99))","(1, np.float64(99.23))","(1, np.float64(99.03))","(1, np.float64(100.0))","(1, np.float64(100.0))",1.0,100.0,1.0,99.99,1.0,99.86,1.0,99.99,1.0,99.23,1.0,99.03,1.0,100.0,1.0,100.0
1,"(1, np.float64(100.0))","(1, np.float64(99.93))","(1, np.float64(99.99))","(1, np.float64(100.0))","(1, np.float64(99.76))","(1, np.float64(99.97))","(1, np.float64(100.0))","(1, np.float64(99.37))",1.0,100.0,1.0,99.93,1.0,99.99,1.0,100.0,1.0,99.76,1.0,99.97,1.0,100.0,1.0,99.37
1,"(1, np.float64(100.0))","(1, np.float64(100.0))","(1, np.float64(100.0))","(1, np.float64(100.0))","(1, np.float64(99.99))","(1, np.float64(100.0))","(1, np.float64(100.0))","(1, np.float64(100.0))",1.0,100.0,1.0,100.0,1.0,100.0,1.0,100.0,1.0,99.99,1.0,100.0,1.0,100.0,1.0,100.0
1,"(1, np.float64(99.99))","(1, np.float64(99.99))","(1, np.float64(99.92))","(1, np.float64(99.8))","(1, np.float64(98.59))","(1, np.float64(99.99))","(1, np.float64(100.0))","(1, np.float64(99.94))",1.0,99.99,1.0,99.99,1.0,99.92,1.0,99.8,1.0,98.59,1.0,99.99,1.0,100.0,1.0,99.94
1,"(1, np.float64(100.0))","(1, np.float64(100.0))","(1, np.float64(100.0))","(1, np.float64(100.0))","(1, np.float64(100.0))","(1, np.float64(100.0))","(1, np.float64(100.0))","(1, np.float64(100.0))",1.0,100.0,1.0,100.0,1.0,100.0,1.0,100.0,1.0,100.0,1.0,100.0,1.0,100.0,1.0,100.0
1,"(1, np.float64(100.0))","(1, np.float64(100.0))","(1, np.float64(100.0))","(1, np.float64(99.98))","(1, np.float64(99.83))","(1, np.float64(100.0))","(1, np.float64(100.0))","(1, np.float64(79.77))",1.0,100.0,1.0,100.0,1.0,100.0,1.0,99.98,1.0,99.83,1.0,100.0,1.0,100.0,1.0,79.77
1,"(1, np.float64(100.0))","(1, np.float64(100.0))","(1, np.float64(100.0))","(1, np.float64(100.0))","(1, np.float64(99.99))","(1, np.float64(100.0))","(1, np.float64(99.99))","(1, np.float64(100.0))",1.0,100.0,1.0,100.0,1.0,100.0,1.0,100.0,1.0,99.99,1.0,100.0,1.0,99.99,1.0,100.0
1,"(1, np.float64(99.99))","(1, np.float64(99.99))","(1, np.float64(99.99))","(1, np.float64(99.82))","(1, np.float64(99.89))","(1, np.float64(100.0))","(1, np.float64(100.0))","(1, np.float64(100.0))",1.0,99.99,1.0,99.99,1.0,99.99,1.0,99.82,1.0,99.89,1.0,100.0,1.0,100.0,1.0,100.0
0,,,,,,,,,,,,,,,,,,,,,,,,
1,"(1, np.float64(100.0))","(1, np.float64(100.0))","(1, np.float64(100.0))","(1, np.float64(100.0))","(1, np.float64(100.0))","(1, np.float64(100.0))","(1, np.float64(100.0))","(1, np.float64(100.0))",1.0,100.0,1.0,100.0,1.0,100.0,1.0,100.0,1.0,100.0,1.0,100.0,1.0,100.0,1.0,100.0
0,,,,,,,,,,,,,,,,,,,,,,,,
1,"(1, np.float64(100.0))","(1, np.float64(100.0))","(1, np.float64(100.0))","(1, np.float64(100.0))","(1, np.float64(100.0))","(1, np.float64(99.99))","(1, np.float64(100.0))","(1, np.float64(100.0))",1.0,100.0,1.0,100.0,1.0,100.0,1.0,100.0,1.0,100.0,1.0,99.99,1.0,100.0,1.0,100.0
1,"(1, np.float64(99.98))","(1, np.float64(99.99))","(1, np.float64(99.99))","(1, np.float64(99.76))","(1, np.float64(99.03))","(1, np.float64(99.7))","(1, np.float64(99.86))","(1, np.float64(99.97))",1.0,99.98,1.0,99.99,1.0,99.99,1.0,99.76,1.0,99.03,1.0,99.7,1.0,99.86,1.0,99.97
1,"(1, np.float64(100.0))","(1, np.float64(100.0))","(1, np.float64(99.97))","(1, np.float64(99.9))","(1, np.float64(99.8))","(1, np.float64(100.0))","(1, np.float64(99.99))","(1, np.float64(99.85))",1.0,100.0,1.0,100.0,1.0,99.97,1.0,99.9,1.0,99.8,1.0,100.0,1.0,99.99,1.0,99.85
1,"(1, np.float64(99.71))","(1, np.float64(97.82))","(1, np.float64(94.73))","(1, np.float64(91.94))","(0, np.float64(93.53))","(1, np.float64(98.7))","(1, np.float64(99.99))","(1, np.float64(99.42))",1.0,99.71,1.0,97.82,1.0,94.73,1.0,91.94,0.0,93.53,1.0,98.7,1.0,99.99,1.0,99.42
0,,,,,,,,,,,,,,,,,,,,,,,,
1,"(1, np.float64(100.0))","(1, np.float64(99.97))","(1, np.float64(99.98))","(1, np.float64(99.96))","(1, np.float64(99.9))","(1, np.float64(99.98))","(1, np.float64(99.99))","(1, np.float64(99.99))",1.0,100.0,1.0,99.97,1.0,99.98,1.0,99.96,1.0,99.9,1.0,99.98,1.0,99.99,1.0,99.99
1,"(1, np.float64(100.0))","(1, np.float64(100.0))","(1, np.float64(99.9))","(1, np.float64(100.0))","(1, np.float64(100.0))","(1, np.float64(100.0))","(1, np.float64(100.0))","(1, np.float64(99.99))",1.0,100.0,1.0,100.0,1.0,99.9,1.0,100.0,1.0,100.0,1.0,100.0,1.0,100.0,1.0,99.99
1,"(1, np.float64(99.81))","(1, np.float64(99.98))","(1, np.float64(99.88))","(1, np.float64(99.88))","(1, np.float64(77.36))","(1, np.float64(77.3))","(1, np.float64(79.75))","(1, np.float64(70.36))",1.0,99.81,1.0,99.98,1.0,99.88,1.0,99.88,1.0,77.36,1.0,77.3,1.0,79.75,1.0,70.36
1,"(1, np.float64(100.0))","(1, np.float64(100.0))","(1, np.float64(100.0))","(1, np.float64(100.0))","(1, np.float64(100.0))","(1, np.float64(100.0))","(1, np.float64(100.0))","(1, np.float64(100.0))",1.0,100.0,1.0,100.0,1.0,100.0,1.0,100.0,1.0,100.0,1.0,100.0,1.0,100.0,1.0,100.0
1,"(1, np.float64(100.0))","(1, np.float64(100.0))","(1, np.float64(99.97))","(1, np.float64(99.73))","(1, np.float64(99.86))","(1, np.float64(99.35))","(1, np.float64(100.0))","(1, np.float64(99.63))",1.0,100.0,1.0,100.0,1.0,99.97,1.0,99.73,1.0,99.86,1.0,99.35,1.0,100.0,1.0,99.63
1,"(0, np.float64(96.49))","(1, np.float64(100.0))","(1, np.float64(99.99))","(1, np.float64(99.86))","(1, np.float64(98.08))","(1, np.float64(99.96))","(1, np.float64(100.0))","(1, np.float64(99.84))",0.0,96.49,1.0,100.0,1.0,99.99,1.0,99.86,1.0,98.08,1.0,99.96,1.0,100.0,1.0,99.84
1,"(1, np.float64(100.0))","(1, np.float64(100.0))","(1, np.float64(100.0))","(1, np.float64(99.96))","(1, np.float64(99.96))","(1, np.float64(100.0))","(1, np.float64(100.0))","(1, np.float64(100.0))",1.0,100.0,1.0,100.0,1.0,100.0,1.0,99.96,1.0,99.96,1.0,100.0,1.0,100.0,1.0,100.0
1,"(1, np.float64(99.52))","(1, np.float64(95.53))","(0, np.float64(95.18))","(0, np.float64(97.2))","(1, np.float64(99.97))","(1, np.float64(98.57))","(1, np.float64(99.92))","(1, np.float64(99.7))",1.0,99.52,1.0,95.53,0.0,95.18,0.0,97.2,1.0,99.97,1.0,98.57,1.0,99.92,1.0,99.7
1,"(1, np.float64(100.0))","(1, np.float64(99.95))","(1, np.float64(99.99))","(1, np.float64(100.0))","(1, np.float64(100.0))","(1, np.float64(99.59))","(1, np.float64(100.0))","(1, np.float64(100.0))",1.0,100.0,1.0,99.95,1.0,99.99,1.0,100.0,1.0,100.0,1.0,99.59,1.0,100.0,1.0,100.0
1,"(1, np.float64(100.0))","(1, np.float64(97.97))","(1, np.float64(99.9))","(1, np.float64(99.91))","(1, np.float64(99.36))","(1, np.float64(98.66))","(1, np.float64(98.96))","(1, np.float64(97.44))",1.0,100.0,1.0,97.97,1.0,99.9,1.0,99.91,1.0,99.36,1.0,98.66,1.0,98.96,1.0,97.44
1,"(1, np.float64(100.0))","(1, np.float64(100.0))","(1, np.float64(100.0))","(1, np.float64(100.0))","(1, np.float64(100.0))","(1, np.float64(100.0))","(1, np.float64(100.0))","(1, np.float64(100.0))",1.0,100.0,1.0,100.0,1.0,100.0,1.0,100.0,1.0,100.0,1.0,100.0,1.0,100.0,1.0,100.0
1,"(1, np.float64(100.0))","(1, np.float64(100.0))","(1, np.float64(100.0))","(1, np.float64(100.0))","(1, np.float64(100.0))","(1, np.float64(100.0))","(1, np.float64(100.0))","(1, np.float64(100.0))",1.0,100.0,1.0,100.0,1.0,100.0,1.0,100.0,1.0,100.0,1.0,100.0,1.0,100.0,1.0,100.0
1,"(1, np.float64(100.0))","(1, np.float64(99.99))","(1, np.float64(100.0))","(1, np.float64(99.97))","(1, np.float64(99.53))","(1, np.float64(98.39))","(1, np.float64(99.99))","(1, np.float64(99.55))",1.0,100.0,1.0,99.99,1.0,100.0,1.0,99.97,1.0,99.53,1.0,98.39,1.0,99.99,1.0,99.55
1,"(1, np.float64(100.0))","(1, np.float64(100.0))","(1, np.float64(100.0))","(1, np.float64(99.97))","(1, np.float64(99.87))","(1, np.float64(99.71))","(1, np.float64(100.0))","(1, np.float64(100.0))",1.0,100.0,1.0,100.0,1.0,100.0,1.0,99.97,1.0,99.87,1.0,99.71,1.0,100.0,1.0,100.0
1,"(1, np.float64(100.0))","(1, np.float64(100.0))","(1, np.float64(100.0))","(1, np.float64(100.0))","(1, np.float64(100.0))","(1, np.float64(100.0))","(1, np.float64(100.0))","(1, np.float64(100.0))",1.0,100.0,1.0,100.0,1.0,100.0,1.0,100.0,1.0,100.0,1.0,100.0,1.0,100.0,1.0,100.0
1,"(1, np.float64(100.0))","(1, np.float64(100.0))","(1, np.float64(100.0))","(1, np.float64(100.0))","(1, np.float64(100.0))","(1, np.float64(78.47))","(1, np.float64(82.43))","(1, np.float64(80.72))",1.0,100.0,1.0,100.0,1.0,100.0,1.0,100.0,1.0,100.0,1.0,78.47,1.0,82.43,1.0,80.72
1,"(1, np.float64(100.0))","(1, np.float64(100.0))","(1, np.float64(77.3))","(1, np.float64(74.8))","(1, np.float64(77.9))","(1, np.float64(84.27))","(1, np.float64(79.07))","(1, np.float64(84.24))",1.0,100.0,1.0,100.0,1.0,77.3,1.0,74.8,1.0,77.9,1.0,84.27,1.0,79.07,1.0,84.24
0,,,,,,,,,,,,,,,,,,,,,,,,
1,"(0, np.float64(99.11))","(0, np.float64(96.15))","(0, np.float64(93.66))","(1, np.float64(99.71))","(0, np.float64(94.65))","(0, np.float64(96.17))","(0, np.float64(98.45))","(0, np.float64(96.56))",0.0,99.11,0.0,96.15,0.0,93.66,1.0,99.71,0.0,94.65,0.0,96.17,0.0,98.45,0.0,96.56
1,"(1, np.float64(99.95))","(1, np.float64(99.99))","(1, np.float64(99.99))","(1, np.float64(99.98))","(1, np.float64(99.98))","(1, np.float64(99.99))","(1, np.float64(100.0))","(1, np.float64(100.0))",1.0,99.95,1.0,99.99,1.0,99.99,1.0,99.98,1.0,99.98,1.0,99.99,1.0,100.0,1.0,100.0
1,"(1, np.float64(96.92))","(1, np.float64(99.31))","(0, np.float64(98.43))","(1, np.float64(99.97))","(1, np.float64(95.79))","(1, np.float64(93.21))","(1, np.float64(99.88))","(1, np.float64(98.02))",1.0,96.92,1.0,99.31,0.0,98.43,1.0,99.97,1.0,95.79,1.0,93.21,1.0,99.88,1.0,98.02
1,"(1, np.float64(100.0))","(1, np.float64(100.0))","(1, np.float64(100.0))","(1, np.float64(100.0))","(1, np.float64(100.0))","(1, np.float64(100.0))","(1, np.float64(100.0))","(1, np.float64(100.0))",1.0,100.0,1.0,100.0,1.0,100.0,1.0,100.0,1.0,100.0,1.0,100.0,1.0,100.0,1.0,100.0
1,"(1, np.float64(99.99))","(1, np.float64(100.0))","(1, np.float64(100.0))","(1, np.float64(99.99))","(1, np.float64(99.98))","(1, np.float64(100.0))","(1, np.float64(100.0))","(1, np.float64(100.0))",1.0,99.99,1.0,100.0,1.0,100.0,1.0,99.99,1.0,99.98,1.0,100.0,1.0,100.0,1.0,100.0
1,"(1, np.float64(100.0))","(1, np.float64(100.0))","(1, np.float64(100.0))","(1, np.float64(100.0))","(1, np.float64(100.0))","(1, np.float64(100.0))","(1, np.float64(100.0))","(1, np.float64(100.0))",1.0,100.0,1.0,100.0,1.0,100.0,1.0,100.0,1.0,100.0,1.0,100.0,1.0,100.0,1.0,100.0
1,"(1, np.float64(100.0))","(1, np.float64(99.98))","(1, np.float64(100.0))","(1, np.float64(100.0))","(1, np.float64(99.99))","(1, np.float64(99.98))","(1, np.float64(99.99))","(1, np.float64(99.99))",1.0,100.0,1.0,99.98,1.0,100.0,1.0,100.0,1.0,99.99,1.0,99.98,1.0,99.99,1.0,99.99
0,,,,,,,,,,,,,,,,,,,,,,,,
1,"(1, np.float64(100.0))","(1, np.float64(100.0))","(1, np.float64(100.0))","(1, np.float64(100.0))","(1, np.float64(99.99))","(1, np.float64(100.0))","(1, np.float64(100.0))","(1, np.float64(100.0))",1.0,100.0,1.0,100.0,1.0,100.0,1.0,100.0,1.0,99.99,1.0,100.0,1.0,100.0,1.0,100.0
1,"(1, np.float64(99.67))","(1, np.float64(99.93))","(1, np.float64(99.69))","(1, np.float64(97.73))","(1, np.float64(95.96))","(1, np.float64(96.02))","(1, np.float64(99.91))","(1, np.float64(99.63))",1.0,99.67,1.0,99.93,1.0,99.69,1.0,97.73,1.0,95.96,1.0,96.02,1.0,99.91,1.0,99.63
1,"(0, np.float64(94.94))","(1, np.float64(98.62))","(0, np.float64(98.35))","(0, np.float64(94.12))","(1, np.float64(97.75))","(1, np.float64(98.84))","(1, np.float64(99.96))","(1, np.float64(98.94))",0.0,94.94,1.0,98.62,0.0,98.35,0.0,94.12,1.0,97.75,1.0,98.84,1.0,99.96,1.0,98.94
1,"(1, np.float64(100.0))","(1, np.float64(100.0))","(1, np.float64(83.49))","(1, np.float64(77.15))","(1, np.float64(79.48))","(1, np.float64(87.0))","(1, np.float64(81.13))","(1, np.float64(82.04))",1.0,100.0,1.0,100.0,1.0,83.49,1.0,77.15,1.0,79.48,1.0,87.0,1.0,81.13,1.0,82.04
0,,,,,,,,,,,,,,,,,,,,,,,,
1,"(1, np.float64(100.0))","(1, np.float64(100.0))","(1, np.float64(100.0))","(1, np.float64(100.0))","(1, np.float64(99.99))","(1, np.float64(100.0))","(1, np.float64(100.0))","(1, np.float64(100.0))",1.0,100.0,1.0,100.0,1.0,100.0,1.0,100.0,1.0,99.99,1.0,100.0,1.0,100.0,1.0,100.0
1,"(1, np.float64(100.0))","(1, np.float64(100.0))","(1, np.float64(100.0))","(1, np.float64(100.0))","(1, np.float64(100.0))","(1, np.float64(100.0))","(1, np.float64(100.0))","(1, np.float64(100.0))",1.0,100.0,1.0,100.0,1.0,100.0,1.0,100.0,1.0,100.0,1.0,100.0,1.0,100.0,1.0,100.0
1,"(1, np.float64(99.99))","(1, np.float64(75.84))","(1, np.float64(78.01))","(1, np.float64(76.54))","(1, np.float64(77.71))","(1, np.float64(70.82))","(1, np.float64(79.53))","(1, np.float64(85.6))",1.0,99.99,1.0,75.84,1.0,78.01,1.0,76.54,1.0,77.71,1.0,70.82,1.0,79.53,1.0,85.6
0,,,,,,,,,,,,,,,,,,,,,,,,
1,"(1, np.float64(100.0))","(1, np.float64(100.0))","(1, np.float64(100.0))","(1, np.float64(100.0))","(1, np.float64(100.0))","(1, np.float64(100.0))","(1, np.float64(100.0))","(1, np.float64(100.0))",1.0,100.0,1.0,100.0,1.0,100.0,1.0,100.0,1.0,100.0,1.0,100.0,1.0,100.0,1.0,100.0
1,"(1, np.float64(100.0))","(1, np.float64(100.0))","(1, np.float64(100.0))","(1, np.float64(100.0))","(1, np.float64(100.0))","(1, np.float64(100.0))","(1, np.float64(100.0))","(1, np.float64(100.0))",1.0,100.0,1.0,100.0,1.0,100.0,1.0,100.0,1.0,100.0,1.0,100.0,1.0,100.0,1.0,100.0
1,"(0, np.float64(99.8))","(1, np.float64(99.8))","(1, np.float64(96.58))","(0, np.float64(99.23))","(1, np.float64(99.92))","(1, np.float64(99.93))","(1, np.float64(99.99))","(1, np.float64(99.77))",0.0,99.8,1.0,99.8,1.0,96.58,0.0,99.23,1.0,99.92,1.0,99.93,1.0,99.99,1.0,99.77
1,"(0, np.float64(99.19))","(1, np.float64(99.22))","(1, np.float64(97.24))","(0, np.float64(99.73))","(1, np.float64(99.46))","(1, np.float64(99.81))","(1, np.float64(99.95))","(1, np.float64(99.71))",0.0,99.19,1.0,99.22,1.0,97.24,0.0,99.73,1.0,99.46,1.0,99.81,1.0,99.95,1.0,99.71
1,"(1, np.float64(100.0))","(1, np.float64(100.0))","(1, np.float64(100.0))","(1, np.float64(100.0))","(1, np.float64(100.0))","(1, np.float64(100.0))","(1, np.float64(100.0))","(1, np.float64(73.46))",1.0,100.0,1.0,100.0,1.0,100.0,1.0,100.0,1.0,100.0,1.0,100.0,1.0,100.0,1.0,73.46
1,"(1, np.float64(100.0))","(1, np.float64(100.0))","(1, np.float64(100.0))","(1, np.float64(100.0))","(1, np.float64(100.0))","(1, np.float64(100.0))","(1, np.float64(100.0))","(1, np.float64(100.0))",1.0,100.0,1.0,100.0,1.0,100.0,1.0,100.0,1.0,100.0,1.0,100.0,1.0,100.0,1.0,100.0
1,"(1, np.float64(100.0))","(1, np.float64(99.5))","(1, np.float64(99.69))","(1, np.float64(99.88))","(1, np.float64(81.41))","(1, np.float64(85.81))","(1, np.float64(87.63))","(1, np.float64(87.45))",1.0,100.0,1.0,99.5,1.0,99.69,1.0,99.88,1.0,81.41,1.0,85.81,1.0,87.63,1.0,87.45
1,"(1, np.float64(100.0))","(1, np.float64(99.83))","(1, np.float64(99.44))","(1, np.float64(99.99))","(1, np.float64(99.92))","(1, np.float64(99.79))","(1, np.float64(99.83))","(1, np.float64(99.56))",1.0,100.0,1.0,99.83,1.0,99.44,1.0,99.99,1.0,99.92,1.0,99.79,1.0,99.83,1.0,99.56
1,"(1, np.float64(100.0))","(1, np.float64(100.0))","(1, np.float64(100.0))","(1, np.float64(99.98))","(1, np.float64(99.94))","(1, np.float64(100.0))","(1, np.float64(100.0))","(1, np.float64(99.99))",1.0,100.0,1.0,100.0,1.0,100.0,1.0,99.98,1.0,99.94,1.0,100.0,1.0,100.0,1.0,99.99
1,"(1, np.float64(100.0))","(1, np.float64(100.0))","(1, np.float64(100.0))","(1, np.float64(100.0))","(1, np.float64(100.0))","(1, np.float64(100.0))","(1, np.float64(100.0))","(1, np.float64(100.0))",1.0,100.0,1.0,100.0,1.0,100.0,1.0,100.0,1.0,100.0,1.0,100.0,1.0,100.0,1.0,100.0
0,,,,,,,,,,,,,,,,,,,,,,,,
1,"(1, np.float64(100.0))","(1, np.float64(100.0))","(1, np.float64(100.0))","(1, np.float64(100.0))","(1, np.float64(99.96))","(1, np.float64(98.67))","(1, np.float64(99.99))","(1, np.float64(99.81))",1.0,100.0,1.0,100.0,1.0,100.0,1.0,100.0,1.0,99.96,1.0,98.67,1.0,99.99,1.0,99.81
1,"(1, np.float64(100.0))","(1, np.float64(100.0))","(1, np.float64(100.0))","(1, np.float64(100.0))","(1, np.float64(100.0))","(1, np.float64(99.99))","(1, np.float64(100.0))","(1, np.float64(100.0))",1.0,100.0,1.0,100.0,1.0,100.0,1.0,100.0,1.0,100.0,1.0,99.99,1.0,100.0,1.0,100.0
1,"(1, np.float64(100.0))","(1, np.float64(98.89))","(1, np.float64(99.96))","(1, np.float64(99.94))","(1, np.float64(99.8))","(1, np.float64(99.95))","(1, np.float64(98.6))","(1, np.float64(99.8))",1.0,100.0,1.0,98.89,1.0,99.96,1.0,99.94,1.0,99.8,1.0,99.95,1.0,98.6,1.0,99.8
1,"(0, np.float64(99.83))","(0, np.float64(99.98))","(1, np.float64(71.93))","(1, np.float64(75.17))","(1, np.float64(84.73))","(1, np.float64(70.61))","(1, np.float64(80.7))","(1, np.float64(89.45))",0.0,99.83,0.0,99.98,1.0,71.93,1.0,75.17,1.0,84.73,1.0,70.61,1.0,80.7,1.0,89.45
1,"(1, np.float64(100.0))","(1, np.float64(100.0))","(1, np.float64(100.0))","(1, np.float64(100.0))","(1, np.float64(100.0))","(1, np.float64(100.0))","(1, np.float64(100.0))","(1, np.float64(100.0))",1.0,100.0,1.0,100.0,1.0,100.0,1.0,100.0,1.0,100.0,1.0,100.0,1.0,100.0,1.0,100.0
1,"(1, np.float64(100.0))","(1, np.float64(100.0))","(1, np.float64(100.0))","(1, np.float64(100.0))","(1, np.float64(100.0))","(1, np.float64(100.0))","(1, np.float64(100.0))","(1, np.float64(100.0))",1.0,100.0,1.0,100.0,1.0,100.0,1.0,100.0,1.0,100.0,1.0,100.0,1.0,100.0,1.0,100.0
1,"(1, np.float64(100.0))","(1, np.float64(94.27))","(1, np.float64(100.0))","(1, np.float64(100.0))","(1, np.float64(100.0))","(1, np.float64(100.0))","(1, np.float64(100.0))","(1, np.float64(100.0))",1.0,100.0,1.0,94.27,1.0,100.0,1.0,100.0,1.0,100.0,1.0,100.0,1.0,100.0,1.0,100.0
1,"(1, np.float64(100.0))","(1, np.float64(100.0))","(1, np.float64(99.97))","(1, np.float64(98.04))","(1, np.float64(93.82))","(1, np.float64(99.98))","(1, np.float64(100.0))","(1, np.float64(99.98))",1.0,100.0,1.0,100.0,1.0,99.97,1.0,98.04,1.0,93.82,1.0,99.98,1.0,100.0,1.0,99.98
1,"(1, np.float64(100.0))","(1, np.float64(100.0))","(1, np.float64(99.98))","(1, np.float64(99.89))","(1, np.float64(99.85))","(1, np.float64(100.0))","(1, np.float64(100.0))","(1, np.float64(100.0))",1.0,100.0,1.0,100.0,1.0,99.98,1.0,99.89,1.0,99.85,1.0,100.0,1.0,100.0,1.0,100.0
1,"(1, np.float64(100.0))","(1, np.float64(100.0))","(1, np.float64(100.0))","(1, np.float64(100.0))","(1, np.float64(100.0))","(1, np.float64(100.0))","(1, np.float64(100.0))","(1, np.float64(86.52))",1.0,100.0,1.0,100.0,1.0,100.0,1.0,100.0,1.0,100.0,1.0,100.0,1.0,100.0,1.0,86.52
1,"(1, np.float64(100.0))","(1, np.float64(83.18))","(1, np.float64(79.56))","(1, np.float64(80.08))","(1, np.float64(84.22))","(1, np.float64(83.82))","(1, np.float64(87.04))","(1, np.float64(84.08))",1.0,100.0,1.0,83.18,1.0,79.56,1.0,80.08,1.0,84.22,1.0,83.82,1.0,87.04,1.0,84.08
0,,,,,,,,,,,,,,,,,,,,,,,,
1,"(1, np.float64(100.0))","(1, np.float64(100.0))","(1, np.float64(100.0))","(1, np.float64(100.0))","(1, np.float64(100.0))","(1, np.float64(100.0))","(1, np.float64(100.0))","(1, np.float64(100.0))",1.0,100.0,1.0,100.0,1.0,100.0,1.0,100.0,1.0,100.0,1.0,100.0,1.0,100.0,1.0,100.0
0,,,,,,,,,,,,,,,,,,,,,,,,
0,,,,,,,,,,,,,,,,,,,,,,,,
1,"(1, np.float64(100.0))","(1, np.float64(85.32))","(1, np.float64(83.27))","(1, np.float64(79.91))","(1, np.float64(89.01))","(1, np.float64(80.39))","(1, np.float64(82.9))","(1, np.float64(83.98))",1.0,100.0,1.0,85.32,1.0,83.27,1.0,79.91,1.0,89.01,1.0,80.39,1.0,82.9,1.0,83.98
1,"(1, np.float64(100.0))","(1, np.float64(100.0))","(1, np.float64(99.98))","(1, np.float64(99.99))","(1, np.float64(99.89))","(1, np.float64(98.17))","(1, np.float64(99.77))","(1, np.float64(99.04))",1.0,100.0,1.0,100.0,1.0,99.98,1.0,99.99,1.0,99.89,1.0,98.17,1.0,99.77,1.0,99.04
1,"(1, np.float64(100.0))","(1, np.float64(100.0))","(1, np.float64(100.0))","(1, np.float64(100.0))","(1, np.float64(100.0))","(1, np.float64(100.0))","(1, np.float64(100.0))","(1, np.float64(100.0))",1.0,100.0,1.0,100.0,1.0,100.0,1.0,100.0,1.0,100.0,1.0,100.0,1.0,100.0,1.0,100.0
1,"(1, np.float64(100.0))","(1, np.float64(100.0))","(1, np.float64(100.0))","(1, np.float64(100.0))","(1, np.float64(100.0))","(1, np.float64(100.0))","(1, np.float64(100.0))","(1, np.float64(100.0))",1.0,100.0,1.0,100.0,1.0,100.0,1.0,100.0,1.0,100.0,1.0,100.0,1.0,100.0,1.0,100.0
1,"(1, np.float64(100.0))","(1, np.float64(100.0))","(1, np.float64(99.94))","(1, np.float64(99.83))","(1, np.float64(97.73))","(1, np.float64(99.94))","(1, np.float64(99.99))","(1, np.float64(99.99))",1.0,100.0,1.0,100.0,1.0,99.94,1.0,99.83,1.0,97.73,1.0,99.94,1.0,99.99,1.0,99.99
0,,,,,,,,,,,,,,,,,,,,,,,,
1,"(1, np.float64(97.7))","(1, np.float64(97.99))","(1, np.float64(99.65))","(1, np.float64(98.97))","(1, np.float64(99.73))","(1, np.float64(99.99))","(1, np.float64(82.4))","(1, np.float64(79.69))",1.0,97.7,1.0,97.99,1.0,99.65,1.0,98.97,1.0,99.73,1.0,99.99,1.0,82.4,1.0,79.69
1,"(1, np.float64(100.0))","(1, np.float64(100.0))","(1, np.float64(100.0))","(1, np.float64(100.0))","(1, np.float64(100.0))","(1, np.float64(100.0))","(1, np.float64(100.0))","(1, np.float64(100.0))",1.0,100.0,1.0,100.0,1.0,100.0,1.0,100.0,1.0,100.0,1.0,100.0,1.0,100.0,1.0,100.0
1,"(1, np.float64(100.0))","(1, np.float64(100.0))","(1, np.float64(100.0))","(1, np.float64(100.0))","(1, np.float64(100.0))","(1, np.float64(100.0))","(1, np.float64(100.0))","(1, np.float64(100.0))",1.0,100.0,1.0,100.0,1.0,100.0,1.0,100.0,1.0,100.0,1.0,100.0,1.0,100.0,1.0,100.0
0,,,,,,,,,,,,,,,,,,,,,,,,
0,,,,,,,,,,,,,,,,,,,,,,,,
1,"(1, np.float64(99.95))","(1, np.float64(99.94))","(1, np.float64(99.85))","(1, np.float64(99.59))","(1, np.float64(98.32))","(1, np.float64(98.66))","(1, np.float64(95.73))","(0, np.float64(95.66))",1.0,99.95,1.0,99.94,1.0,99.85,1.0,99.59,1.0,98.32,1.0,98.66,1.0,95.73,0.0,95.66
1,"(1, np.float64(100.0))","(1, np.float64(99.96))","(1, np.float64(99.99))","(1, np.float64(99.96))","(1, np.float64(99.57))","(1, np.float64(85.56))","(1, np.float64(82.81))","(1, np.float64(83.48))",1.0,100.0,1.0,99.96,1.0,99.99,1.0,99.96,1.0,99.57,1.0,85.56,1.0,82.81,1.0,83.48
1,"(1, np.float64(100.0))","(1, np.float64(100.0))","(1, np.float64(100.0))","(1, np.float64(100.0))","(1, np.float64(100.0))","(1, np.float64(100.0))","(1, np.float64(100.0))","(1, np.float64(100.0))",1.0,100.0,1.0,100.0,1.0,100.0,1.0,100.0,1.0,100.0,1.0,100.0,1.0,100.0,1.0,100.0
1,"(1, np.float64(100.0))","(1, np.float64(100.0))","(1, np.float64(100.0))","(1, np.float64(100.0))","(1, np.float64(100.0))","(1, np.float64(100.0))","(1, np.float64(100.0))","(1, np.float64(100.0))",1.0,100.0,1.0,100.0,1.0,100.0,1.0,100.0,1.0,100.0,1.0,100.0,1.0,100.0,1.0,100.0
0,,,,,,,,,,,,,,,,,,,,,,,,
1,"(1, np.float64(99.87))","(1, np.float64(99.79))","(1, np.float64(98.66))","(0, np.float64(99.59))","(1, np.float64(99.91))","(0, np.float64(98.18))","(1, np.float64(99.85))","(1, np.float64(99.84))",1.0,99.87,1.0,99.79,1.0,98.66,0.0,99.59,1.0,99.91,0.0,98.18,1.0,99.85,1.0,99.84
1,"(1, np.float64(100.0))","(1, np.float64(100.0))","(1, np.float64(100.0))","(1, np.float64(100.0))","(1, np.float64(100.0))","(1, np.float64(100.0))","(1, np.float64(100.0))","(1, np.float64(100.0))",1.0,100.0,1.0,100.0,1.0,100.0,1.0,100.0,1.0,100.0,1.0,100.0,1.0,100.0,1.0,100.0
1,"(1, np.float64(100.0))","(1, np.float64(100.0))","(1, np.float64(100.0))","(1, np.float64(100.0))","(1, np.float64(100.0))","(1, np.float64(100.0))","(1, np.float64(100.0))","(1, np.float64(100.0))",1.0,100.0,1.0,100.0,1.0,100.0,1.0,100.0,1.0,100.0,1.0,100.0,1.0,100.0,1.0,100.0
1,"(1, np.float64(98.79))","(1, np.float64(94.03))","(0, np.float64(93.95))","(0, np.float64(99.64))","(1, np.float64(98.62))","(1, np.float64(99.85))","(1, np.float64(99.83))","(1, np.float64(98.78))",1.0,98.79,1.0,94.03,0.0,93.95,0.0,99.64,1.0,98.62,1.0,99.85,1.0,99.83,1.0,98.78
1,"(1, np.float64(100.0))","(1, np.float64(100.0))","(1, np.float64(100.0))","(1, np.float64(100.0))","(1, np.float64(100.0))","(1, np.float64(100.0))","(1, np.float64(100.0))","(1, np.float64(100.0))",1.0,100.0,1.0,100.0,1.0,100.0,1.0,100.0,1.0,100.0,1.0,100.0,1.0,100.0,1.0,100.0
0,,,,,,,,,,,,,,,,,,,,,,,,
1,"(0, np.float64(99.66))","(1, np.float64(99.65))","(1, np.float64(98.71))","(0, np.float64(99.92))","(1, np.float64(98.38))","(0, np.float64(98.89))","(0, np.float64(96.85))","(1, np.float64(99.81))",0.0,99.66,1.0,99.65,1.0,98.71,0.0,99.92,1.0,98.38,0.0,98.89,0.0,96.85,1.0,99.81
0,,,,,,,,,,,,,,,,,,,,,,,,
1,"(1, np.float64(100.0))","(1, np.float64(100.0))","(1, np.float64(100.0))","(1, np.float64(100.0))","(1, np.float64(100.0))","(1, np.float64(100.0))","(1, np.float64(100.0))","(1, np.float64(100.0))",1.0,100.0,1.0,100.0,1.0,100.0,1.0,100.0,1.0,100.0,1.0,100.0,1.0,100.0,1.0,100.0
1,"(1, np.float64(100.0))","(1, np.float64(99.89))","(1, np.float64(99.89))","(1, np.float64(100.0))","(1, np.float64(99.77))","(1, np.float64(99.82))","(1, np.float64(99.38))","(1, np.float64(99.97))",1.0,100.0,1.0,99.89,1.0,99.89,1.0,100.0,1.0,99.77,1.0,99.82,1.0,99.38,1.0,99.97
0,,,,,,,,,,,,,,,,,,,,,,,,
1,"(1, np.float64(100.0))","(1, np.float64(99.96))","(1, np.float64(99.99))","(1, np.float64(100.0))","(1, np.float64(99.99))","(1, np.float64(99.83))","(1, np.float64(100.0))","(1, np.float64(100.0))",1.0,100.0,1.0,99.96,1.0,99.99,1.0,100.0,1.0,99.99,1.0,99.83,1.0,100.0,1.0,100.0
1,"(1, np.float64(100.0))","(1, np.float64(100.0))","(1, np.float64(100.0))","(1, np.float64(100.0))","(1, np.float64(100.0))","(1, np.float64(100.0))","(1, np.float64(100.0))","(1, np.float64(100.0))",1.0,100.0,1.0,100.0,1.0,100.0,1.0,100.0,1.0,100.0,1.0,100.0,1.0,100.0,1.0,100.0
1,"(1, np.float64(100.0))","(1, np.float64(100.0))","(1, np.float64(100.0))","(1, np.float64(100.0))","(1, np.float64(100.0))","(1, np.float64(100.0))","(1, np.float64(100.0))","(1, np.float64(100.0))",1.0,100.0,1.0,100.0,1.0,100.0,1.0,100.0,1.0,100.0,1.0,100.0,1.0,100.0,1.0,100.0
1,"(1, np.float64(100.0))","(1, np.float64(100.0))","(1, np.float64(100.0))","(1, np.float64(100.0))","(1, np.float64(100.0))","(1, np.float64(100.0))","(1, np.float64(100.0))","(1, np.float64(100.0))",1.0,100.0,1.0,100.0,1.0,100.0,1.0,100.0,1.0,100.0,1.0,100.0,1.0,100.0,1.0,100.0
1,"(1, np.float64(98.89))","(1, np.float64(99.67))","(1, np.float64(95.74))","(0, np.float64(98.71))","(1, np.float64(99.53))","(0, np.float64(98.19))","(0, np.float64(99.89))","(0, np.float64(95.78))",1.0,98.89,1.0,99.67,1.0,95.74,0.0,98.71,1.0,99.53,0.0,98.19,0.0,99.89,0.0,95.78
1,"(0, np.float64(99.84))","(0, np.float64(99.79))","(0, np.float64(95.66))","(1, np.float64(98.14))","(0, np.float64(97.22))","(0, np.float64(99.9))","(0, np.float64(100.0))","(0, np.float64(99.89))",0.0,99.84,0.0,99.79,0.0,95.66,1.0,98.14,0.0,97.22,0.0,99.9,0.0,100.0,0.0,99.89
1,"(1, np.float64(100.0))","(1, np.float64(100.0))","(1, np.float64(100.0))","(1, np.float64(100.0))","(1, np.float64(100.0))","(1, np.float64(100.0))","(1, np.float64(100.0))","(1, np.float64(100.0))",1.0,100.0,1.0,100.0,1.0,100.0,1.0,100.0,1.0,100.0,1.0,100.0,1.0,100.0,1.0,100.0
1,"(1, np.float64(100.0))","(1, np.float64(100.0))","(1, np.float64(99.96))","(1, np.float64(99.78))","(1, np.float64(99.9))","(1, np.float64(100.0))","(1, np.float64(100.0))","(1, np.float64(100.0))",1.0,100.0,1.0,100.0,1.0,99.96,1.0,99.78,1.0,99.9,1.0,100.0,1.0,100.0,1.0,100.0
1,"(1, np.float64(100.0))","(1, np.float64(100.0))","(1, np.float64(100.0))","(1, np.float64(99.99))","(1, np.float64(99.95))","(1, np.float64(100.0))","(1, np.float64(100.0))","(1, np.float64(100.0))",1.0,100.0,1.0,100.0,1.0,100.0,1.0,99.99,1.0,99.95,1.0,100.0,1.0,100.0,1.0,100.0
0,,,,,,,,,,,,,,,,,,,,,,,,
1,"(1, np.float64(99.91))","(1, np.float64(96.54))","(1, np.float64(96.54))","(0, np.float64(99.93))","(1, np.float64(99.99))","(1, np.float64(99.99))","(1, np.float64(81.14))","(1, np.float64(85.31))",1.0,99.91,1.0,96.54,1.0,96.54,0.0,99.93,1.0,99.99,1.0,99.99,1.0,81.14,1.0,85.31
1,"(0, np.float64(97.17))","(1, np.float64(99.68))","(1, np.float64(95.25))","(0, np.float64(98.22))","(1, np.float64(99.98))","(1, np.float64(99.88))","(1, np.float64(99.99))","(1, np.float64(99.39))",0.0,97.17,1.0,99.68,1.0,95.25,0.0,98.22,1.0,99.98,1.0,99.88,1.0,99.99,1.0,99.39
1,"(1, np.float64(100.0))","(1, np.float64(98.94))","(1, np.float64(99.8))","(1, np.float64(99.88))","(1, np.float64(99.47))","(1, np.float64(97.45))","(1, np.float64(100.0))","(1, np.float64(98.33))",1.0,100.0,1.0,98.94,1.0,99.8,1.0,99.88,1.0,99.47,1.0,97.45,1.0,100.0,1.0,98.33
0,,,,,,,,,,,,,,,,,,,,,,,,
1,"(1, np.float64(99.99))","(1, np.float64(99.64))","(1, np.float64(99.11))","(0, np.float64(99.15))","(1, np.float64(100.0))","(1, np.float64(100.0))","(1, np.float64(99.99))","(1, np.float64(99.96))",1.0,99.99,1.0,99.64,1.0,99.11,0.0,99.15,1.0,100.0,1.0,100.0,1.0,99.99,1.0,99.96
1,"(1, np.float64(100.0))","(1, np.float64(100.0))","(1, np.float64(100.0))","(1, np.float64(100.0))","(1, np.float64(100.0))","(1, np.float64(100.0))","(1, np.float64(100.0))","(1, np.float64(100.0))",1.0,100.0,1.0,100.0,1.0,100.0,1.0,100.0,1.0,100.0,1.0,100.0,1.0,100.0,1.0,100.0
1,"(1, np.float64(100.0))","(1, np.float64(100.0))","(1, np.float64(100.0))","(1, np.float64(100.0))","(1, np.float64(100.0))","(1, np.float64(100.0))","(1, np.float64(100.0))","(1, np.float64(100.0))",1.0,100.0,1.0,100.0,1.0,100.0,1.0,100.0,1.0,100.0,1.0,100.0,1.0,100.0,1.0,100.0
0,,,,,,,,,,,,,,,,,,,,,,,,
1,"(1, np.float64(99.86))","(1, np.float64(99.39))","(1, np.float64(96.16))","(0, np.float64(96.2))","(1, np.float64(99.74))","(1, np.float64(99.95))","(1, np.float64(100.0))","(1, np.float64(99.91))",1.0,99.86,1.0,99.39,1.0,96.16,0.0,96.2,1.0,99.74,1.0,99.95,1.0,100.0,1.0,99.91
1,"(1, np.float64(100.0))","(1, np.float64(100.0))","(1, np.float64(100.0))","(1, np.float64(100.0))","(1, np.float64(100.0))","(1, np.float64(100.0))","(1, np.float64(100.0))","(1, np.float64(100.0))",1.0,100.0,1.0,100.0,1.0,100.0,1.0,100.0,1.0,100.0,1.0,100.0,1.0,100.0,1.0,100.0
1,"(1, np.float64(97.35))","(0, np.float64(89.99))","(1, np.float64(99.13))","(0, np.float64(99.0))","(1, np.float64(99.93))","(1, np.float64(99.84))","(1, np.float64(99.16))","(1, np.float64(99.06))",1.0,97.35,0.0,89.99,1.0,99.13,0.0,99.0,1.0,99.93,1.0,99.84,1.0,99.16,1.0,99.06
1,"(1, np.float64(100.0))","(1, np.float64(100.0))","(1, np.float64(99.97))","(1, np.float64(100.0))","(1, np.float64(99.98))","(1, np.float64(99.91))","(1, np.float64(99.94))","(1, np.float64(99.93))",1.0,100.0,1.0,100.0,1.0,99.97,1.0,100.0,1.0,99.98,1.0,99.91,1.0,99.94,1.0,99.93
1,"(1, np.float64(100.0))","(1, np.float64(100.0))","(1, np.float64(100.0))","(1, np.float64(100.0))","(1, np.float64(100.0))","(1, np.float64(100.0))","(1, np.float64(100.0))","(1, np.float64(99.99))",1.0,100.0,1.0,100.0,1.0,100.0,1.0,100.0,1.0,100.0,1.0,100.0,1.0,100.0,1.0,99.99
1,"(1, np.float64(100.0))","(1, np.float64(100.0))","(1, np.float64(100.0))","(1, np.float64(100.0))","(1, np.float64(99.99))","(1, np.float64(100.0))","(1, np.float64(100.0))","(1, np.float64(99.98))",1.0,100.0,1.0,100.0,1.0,100.0,1.0,100.0,1.0,99.99,1.0,100.0,1.0,100.0,1.0,99.98
1,"(1, np.float64(100.0))","(1, np.float64(100.0))","(1, np.float64(99.99))","(1, np.float64(100.0))","(1, np.float64(99.96))","(1, np.float64(99.9))","(1, np.float64(100.0))","(1, np.float64(99.99))",1.0,100.0,1.0,100.0,1.0,99.99,1.0,100.0,1.0,99.96,1.0,99.9,1.0,100.0,1.0,99.99
1,"(1, np.float64(99.82))","(1, np.float64(99.51))","(1, np.float64(99.52))","(1, np.float64(99.38))","(1, np.float64(99.22))","(1, np.float64(99.5))","(1, np.float64(100.0))","(1, np.float64(99.95))",1.0,99.82,1.0,99.51,1.0,99.52,1.0,99.38,1.0,99.22,1.0,99.5,1.0,100.0,1.0,99.95
1,"(1, np.float64(100.0))","(1, np.float64(100.0))","(1, np.float64(100.0))","(1, np.float64(100.0))","(1, np.float64(100.0))","(1, np.float64(100.0))","(1, np.float64(100.0))","(1, np.float64(100.0))",1.0,100.0,1.0,100.0,1.0,100.0,1.0,100.0,1.0,100.0,1.0,100.0,1.0,100.0,1.0,100.0
1,"(1, np.float64(100.0))","(1, np.float64(100.0))","(1, np.float64(100.0))","(1, np.float64(100.0))","(1, np.float64(99.99))","(1, np.float64(100.0))","(1, np.float64(100.0))","(1, np.float64(100.0))",1.0,100.0,1.0,100.0,1.0,100.0,1.0,100.0,1.0,99.99,1.0,100.0,1.0,100.0,1.0,100.0
1,"(1, np.float64(100.0))","(1, np.float64(100.0))","(1, np.float64(100.0))","(1, np.float64(100.0))","(1, np.float64(100.0))","(1, np.float64(100.0))","(1, np.float64(100.0))","(1, np.float64(89.27))",1.0,100.0,1.0,100.0,1.0,100.0,1.0,100.0,1.0,100.0,1.0,100.0,1.0,100.0,1.0,89.27
1,"(1, np.float64(100.0))","(1, np.float64(100.0))","(1, np.float64(100.0))","(1, np.float64(100.0))","(1, np.float64(100.0))","(1, np.float64(100.0))","(1, np.float64(100.0))","(1, np.float64(100.0))",1.0,100.0,1.0,100.0,1.0,100.0,1.0,100.0,1.0,100.0,1.0,100.0,1.0,100.0,1.0,100.0
1,"(1, np.float64(100.0))","(1, np.float64(100.0))","(1, np.float64(100.0))","(1, np.float64(100.0))","(1, np.float64(100.0))","(1, np.float64(100.0))","(1, np.float64(100.0))","(1, np.float64(100.0))",1.0,100.0,1.0,100.0,1.0,100.0,1.0,100.0,1.0,100.0,1.0,100.0,1.0,100.0,1.0,100.0
1,"(1, np.float64(100.0))","(1, np.float64(100.0))","(1, np.float64(100.0))","(1, np.float64(99.95))","(1, np.float64(99.87))","(1, np.float64(100.0))","(1, np.float64(100.0))","(1, np.float64(100.0))",1.0,100.0,1.0,100.0,1.0,100.0,1.0,99.95,1.0,99.87,1.0,100.0,1.0,100.0,1.0,100.0
1,"(1, np.float64(100.0))","(1, np.float64(100.0))","(1, np.float64(100.0))","(1, np.float64(99.97))","(1, np.float64(99.99))","(1, np.float64(100.0))","(1, np.float64(100.0))","(1, np.float64(100.0))",1.0,100.0,1.0,100.0,1.0,100.0,1.0,99.97,1.0,99.99,1.0,100.0,1.0,100.0,1.0,100.0
1,"(1, np.float64(98.78))","(1, np.float64(98.91))","(0, np.float64(93.42))","(1, np.float64(100.0))","(1, np.float64(99.83))","(1, np.float64(100.0))","(1, np.float64(100.0))","(1, np.float64(100.0))",1.0,98.78,1.0,98.91,0.0,93.42,1.0,100.0,1.0,99.83,1.0,100.0,1.0,100.0,1.0,100.0
1,"(1, np.float64(100.0))","(1, np.float64(100.0))","(1, np.float64(100.0))","(1, np.float64(100.0))","(1, np.float64(100.0))","(1, np.float64(100.0))","(1, np.float64(100.0))","(1, np.float64(100.0))",1.0,100.0,1.0,100.0,1.0,100.0,1.0,100.0,1.0,100.0,1.0,100.0,1.0,100.0,1.0,100.0
1,"(1, np.float64(100.0))","(1, np.float64(100.0))","(1, np.float64(100.0))","(1, np.float64(100.0))","(1, np.float64(100.0))","(1, np.float64(100.0))","(1, np.float64(100.0))","(1, np.float64(100.0))",1.0,100.0,1.0,100.0,1.0,100.0,1.0,100.0,1.0,100.0,1.0,100.0,1.0,100.0,1.0,100.0
1,"(1, np.float64(100.0))","(1, np.float64(99.94))","(1, np.float64(99.95))","(1, np.float64(99.97))","(1, np.float64(99.88))","(1, np.float64(99.56))","(1, np.float64(99.99))","(1, np.float64(99.28))",1.0,100.0,1.0,99.94,1.0,99.95,1.0,99.97,1.0,99.88,1.0,99.56,1.0,99.99,1.0,99.28
1,"(1, np.float64(100.0))","(1, np.float64(100.0))","(1, np.float64(100.0))","(1, np.float64(99.98))","(1, np.float64(99.99))","(1, np.float64(99.65))","(1, np.float64(100.0))","(1, np.float64(99.92))",1.0,100.0,1.0,100.0,1.0,100.0,1.0,99.98,1.0,99.99,1.0,99.65,1.0,100.0,1.0,99.92
1,"(1, np.float64(100.0))","(1, np.float64(100.0))","(1, np.float64(100.0))","(1, np.float64(100.0))","(1, np.float64(100.0))","(1, np.float64(100.0))","(1, np.float64(100.0))","(1, np.float64(100.0))",1.0,100.0,1.0,100.0,1.0,100.0,1.0,100.0,1.0,100.0,1.0,100.0,1.0,100.0,1.0,100.0
1,"(0, np.float64(98.43))","(1, np.float64(98.88))","(1, np.float64(98.74))","(0, np.float64(96.2))","(1, np.float64(99.82))","(1, np.float64(99.82))","(1, np.float64(99.57))","(1, np.float64(99.74))",0.0,98.43,1.0,98.88,1.0,98.74,0.0,96.2,1.0,99.82,1.0,99.82,1.0,99.57,1.0,99.74
1,"(1, np.float64(100.0))","(1, np.float64(100.0))","(1, np.float64(100.0))","(1, np.float64(100.0))","(1, np.float64(100.0))","(1, np.float64(100.0))","(1, np.float64(100.0))","(1, np.float64(100.0))",1.0,100.0,1.0,100.0,1.0,100.0,1.0,100.0,1.0,100.0,1.0,100.0,1.0,100.0,1.0,100.0
1,"(1, np.float64(99.99))","(1, np.float64(99.99))","(1, np.float64(100.0))","(1, np.float64(100.0))","(1, np.float64(100.0))","(1, np.float64(100.0))","(1, np.float64(100.0))","(1, np.float64(100.0))",1.0,99.99,1.0,99.99,1.0,100.0,1.0,100.0,1.0,100.0,1.0,100.0,1.0,100.0,1.0,100.0
1,"(0, np.float64(88.17))","(0, np.float64(85.69))","(1, np.float64(89.62))","(0, np.float64(82.47))","(0, np.float64(85.33))","(0, np.float64(90.91))","(0, np.float64(93.5))","(0, np.float64(82.41))",0.0,88.17,0.0,85.69,1.0,89.62,0.0,82.47,0.0,85.33,0.0,90.91,0.0,93.5,0.0,82.41
1,"(1, np.float64(100.0))","(1, np.float64(100.0))","(1, np.float64(99.99))","(1, np.float64(99.89))","(1, np.float64(99.86))","(1, np.float64(100.0))","(1, np.float64(100.0))","(1, np.float64(99.99))",1.0,100.0,1.0,100.0,1.0,99.99,1.0,99.89,1.0,99.86,1.0,100.0,1.0,100.0,1.0,99.99
1,"(1, np.float64(100.0))","(1, np.float64(99.71))","(1, np.float64(99.03))","(1, np.float64(99.98))","(1, np.float64(99.02))","(1, np.float64(99.96))","(1, np.float64(100.0))","(1, np.float64(99.85))",1.0,100.0,1.0,99.71,1.0,99.03,1.0,99.98,1.0,99.02,1.0,99.96,1.0,100.0,1.0,99.85
1,"(1, np.float64(100.0))","(1, np.float64(100.0))","(1, np.float64(100.0))","(1, np.float64(100.0))","(1, np.float64(99.99))","(1, np.float64(99.99))","(1, np.float64(100.0))","(1, np.float64(100.0))",1.0,100.0,1.0,100.0,1.0,100.0,1.0,100.0,1.0,99.99,1.0,99.99,1.0,100.0,1.0,100.0
1,"(1, np.float64(100.0))","(1, np.float64(100.0))","(1, np.float64(100.0))","(1, np.float64(100.0))","(1, np.float64(100.0))","(1, np.float64(100.0))","(1, np.float64(100.0))","(1, np.float64(100.0))",1.0,100.0,1.0,100.0,1.0,100.0,1.0,100.0,1.0,100.0,1.0,100.0,1.0,100.0,1.0,100.0
1,"(1, np.float64(100.0))","(1, np.float64(98.35))","(1, np.float64(99.96))","(1, np.float64(99.99))","(1, np.float64(100.0))","(1, np.float64(99.68))","(1, np.float64(100.0))","(1, np.float64(99.97))",1.0,100.0,1.0,98.35,1.0,99.96,1.0,99.99,1.0,100.0,1.0,99.68,1.0,100.0,1.0,99.97
1,"(1, np.float64(100.0))","(1, np.float64(100.0))","(1, np.float64(77.32))","(1, np.float64(73.04))","(1, np.float64(90.35))","(1, np.float64(77.66))","(1, np.float64(75.99))","(1, np.float64(88.4))",1.0,100.0,1.0,100.0,1.0,77.32,1.0,73.04,1.0,90.35,1.0,77.66,1.0,75.99,1.0,88.4
1,"(1, np.float64(100.0))","(1, np.float64(100.0))","(1, np.float64(100.0))","(1, np.float64(100.0))","(1, np.float64(100.0))","(1, np.float64(100.0))","(1, np.float64(100.0))","(1, np.float64(100.0))",1.0,100.0,1.0,100.0,1.0,100.0,1.0,100.0,1.0,100.0,1.0,100.0,1.0,100.0,1.0,100.0
1,"(1, np.float64(99.88))","(1, np.float64(97.0))","(1, np.float64(97.85))","(1, np.float64(97.2))","(1, np.float64(96.89))","(1, np.float64(81.56))","(1, np.float64(82.59))","(1, np.float64(84.66))",1.0,99.88,1.0,97.0,1.0,97.85,1.0,97.2,1.0,96.89,1.0,81.56,1.0,82.59,1.0,84.66
1,"(1, np.float64(99.98))","(1, np.float64(99.97))","(1, np.float64(99.37))","(0, np.float64(95.67))","(1, np.float64(98.01))","(1, np.float64(98.83))","(1, np.float64(96.92))","(0, np.float64(97.12))",1.0,99.98,1.0,99.97,1.0,99.37,0.0,95.67,1.0,98.01,1.0,98.83,1.0,96.92,0.0,97.12
1,"(1, np.float64(100.0))","(1, np.float64(100.0))","(1, np.float64(100.0))","(1, np.float64(100.0))","(1, np.float64(100.0))","(1, np.float64(100.0))","(1, np.float64(79.85))","(1, np.float64(83.56))",1.0,100.0,1.0,100.0,1.0,100.0,1.0,100.0,1.0,100.0,1.0,100.0,1.0,79.85,1.0,83.56
1,"(1, np.float64(100.0))","(1, np.float64(100.0))","(1, np.float64(100.0))","(1, np.float64(100.0))","(1, np.float64(100.0))","(1, np.float64(100.0))","(1, np.float64(100.0))","(1, np.float64(100.0))",1.0,100.0,1.0,100.0,1.0,100.0,1.0,100.0,1.0,100.0,1.0,100.0,1.0,100.0,1.0,100.0
1,"(1, np.float64(99.95))","(1, np.float64(99.99))","(1, np.float64(99.97))","(1, np.float64(97.07))","(1, np.float64(92.91))","(1, np.float64(99.99))","(1, np.float64(100.0))","(1, np.float64(100.0))",1.0,99.95,1.0,99.99,1.0,99.97,1.0,97.07,1.0,92.91,1.0,99.99,1.0,100.0,1.0,100.0
1,"(1, np.float64(100.0))","(1, np.float64(100.0))","(1, np.float64(100.0))","(1, np.float64(99.99))","(1, np.float64(99.99))","(1, np.float64(100.0))","(1, np.float64(100.0))","(1, np.float64(99.99))",1.0,100.0,1.0,100.0,1.0,100.0,1.0,99.99,1.0,99.99,1.0,100.0,1.0,100.0,1.0,99.99
1,"(1, np.float64(100.0))","(1, np.float64(100.0))","(1, np.float64(100.0))","(1, np.float64(100.0))","(1, np.float64(100.0))","(1, np.float64(100.0))","(1, np.float64(100.0))","(1, np.float64(100.0))",1.0,100.0,1.0,100.0,1.0,100.0,1.0,100.0,1.0,100.0,1.0,100.0,1.0,100.0,1.0,100.0
1,"(0, np.float64(99.79))","(1, np.float64(94.88))","(0, np.float64(93.86))","(1, np.float64(99.85))","(0, np.float64(97.43))","(1, np.float64(99.07))","(1, np.float64(99.34))","(1, np.float64(98.06))",0.0,99.79,1.0,94.88,0.0,93.86,1.0,99.85,0.0,97.43,1.0,99.07,1.0,99.34,1.0,98.06
1,"(1, np.float64(100.0))","(1, np.float64(100.0))","(1, np.float64(99.99))","(1, np.float64(99.94))","(1, np.float64(99.57))","(1, np.float64(100.0))","(1, np.float64(99.97))","(1, np.float64(99.93))",1.0,100.0,1.0,100.0,1.0,99.99,1.0,99.94,1.0,99.57,1.0,100.0,1.0,99.97,1.0,99.93
1,"(1, np.float64(100.0))","(1, np.float64(100.0))","(1, np.float64(100.0))","(1, np.float64(100.0))","(1, np.float64(100.0))","(1, np.float64(100.0))","(1, np.float64(100.0))","(1, np.float64(100.0))",1.0,100.0,1.0,100.0,1.0,100.0,1.0,100.0,1.0,100.0,1.0,100.0,1.0,100.0,1.0,100.0
1,"(1, np.float64(99.99))","(1, np.float64(99.93))","(1, np.float64(99.98))","(1, np.float64(99.98))","(1, np.float64(99.64))","(1, np.float64(98.85))","(1, np.float64(100.0))","(1, np.float64(100.0))",1.0,99.99,1.0,99.93,1.0,99.98,1.0,99.98,1.0,99.64,1.0,98.85,1.0,100.0,1.0,100.0
1,"(1, np.float64(100.0))","(1, np.float64(100.0))","(1, np.float64(100.0))","(1, np.float64(100.0))","(1, np.float64(100.0))","(1, np.float64(100.0))","(1, np.float64(100.0))","(1, np.float64(100.0))",1.0,100.0,1.0,100.0,1.0,100.0,1.0,100.0,1.0,100.0,1.0,100.0,1.0,100.0,1.0,100.0
1,"(1, np.float64(100.0))","(1, np.float64(98.82))","(1, np.float64(99.41))","(1, np.float64(99.95))","(1, np.float64(99.77))","(1, np.float64(96.67))","(1, np.float64(97.75))","(1, np.float64(98.82))",1.0,100.0,1.0,98.82,1.0,99.41,1.0,99.95,1.0,99.77,1.0,96.67,1.0,97.75,1.0,98.82
1,"(1, np.float64(100.0))","(1, np.float64(100.0))","(1, np.float64(100.0))","(1, np.float64(100.0))","(1, np.float64(100.0))","(1, np.float64(100.0))","(1, np.float64(100.0))","(1, np.float64(100.0))",1.0,100.0,1.0,100.0,1.0,100.0,1.0,100.0,1.0,100.0,1.0,100.0,1.0,100.0,1.0,100.0
1,"(1, np.float64(99.99))","(1, np.float64(99.99))","(1, np.float64(100.0))","(1, np.float64(100.0))","(1, np.float64(100.0))","(1, np.float64(100.0))","(1, np.float64(100.0))","(1, np.float64(100.0))",1.0,99.99,1.0,99.99,1.0,100.0,1.0,100.0,1.0,100.0,1.0,100.0,1.0,100.0,1.0,100.0
1,"(1, np.float64(100.0))","(1, np.float64(100.0))","(1, np.float64(100.0))","(1, np.float64(100.0))","(1, np.float64(100.0))","(1, np.float64(100.0))","(1, np.float64(100.0))","(1, np.float64(100.0))",1.0,100.0,1.0,100.0,1.0,100.0,1.0,100.0,1.0,100.0,1.0,100.0,1.0,100.0,1.0,100.0
1,"(1, np.float64(100.0))","(1, np.float64(100.0))","(1, np.float64(100.0))","(1, np.float64(100.0))","(1, np.float64(100.0))","(1, np.float64(88.6))","(1, np.float64(86.91))","(1, np.float64(90.76))",1.0,100.0,1.0,100.0,1.0,100.0,1.0,100.0,1.0,100.0,1.0,88.6,1.0,86.91,1.0,90.76
1,"(1, np.float64(99.97))","(1, np.float64(99.92))","(1, np.float64(99.96))","(1, np.float64(99.83))","(1, np.float64(99.85))","(1, np.float64(98.36))","(1, np.float64(99.99))","(1, np.float64(99.84))",1.0,99.97,1.0,99.92,1.0,99.96,1.0,99.83,1.0,99.85,1.0,98.36,1.0,99.99,1.0,99.84
1,"(1, np.float64(100.0))","(1, np.float64(100.0))","(1, np.float64(100.0))","(1, np.float64(100.0))","(1, np.float64(100.0))","(1, np.float64(100.0))","(1, np.float64(100.0))","(1, np.float64(99.99))",1.0,100.0,1.0,100.0,1.0,100.0,1.0,100.0,1.0,100.0,1.0,100.0,1.0,100.0,1.0,99.99
1,"(1, np.float64(98.02))","(1, np.float64(97.78))","(0, np.float64(99.91))","(1, np.float64(99.02))","(0, np.float64(99.0))","(0, np.float64(95.8))","(0, np.float64(99.98))","(1, np.float64(92.39))",1.0,98.02,1.0,97.78,0.0,99.91,1.0,99.02,0.0,99.0,0.0,95.8,0.0,99.98,1.0,92.39
1,"(1, np.float64(100.0))","(1, np.float64(100.0))","(1, np.float64(100.0))","(1, np.float64(100.0))","(1, np.float64(100.0))","(1, np.float64(100.0))","(1, np.float64(100.0))","(1, np.float64(100.0))",1.0,100.0,1.0,100.0,1.0,100.0,1.0,100.0,1.0,100.0,1.0,100.0,1.0,100.0,1.0,100.0
1,"(1, np.float64(100.0))","(1, np.float64(100.0))","(1, np.float64(100.0))","(1, np.float64(100.0))","(1, np.float64(100.0))","(1, np.float64(100.0))","(1, np.float64(100.0))","(1, np.float64(100.0))",1.0,100.0,1.0,100.0,1.0,100.0,1.0,100.0,1.0,100.0,1.0,100.0,1.0,100.0,1.0,100.0
1,"(1, np.float64(100.0))","(1, np.float64(100.0))","(1, np.float64(100.0))","(1, np.float64(100.0))","(1, np.float64(100.0))","(1, np.float64(100.0))","(1, np.float64(100.0))","(1, np.float64(100.0))",1.0,100.0,1.0,100.0,1.0,100.0,1.0,100.0,1.0,100.0,1.0,100.0,1.0,100.0,1.0,100.0
1,"(1, np.float64(100.0))","(1, np.float64(100.0))","(1, np.float64(100.0))","(1, np.float64(100.0))","(1, np.float64(100.0))","(1, np.float64(100.0))","(1, np.float64(100.0))","(1, np.float64(100.0))",1.0,100.0,1.0,100.0,1.0,100.0,1.0,100.0,1.0,100.0,1.0,100.0,1.0,100.0,1.0,100.0
1,"(1, np.float64(100.0))","(1, np.float64(100.0))","(1, np.float64(100.0))","(1, np.float64(100.0))","(1, np.float64(100.0))","(1, np.float64(100.0))","(1, np.float64(100.0))","(1, np.float64(100.0))",1.0,100.0,1.0,100.0,1.0,100.0,1.0,100.0,1.0,100.0,1.0,100.0,1.0,100.0,1.0,100.0
1,"(1, np.float64(100.0))","(1, np.float64(100.0))","(1, np.float64(100.0))","(1, np.float64(100.0))","(1, np.float64(100.0))","(1, np.float64(100.0))","(1, np.float64(100.0))","(1, np.float64(100.0))",1.0,100.0,1.0,100.0,1.0,100.0,1.0,100.0,1.0,100.0,1.0,100.0,1.0,100.0,1.0,100.0
1,"(1, np.float64(99.99))","(1, np.float64(99.9))","(1, np.float64(99.93))","(1, np.float64(99.83))","(1, np.float64(99.88))","(1, np.float64(99.82))","(1, np.float64(99.98))","(1, np.float64(99.92))",1.0,99.99,1.0,99.9,1.0,99.93,1.0,99.83,1.0,99.88,1.0,99.82,1.0,99.98,1.0,99.92
1,"(1, np.float64(100.0))","(1, np.float64(100.0))","(1, np.float64(100.0))","(1, np.float64(100.0))","(1, np.float64(100.0))","(1, np.float64(100.0))","(1, np.float64(100.0))","(1, np.float64(81.0))",1.0,100.0,1.0,100.0,1.0,100.0,1.0,100.0,1.0,100.0,1.0,100.0,1.0,100.0,1.0,81.0
1,"(1, np.float64(100.0))","(1, np.float64(99.98))","(1, np.float64(99.96))","(1, np.float64(99.89))","(1, np.float64(99.95))","(1, np.float64(99.7))","(1, np.float64(99.77))","(1, np.float64(98.74))",1.0,100.0,1.0,99.98,1.0,99.96,1.0,99.89,1.0,99.95,1.0,99.7,1.0,99.77,1.0,98.74
0,,,,,,,,,,,,,,,,,,,,,,,,
1,"(1, np.float64(100.0))","(1, np.float64(100.0))","(1, np.float64(100.0))","(1, np.float64(100.0))","(1, np.float64(82.54))","(1, np.float64(80.91))","(1, np.float64(84.46))","(1, np.float64(86.79))",1.0,100.0,1.0,100.0,1.0,100.0,1.0,100.0,1.0,82.54,1.0,80.91,1.0,84.46,1.0,86.79
0,,,,,,,,,,,,,,,,,,,,,,,,
0,,,,,,,,,,,,,,,,,,,,,,,,
1,"(1, np.float64(97.13))","(1, np.float64(97.13))","(0, np.float64(95.35))","(1, np.float64(99.05))","(1, np.float64(95.68))","(1, np.float64(99.99))","(1, np.float64(100.0))","(1, np.float64(99.93))",1.0,97.13,1.0,97.13,0.0,95.35,1.0,99.05,1.0,95.68,1.0,99.99,1.0,100.0,1.0,99.93
1,"(1, np.float64(100.0))","(1, np.float64(100.0))","(1, np.float64(100.0))","(1, np.float64(100.0))","(1, np.float64(100.0))","(1, np.float64(100.0))","(1, np.float64(100.0))","(1, np.float64(100.0))",1.0,100.0,1.0,100.0,1.0,100.0,1.0,100.0,1.0,100.0,1.0,100.0,1.0,100.0,1.0,100.0
1,"(1, np.float64(100.0))","(1, np.float64(99.98))","(1, np.float64(99.99))","(1, np.float64(99.97))","(1, np.float64(99.88))","(1, np.float64(99.85))","(1, np.float64(100.0))","(1, np.float64(99.91))",1.0,100.0,1.0,99.98,1.0,99.99,1.0,99.97,1.0,99.88,1.0,99.85,1.0,100.0,1.0,99.91
1,"(1, np.float64(99.99))","(1, np.float64(99.63))","(1, np.float64(95.66))","(0, np.float64(99.12))","(1, np.float64(99.98))","(1, np.float64(100.0))","(1, np.float64(100.0))","(1, np.float64(99.99))",1.0,99.99,1.0,99.63,1.0,95.66,0.0,99.12,1.0,99.98,1.0,100.0,1.0,100.0,1.0,99.99
1,"(1, np.float64(100.0))","(1, np.float64(83.9))","(1, np.float64(84.76))","(1, np.float64(85.84))","(1, np.float64(82.81))","(1, np.float64(83.06))","(1, np.float64(88.08))","(1, np.float64(91.08))",1.0,100.0,1.0,83.9,1.0,84.76,1.0,85.84,1.0,82.81,1.0,83.06,1.0,88.08,1.0,91.08
1,"(1, np.float64(100.0))","(1, np.float64(100.0))","(1, np.float64(100.0))","(1, np.float64(100.0))","(1, np.float64(100.0))","(1, np.float64(100.0))","(1, np.float64(100.0))","(1, np.float64(100.0))",1.0,100.0,1.0,100.0,1.0,100.0,1.0,100.0,1.0,100.0,1.0,100.0,1.0,100.0,1.0,100.0
1,"(1, np.float64(99.96))","(1, np.float64(99.98))","(1, np.float64(99.92))","(1, np.float64(99.58))","(1, np.float64(98.85))","(1, np.float64(99.84))","(1, np.float64(100.0))","(1, np.float64(99.99))",1.0,99.96,1.0,99.98,1.0,99.92,1.0,99.58,1.0,98.85,1.0,99.84,1.0,100.0,1.0,99.99
1,"(1, np.float64(100.0))","(1, np.float64(100.0))","(1, np.float64(99.96))","(0, np.float64(95.0))","(1, np.float64(99.97))","(1, np.float64(100.0))","(1, np.float64(100.0))","(1, np.float64(100.0))",1.0,100.0,1.0,100.0,1.0,99.96,0.0,95.0,1.0,99.97,1.0,100.0,1.0,100.0,1.0,100.0
1,"(1, np.float64(100.0))","(1, np.float64(100.0))","(1, np.float64(100.0))","(1, np.float64(100.0))","(1, np.float64(100.0))","(1, np.float64(100.0))","(1, np.float64(100.0))","(1, np.float64(100.0))",1.0,100.0,1.0,100.0,1.0,100.0,1.0,100.0,1.0,100.0,1.0,100.0,1.0,100.0,1.0,100.0
1,"(1, np.float64(100.0))","(1, np.float64(100.0))","(1, np.float64(100.0))","(1, np.float64(100.0))","(1, np.float64(100.0))","(1, np.float64(100.0))","(1, np.float64(100.0))","(1, np.float64(100.0))",1.0,100.0,1.0,100.0,1.0,100.0,1.0,100.0,1.0,100.0,1.0,100.0,1.0,100.0,1.0,100.0
1,"(1, np.float64(100.0))","(1, np.float64(100.0))","(1, np.float64(100.0))","(1, np.float64(100.0))","(1, np.float64(100.0))","(1, np.float64(100.0))","(1, np.float64(100.0))","(1, np.float64(100.0))",1.0,100.0,1.0,100.0,1.0,100.0,1.0,100.0,1.0,100.0,1.0,100.0,1.0,100.0,1.0,100.0
0,,,,,,,,,,,,,,,,,,,,,,,,
1,"(1, np.float64(96.92))","(1, np.float64(94.87))","(0, np.float64(97.77))","(1, np.float64(99.39))","(0, np.float64(98.22))","(0, np.float64(99.21))","(0, np.float64(96.2))","(1, np.float64(98.75))",1.0,96.92,1.0,94.87,0.0,97.77,1.0,99.39,0.0,98.22,0.0,99.21,0.0,96.2,1.0,98.75
1,"(1, np.float64(100.0))","(1, np.float64(100.0))","(1, np.float64(100.0))","(1, np.float64(100.0))","(1, np.float64(100.0))","(1, np.float64(100.0))","(1, np.float64(100.0))","(1, np.float64(100.0))",1.0,100.0,1.0,100.0,1.0,100.0,1.0,100.0,1.0,100.0,1.0,100.0,1.0,100.0,1.0,100.0
0,,,,,,,,,,,,,,,,,,,,,,,,
1,"(1, np.float64(100.0))","(1, np.float64(100.0))","(1, np.float64(100.0))","(1, np.float64(100.0))","(1, np.float64(100.0))","(1, np.float64(82.98))","(1, np.float64(75.89))","(1, np.float64(79.02))",1.0,100.0,1.0,100.0,1.0,100.0,1.0,100.0,1.0,100.0,1.0,82.98,1.0,75.89,1.0,79.02
1,"(1, np.float64(100.0))","(1, np.float64(100.0))","(1, np.float64(83.09))","(1, np.float64(84.63))","(1, np.float64(85.41))","(1, np.float64(85.24))","(1, np.float64(87.43))","(1, np.float64(85.42))",1.0,100.0,1.0,100.0,1.0,83.09,1.0,84.63,1.0,85.41,1.0,85.24,1.0,87.43,1.0,85.42
0,,,,,,,,,,,,,,,,,,,,,,,,
1,"(1, np.float64(100.0))","(1, np.float64(100.0))","(1, np.float64(99.99))","(1, np.float64(99.33))","(1, np.float64(99.11))","(1, np.float64(100.0))","(1, np.float64(99.99))","(1, np.float64(99.67))",1.0,100.0,1.0,100.0,1.0,99.99,1.0,99.33,1.0,99.11,1.0,100.0,1.0,99.99,1.0,99.67
1,"(1, np.float64(99.96))","(1, np.float64(99.92))","(1, np.float64(99.48))","(1, np.float64(98.82))","(1, np.float64(98.68))","(1, np.float64(99.21))","(1, np.float64(99.89))","(1, np.float64(99.86))",1.0,99.96,1.0,99.92,1.0,99.48,1.0,98.82,1.0,98.68,1.0,99.21,1.0,99.89,1.0,99.86
1,"(1, np.float64(100.0))","(1, np.float64(100.0))","(1, np.float64(100.0))","(1, np.float64(100.0))","(1, np.float64(100.0))","(1, np.float64(100.0))","(1, np.float64(100.0))","(1, np.float64(100.0))",1.0,100.0,1.0,100.0,1.0,100.0,1.0,100.0,1.0,100.0,1.0,100.0,1.0,100.0,1.0,100.0
1,"(1, np.float64(100.0))","(1, np.float64(99.75))","(1, np.float64(99.81))","(1, np.float64(99.99))","(1, np.float64(99.68))","(1, np.float64(99.88))","(1, np.float64(99.59))","(1, np.float64(98.32))",1.0,100.0,1.0,99.75,1.0,99.81,1.0,99.99,1.0,99.68,1.0,99.88,1.0,99.59,1.0,98.32
0,,,,,,,,,,,,,,,,,,,,,,,,
1,"(1, np.float64(100.0))","(1, np.float64(100.0))","(1, np.float64(100.0))","(1, np.float64(100.0))","(1, np.float64(100.0))","(1, np.float64(100.0))","(1, np.float64(100.0))","(1, np.float64(100.0))",1.0,100.0,1.0,100.0,1.0,100.0,1.0,100.0,1.0,100.0,1.0,100.0,1.0,100.0,1.0,100.0
1,"(1, np.float64(100.0))","(1, np.float64(100.0))","(1, np.float64(100.0))","(1, np.float64(100.0))","(1, np.float64(99.98))","(1, np.float64(99.98))","(1, np.float64(100.0))","(1, np.float64(100.0))",1.0,100.0,1.0,100.0,1.0,100.0,1.0,100.0,1.0,99.98,1.0,99.98,1.0,100.0,1.0,100.0
1,"(1, np.float64(99.74))","(1, np.float64(99.53))","(1, np.float64(99.77))","(0, np.float64(96.11))","(1, np.float64(99.84))","(1, np.float64(99.97))","(1, np.float64(100.0))","(1, np.float64(100.0))",1.0,99.74,1.0,99.53,1.0,99.77,0.0,96.11,1.0,99.84,1.0,99.97,1.0,100.0,1.0,100.0
0,,,,,,,,,,,,,,,,,,,,,,,,
1,"(1, np.float64(100.0))","(1, np.float64(100.0))","(1, np.float64(100.0))","(1, np.float64(100.0))","(1, np.float64(100.0))","(1, np.float64(100.0))","(1, np.float64(100.0))","(1, np.float64(99.98))",1.0,100.0,1.0,100.0,1.0,100.0,1.0,100.0,1.0,100.0,1.0,100.0,1.0,100.0,1.0,99.98
0,,,,,,,,,,,,,,,,,,,,,,,,
1,"(1, np.float64(100.0))","(1, np.float64(100.0))","(1, np.float64(100.0))","(1, np.float64(100.0))","(1, np.float64(100.0))","(1, np.float64(100.0))","(1, np.float64(100.0))","(1, np.float64(100.0))",1.0,100.0,1.0,100.0,1.0,100.0,1.0,100.0,1.0,100.0,1.0,100.0,1.0,100.0,1.0,100.0
1,"(1, np.float64(100.0))","(1, np.float64(100.0))","(1, np.float64(100.0))","(1, np.float64(100.0))","(1, np.float64(100.0))","(1, np.float64(100.0))","(1, np.float64(100.0))","(1, np.float64(100.0))",1.0,100.0,1.0,100.0,1.0,100.0,1.0,100.0,1.0,100.0,1.0,100.0,1.0,100.0,1.0,100.0
1,"(1, np.float64(99.97))","(1, np.float64(99.82))","(1, np.float64(99.65))","(1, np.float64(98.72))","(1, np.float64(97.45))","(1, np.float64(99.65))","(1, np.float64(99.87))","(1, np.float64(99.86))",1.0,99.97,1.0,99.82,1.0,99.65,1.0,98.72,1.0,97.45,1.0,99.65,1.0,99.87,1.0,99.86
1,"(1, np.float64(100.0))","(1, np.float64(97.25))","(1, np.float64(99.06))","(1, np.float64(98.82))","(1, np.float64(97.25))","(1, np.float64(86.58))","(1, np.float64(80.92))","(1, np.float64(86.46))",1.0,100.0,1.0,97.25,1.0,99.06,1.0,98.82,1.0,97.25,1.0,86.58,1.0,80.92,1.0,86.46
0,,,,,,,,,,,,,,,,,,,,,,,,
1,"(1, np.float64(100.0))","(1, np.float64(100.0))","(1, np.float64(100.0))","(1, np.float64(100.0))","(1, np.float64(100.0))","(1, np.float64(100.0))","(1, np.float64(100.0))","(1, np.float64(100.0))",1.0,100.0,1.0,100.0,1.0,100.0,1.0,100.0,1.0,100.0,1.0,100.0,1.0,100.0,1.0,100.0
1,"(1, np.float64(100.0))","(1, np.float64(100.0))","(1, np.float64(100.0))","(1, np.float64(100.0))","(1, np.float64(100.0))","(1, np.float64(100.0))","(1, np.float64(100.0))","(1, np.float64(100.0))",1.0,100.0,1.0,100.0,1.0,100.0,1.0,100.0,1.0,100.0,1.0,100.0,1.0,100.0,1.0,100.0
1,"(0, np.float64(99.53))","(1, np.float64(99.89))","(1, np.float64(92.84))","(0, np.float64(94.4))","(1, np.float64(98.41))","(1, np.float64(99.52))","(1, np.float64(100.0))","(1, np.float64(98.59))",0.0,99.53,1.0,99.89,1.0,92.84,0.0,94.4,1.0,98.41,1.0,99.52,1.0,100.0,1.0,98.59
1,"(1, np.float64(99.23))","(1, np.float64(95.15))","(1, np.float64(100.0))","(1, np.float64(99.98))","(1, np.float64(99.97))","(1, np.float64(100.0))","(1, np.float64(100.0))","(1, np.float64(100.0))",1.0,99.23,1.0,95.15,1.0,100.0,1.0,99.98,1.0,99.97,1.0,100.0,1.0,100.0,1.0,100.0
0,,,,,,,,,,,,,,,,,,,,,,,,
1,"(1, np.float64(100.0))","(1, np.float64(99.99))","(1, np.float64(99.99))","(1, np.float64(100.0))","(1, np.float64(98.94))","(1, np.float64(98.67))","(1, np.float64(99.99))","(1, np.float64(98.67))",1.0,100.0,1.0,99.99,1.0,99.99,1.0,100.0,1.0,98.94,1.0,98.67,1.0,99.99,1.0,98.67
1,"(1, np.float64(100.0))","(1, np.float64(100.0))","(1, np.float64(100.0))","(1, np.float64(100.0))","(1, np.float64(100.0))","(1, np.float64(100.0))","(1, np.float64(100.0))","(1, np.float64(100.0))",1.0,100.0,1.0,100.0,1.0,100.0,1.0,100.0,1.0,100.0,1.0,100.0,1.0,100.0,1.0,100.0
1,"(1, np.float64(93.89))","(1, np.float64(98.55))","(1, np.float64(95.35))","(1, np.float64(96.18))","(1, np.float64(96.54))","(0, np.float64(99.89))","(0, np.float64(99.98))","(1, np.float64(97.19))",1.0,93.89,1.0,98.55,1.0,95.35,1.0,96.18,1.0,96.54,0.0,99.89,0.0,99.98,1.0,97.19
0,,,,,,,,,,,,,,,,,,,,,,,,
1,"(1, np.float64(100.0))","(1, np.float64(100.0))","(1, np.float64(100.0))","(1, np.float64(100.0))","(1, np.float64(100.0))","(1, np.float64(100.0))","(1, np.float64(100.0))","(1, np.float64(100.0))",1.0,100.0,1.0,100.0,1.0,100.0,1.0,100.0,1.0,100.0,1.0,100.0,1.0,100.0,1.0,100.0
1,"(1, np.float64(100.0))","(1, np.float64(100.0))","(1, np.float64(100.0))","(1, np.float64(99.99))","(1, np.float64(100.0))","(1, np.float64(99.99))","(1, np.float64(100.0))","(1, np.float64(100.0))",1.0,100.0,1.0,100.0,1.0,100.0,1.0,99.99,1.0,100.0,1.0,99.99,1.0,100.0,1.0,100.0
1,"(1, np.float64(100.0))","(1, np.float64(100.0))","(1, np.float64(100.0))","(1, np.float64(100.0))","(1, np.float64(100.0))","(1, np.float64(100.0))","(1, np.float64(100.0))","(1, np.float64(100.0))",1.0,100.0,1.0,100.0,1.0,100.0,1.0,100.0,1.0,100.0,1.0,100.0,1.0,100.0,1.0,100.0
1,"(1, np.float64(100.0))","(1, np.float64(100.0))","(1, np.float64(99.99))","(1, np.float64(99.9))","(1, np.float64(99.84))","(1, np.float64(99.9))","(1, np.float64(99.9))","(1, np.float64(99.6))",1.0,100.0,1.0,100.0,1.0,99.99,1.0,99.9,1.0,99.84,1.0,99.9,1.0,99.9,1.0,99.6
1,"(1, np.float64(100.0))","(1, np.float64(100.0))","(1, np.float64(100.0))","(1, np.float64(100.0))","(1, np.float64(100.0))","(1, np.float64(100.0))","(1, np.float64(100.0))","(1, np.float64(100.0))",1.0,100.0,1.0,100.0,1.0,100.0,1.0,100.0,1.0,100.0,1.0,100.0,1.0,100.0,1.0,100.0
1,"(1, np.float64(100.0))","(1, np.float64(100.0))","(1, np.float64(100.0))","(1, np.float64(100.0))","(1, np.float64(100.0))","(1, np.float64(100.0))","(1, np.float64(100.0))","(1, np.float64(99.99))",1.0,100.0,1.0,100.0,1.0,100.0,1.0,100.0,1.0,100.0,1.0,100.0,1.0,100.0,1.0,99.99
1,"(1, np.float64(100.0))","(1, np.float64(100.0))","(1, np.float64(89.0))","(1, np.float64(100.0))","(1, np.float64(86.78))","(1, np.float64(87.16))","(1, np.float64(90.23))","(1, np.float64(89.26))",1.0,100.0,1.0,100.0,1.0,89.0,1.0,100.0,1.0,86.78,1.0,87.16,1.0,90.23,1.0,89.26
1,"(1, np.float64(99.99))","(1, np.float64(99.98))","(1, np.float64(100.0))","(1, np.float64(99.84))","(1, np.float64(99.97))","(1, np.float64(100.0))","(1, np.float64(100.0))","(1, np.float64(100.0))",1.0,99.99,1.0,99.98,1.0,100.0,1.0,99.84,1.0,99.97,1.0,100.0,1.0,100.0,1.0,100.0
1,"(1, np.float64(100.0))","(1, np.float64(100.0))","(1, np.float64(99.99))","(1, np.float64(100.0))","(1, np.float64(99.99))","(1, np.float64(100.0))","(1, np.float64(100.0))","(1, np.float64(100.0))",1.0,100.0,1.0,100.0,1.0,99.99,1.0,100.0,1.0,99.99,1.0,100.0,1.0,100.0,1.0,100.0
1,"(1, np.float64(93.1))","(1, np.float64(99.66))","(0, np.float64(98.92))","(0, np.float64(94.35))","(1, np.float64(99.88))","(1, np.float64(96.58))","(1, np.float64(99.31))","(1, np.float64(97.19))",1.0,93.1,1.0,99.66,0.0,98.92,0.0,94.35,1.0,99.88,1.0,96.58,1.0,99.31,1.0,97.19
1,"(1, np.float64(100.0))","(1, np.float64(100.0))","(1, np.float64(100.0))","(1, np.float64(100.0))","(1, np.float64(100.0))","(1, np.float64(100.0))","(1, np.float64(100.0))","(1, np.float64(100.0))",1.0,100.0,1.0,100.0,1.0,100.0,1.0,100.0,1.0,100.0,1.0,100.0,1.0,100.0,1.0,100.0
1,"(1, np.float64(100.0))","(1, np.float64(100.0))","(1, np.float64(100.0))","(1, np.float64(100.0))","(1, np.float64(100.0))","(1, np.float64(100.0))","(1, np.float64(100.0))","(1, np.float64(100.0))",1.0,100.0,1.0,100.0,1.0,100.0,1.0,100.0,1.0,100.0,1.0,100.0,1.0,100.0,1.0,100.0
1,"(1, np.float64(100.0))","(1, np.float64(100.0))","(1, np.float64(100.0))","(1, np.float64(100.0))","(1, np.float64(100.0))","(1, np.float64(100.0))","(1, np.float64(100.0))","(1, np.float64(100.0))",1.0,100.0,1.0,100.0,1.0,100.0,1.0,100.0,1.0,100.0,1.0,100.0,1.0,100.0,1.0,100.0
1,"(1, np.float64(100.0))","(1, np.float64(100.0))","(1, np.float64(100.0))","(1, np.float64(100.0))","(1, np.float64(99.98))","(1, np.float64(99.99))","(1, np.float64(100.0))","(1, np.float64(99.98))",1.0,100.0,1.0,100.0,1.0,100.0,1.0,100.0,1.0,99.98,1.0,99.99,1.0,100.0,1.0,99.98
0,,,,,,,,,,,,,,,,,,,,,,,,
1,"(1, np.float64(100.0))","(1, np.float64(100.0))","(1, np.float64(100.0))","(1, np.float64(100.0))","(1, np.float64(100.0))","(1, np.float64(100.0))","(1, np.float64(100.0))","(1, np.float64(100.0))",1.0,100.0,1.0,100.0,1.0,100.0,1.0,100.0,1.0,100.0,1.0,100.0,1.0,100.0,1.0,100.0
1,"(1, np.float64(99.99))","(1, np.float64(99.96))","(1, np.float64(99.9))","(1, np.float64(99.98))","(1, np.float64(99.96))","(1, np.float64(98.4))","(1, np.float64(99.7))","(1, np.float64(99.92))",1.0,99.99,1.0,99.96,1.0,99.9,1.0,99.98,1.0,99.96,1.0,98.4,1.0,99.7,1.0,99.92
0,,,,,,,,,,,,,,,,,,,,,,,,
1,"(1, np.float64(100.0))","(1, np.float64(100.0))","(1, np.float64(100.0))","(1, np.float64(100.0))","(1, np.float64(100.0))","(1, np.float64(100.0))","(1, np.float64(100.0))","(1, np.float64(100.0))",1.0,100.0,1.0,100.0,1.0,100.0,1.0,100.0,1.0,100.0,1.0,100.0,1.0,100.0,1.0,100.0
1,"(1, np.float64(99.72))","(1, np.float64(99.98))","(1, np.float64(99.96))","(1, np.float64(99.66))","(1, np.float64(99.68))","(1, np.float64(99.76))","(1, np.float64(100.0))","(1, np.float64(78.8))",1.0,99.72,1.0,99.98,1.0,99.96,1.0,99.66,1.0,99.68,1.0,99.76,1.0,100.0,1.0,78.8
1,"(1, np.float64(100.0))","(1, np.float64(100.0))","(1, np.float64(100.0))","(1, np.float64(100.0))","(1, np.float64(100.0))","(1, np.float64(100.0))","(1, np.float64(100.0))","(1, np.float64(100.0))",1.0,100.0,1.0,100.0,1.0,100.0,1.0,100.0,1.0,100.0,1.0,100.0,1.0,100.0,1.0,100.0
1,"(1, np.float64(100.0))","(1, np.float64(100.0))","(1, np.float64(100.0))","(1, np.float64(100.0))","(1, np.float64(100.0))","(1, np.float64(100.0))","(1, np.float64(100.0))","(1, np.float64(100.0))",1.0,100.0,1.0,100.0,1.0,100.0,1.0,100.0,1.0,100.0,1.0,100.0,1.0,100.0,1.0,100.0
1,"(1, np.float64(100.0))","(1, np.float64(100.0))","(1, np.float64(100.0))","(1, np.float64(99.99))","(1, np.float64(99.96))","(1, np.float64(100.0))","(1, np.float64(100.0))","(1, np.float64(100.0))",1.0,100.0,1.0,100.0,1.0,100.0,1.0,99.99,1.0,99.96,1.0,100.0,1.0,100.0,1.0,100.0
1,"(1, np.float64(100.0))","(1, np.float64(100.0))","(1, np.float64(100.0))","(1, np.float64(100.0))","(1, np.float64(100.0))","(1, np.float64(100.0))","(1, np.float64(100.0))","(1, np.float64(100.0))",1.0,100.0,1.0,100.0,1.0,100.0,1.0,100.0,1.0,100.0,1.0,100.0,1.0,100.0,1.0,100.0
1,"(1, np.float64(100.0))","(1, np.float64(100.0))","(1, np.float64(100.0))","(1, np.float64(100.0))","(1, np.float64(100.0))","(1, np.float64(100.0))","(1, np.float64(100.0))","(1, np.float64(100.0))",1.0,100.0,1.0,100.0,1.0,100.0,1.0,100.0,1.0,100.0,1.0,100.0,1.0,100.0,1.0,100.0
1,"(1, np.float64(99.98))","(1, np.float64(99.98))","(1, np.float64(99.94))","(1, np.float64(99.71))","(1, np.float64(99.51))","(1, np.float64(99.17))","(1, np.float64(99.9))","(1, np.float64(99.72))",1.0,99.98,1.0,99.98,1.0,99.94,1.0,99.71,1.0,99.51,1.0,99.17,1.0,99.9,1.0,99.72
1,"(1, np.float64(100.0))","(1, np.float64(100.0))","(1, np.float64(100.0))","(1, np.float64(100.0))","(1, np.float64(100.0))","(1, np.float64(100.0))","(1, np.float64(100.0))","(1, np.float64(100.0))",1.0,100.0,1.0,100.0,1.0,100.0,1.0,100.0,1.0,100.0,1.0,100.0,1.0,100.0,1.0,100.0
1,"(1, np.float64(100.0))","(1, np.float64(100.0))","(1, np.float64(100.0))","(1, np.float64(100.0))","(1, np.float64(100.0))","(1, np.float64(100.0))","(1, np.float64(100.0))","(1, np.float64(100.0))",1.0,100.0,1.0,100.0,1.0,100.0,1.0,100.0,1.0,100.0,1.0,100.0,1.0,100.0,1.0,100.0
1,"(1, np.float64(99.7))","(0, np.float64(97.01))","(1, np.float64(99.89))","(1, np.float64(98.57))","(1, np.float64(96.8))","(1, np.float64(77.06))","(1, np.float64(76.91))","(1, np.float64(78.41))",1.0,99.7,0.0,97.01,1.0,99.89,1.0,98.57,1.0,96.8,1.0,77.06,1.0,76.91,1.0,78.41
1,"(1, np.float64(100.0))","(1, np.float64(100.0))","(1, np.float64(100.0))","(1, np.float64(100.0))","(1, np.float64(99.99))","(1, np.float64(99.95))","(1, np.float64(99.98))","(1, np.float64(99.98))",1.0,100.0,1.0,100.0,1.0,100.0,1.0,100.0,1.0,99.99,1.0,99.95,1.0,99.98,1.0,99.98
1,"(1, np.float64(100.0))","(1, np.float64(100.0))","(1, np.float64(100.0))","(1, np.float64(100.0))","(1, np.float64(100.0))","(1, np.float64(100.0))","(1, np.float64(100.0))","(1, np.float64(100.0))",1.0,100.0,1.0,100.0,1.0,100.0,1.0,100.0,1.0,100.0,1.0,100.0,1.0,100.0,1.0,100.0
1,"(1, np.float64(99.84))","(1, np.float64(99.58))","(1, np.float64(97.44))","(1, np.float64(97.0))","(1, np.float64(96.47))","(1, np.float64(98.13))","(1, np.float64(97.17))","(0, np.float64(99.66))",1.0,99.84,1.0,99.58,1.0,97.44,1.0,97.0,1.0,96.47,1.0,98.13,1.0,97.17,0.0,99.66
1,"(1, np.float64(100.0))","(1, np.float64(100.0))","(1, np.float64(100.0))","(1, np.float64(100.0))","(1, np.float64(100.0))","(1, np.float64(99.82))","(1, np.float64(100.0))","(1, np.float64(100.0))",1.0,100.0,1.0,100.0,1.0,100.0,1.0,100.0,1.0,100.0,1.0,99.82,1.0,100.0,1.0,100.0
1,"(1, np.float64(99.67))","(1, np.float64(99.04))","(1, np.float64(99.94))","(1, np.float64(99.66))","(1, np.float64(96.37))","(1, np.float64(100.0))","(1, np.float64(100.0))","(1, np.float64(100.0))",1.0,99.67,1.0,99.04,1.0,99.94,1.0,99.66,1.0,96.37,1.0,100.0,1.0,100.0,1.0,100.0
1,"(1, np.float64(100.0))","(1, np.float64(100.0))","(1, np.float64(100.0))","(1, np.float64(100.0))","(1, np.float64(100.0))","(1, np.float64(100.0))","(1, np.float64(100.0))","(1, np.float64(100.0))",1.0,100.0,1.0,100.0,1.0,100.0,1.0,100.0,1.0,100.0,1.0,100.0,1.0,100.0,1.0,100.0
1,"(1, np.float64(100.0))","(1, np.float64(100.0))","(1, np.float64(100.0))","(1, np.float64(99.99))","(1, np.float64(99.99))","(1, np.float64(99.99))","(1, np.float64(100.0))","(1, np.float64(99.96))",1.0,100.0,1.0,100.0,1.0,100.0,1.0,99.99,1.0,99.99,1.0,99.99,1.0,100.0,1.0,99.96
1,"(1, np.float64(100.0))","(1, np.float64(100.0))","(1, np.float64(100.0))","(1, np.float64(100.0))","(1, np.float64(100.0))","(1, np.float64(100.0))","(1, np.float64(100.0))","(1, np.float64(100.0))",1.0,100.0,1.0,100.0,1.0,100.0,1.0,100.0,1.0,100.0,1.0,100.0,1.0,100.0,1.0,100.0
1,"(1, np.float64(99.54))","(1, np.float64(98.22))","(1, np.float64(99.21))","(1, np.float64(96.01))","(0, np.float64(95.83))","(1, np.float64(99.16))","(1, np.float64(95.27))","(1, np.float64(95.29))",1.0,99.54,1.0,98.22,1.0,99.21,1.0,96.01,0.0,95.83,1.0,99.16,1.0,95.27,1.0,95.29
1,"(1, np.float64(99.98))","(1, np.float64(100.0))","(1, np.float64(99.96))","(1, np.float64(98.6))","(1, np.float64(90.96))","(1, np.float64(99.39))","(1, np.float64(98.23))","(1, np.float64(94.24))",1.0,99.98,1.0,100.0,1.0,99.96,1.0,98.6,1.0,90.96,1.0,99.39,1.0,98.23,1.0,94.24
1,"(1, np.float64(96.54))","(1, np.float64(98.38))","(1, np.float64(99.36))","(1, np.float64(98.85))","(1, np.float64(97.77))","(1, np.float64(97.19))","(1, np.float64(97.17))","(1, np.float64(98.82))",1.0,96.54,1.0,98.38,1.0,99.36,1.0,98.85,1.0,97.77,1.0,97.19,1.0,97.17,1.0,98.82
1,"(1, np.float64(100.0))","(1, np.float64(100.0))","(1, np.float64(100.0))","(1, np.float64(100.0))","(1, np.float64(100.0))","(1, np.float64(100.0))","(1, np.float64(100.0))","(1, np.float64(100.0))",1.0,100.0,1.0,100.0,1.0,100.0,1.0,100.0,1.0,100.0,1.0,100.0,1.0,100.0,1.0,100.0
1,"(0, np.float64(99.77))","(0, np.float64(99.85))","(0, np.float64(100.0))","(0, np.float64(99.37))","(1, np.float64(96.95))","(1, np.float64(98.27))","(1, np.float64(99.78))","(1, np.float64(99.97))",0.0,99.77,0.0,99.85,0.0,100.0,0.0,99.37,1.0,96.95,1.0,98.27,1.0,99.78,1.0,99.97
1,"(1, np.float64(100.0))","(1, np.float64(99.91))","(1, np.float64(99.99))","(1, np.float64(100.0))","(1, np.float64(99.95))","(1, np.float64(100.0))","(1, np.float64(99.98))","(1, np.float64(98.54))",1.0,100.0,1.0,99.91,1.0,99.99,1.0,100.0,1.0,99.95,1.0,100.0,1.0,99.98,1.0,98.54
1,"(1, np.float64(99.7))","(1, np.float64(99.71))","(1, np.float64(78.51))","(0, np.float64(74.4))","(1, np.float64(86.18))","(1, np.float64(80.87))","(1, np.float64(79.67))","(1, np.float64(84.93))",1.0,99.7,1.0,99.71,1.0,78.51,0.0,74.4,1.0,86.18,1.0,80.87,1.0,79.67,1.0,84.93
1,"(1, np.float64(100.0))","(1, np.float64(100.0))","(1, np.float64(100.0))","(1, np.float64(100.0))","(1, np.float64(99.88))","(1, np.float64(99.99))","(1, np.float64(100.0))","(1, np.float64(100.0))",1.0,100.0,1.0,100.0,1.0,100.0,1.0,100.0,1.0,99.88,1.0,99.99,1.0,100.0,1.0,100.0
1,"(1, np.float64(100.0))","(1, np.float64(100.0))","(1, np.float64(99.98))","(1, np.float64(99.71))","(1, np.float64(98.43))","(1, np.float64(100.0))","(1, np.float64(100.0))","(1, np.float64(100.0))",1.0,100.0,1.0,100.0,1.0,99.98,1.0,99.71,1.0,98.43,1.0,100.0,1.0,100.0,1.0,100.0
1,"(0, np.float64(96.52))","(1, np.float64(98.12))","(0, np.float64(97.78))","(1, np.float64(97.61))","(0, np.float64(93.18))","(0, np.float64(99.21))","(0, np.float64(99.99))","(0, np.float64(98.45))",0.0,96.52,1.0,98.12,0.0,97.78,1.0,97.61,0.0,93.18,0.0,99.21,0.0,99.99,0.0,98.45
0,,,,,,,,,,,,,,,,,,,,,,,,
1,"(1, np.float64(100.0))","(1, np.float64(100.0))","(1, np.float64(84.59))","(1, np.float64(87.74))","(1, np.float64(91.42))","(1, np.float64(72.47))","(1, np.float64(78.43))","(1, np.float64(83.45))",1.0,100.0,1.0,100.0,1.0,84.59,1.0,87.74,1.0,91.42,1.0,72.47,1.0,78.43,1.0,83.45
1,"(1, np.float64(100.0))","(1, np.float64(100.0))","(1, np.float64(100.0))","(1, np.float64(100.0))","(1, np.float64(100.0))","(1, np.float64(100.0))","(1, np.float64(100.0))","(1, np.float64(100.0))",1.0,100.0,1.0,100.0,1.0,100.0,1.0,100.0,1.0,100.0,1.0,100.0,1.0,100.0,1.0,100.0
1,"(1, np.float64(100.0))","(1, np.float64(100.0))","(1, np.float64(100.0))","(1, np.float64(100.0))","(1, np.float64(100.0))","(1, np.float64(100.0))","(1, np.float64(100.0))","(1, np.float64(100.0))",1.0,100.0,1.0,100.0,1.0,100.0,1.0,100.0,1.0,100.0,1.0,100.0,1.0,100.0,1.0,100.0
0,,,,,,,,,,,,,,,,,,,,,,,,
1,"(1, np.float64(100.0))","(1, np.float64(100.0))","(1, np.float64(100.0))","(1, np.float64(100.0))","(1, np.float64(100.0))","(1, np.float64(100.0))","(1, np.float64(100.0))","(1, np.float64(100.0))",1.0,100.0,1.0,100.0,1.0,100.0,1.0,100.0,1.0,100.0,1.0,100.0,1.0,100.0,1.0,100.0
1,"(1, np.float64(99.81))","(1, np.float64(99.46))","(1, np.float64(98.89))","(1, np.float64(97.79))","(1, np.float64(98.32))","(1, np.float64(99.8))","(1, np.float64(99.63))","(1, np.float64(99.36))",1.0,99.81,1.0,99.46,1.0,98.89,1.0,97.79,1.0,98.32,1.0,99.8,1.0,99.63,1.0,99.36
1,"(0, np.float64(98.74))","(1, np.float64(99.71))","(0, np.float64(98.03))","(1, np.float64(98.4))","(0, np.float64(97.53))","(0, np.float64(98.05))","(0, np.float64(95.75))","(0, np.float64(96.44))",0.0,98.74,1.0,99.71,0.0,98.03,1.0,98.4,0.0,97.53,0.0,98.05,0.0,95.75,0.0,96.44
1,"(1, np.float64(100.0))","(1, np.float64(100.0))","(1, np.float64(100.0))","(1, np.float64(100.0))","(1, np.float64(100.0))","(1, np.float64(100.0))","(1, np.float64(100.0))","(1, np.float64(100.0))",1.0,100.0,1.0,100.0,1.0,100.0,1.0,100.0,1.0,100.0,1.0,100.0,1.0,100.0,1.0,100.0
1,"(1, np.float64(100.0))","(1, np.float64(100.0))","(1, np.float64(100.0))","(1, np.float64(100.0))","(1, np.float64(100.0))","(1, np.float64(100.0))","(1, np.float64(100.0))","(1, np.float64(100.0))",1.0,100.0,1.0,100.0,1.0,100.0,1.0,100.0,1.0,100.0,1.0,100.0,1.0,100.0,1.0,100.0
1,"(1, np.float64(100.0))","(1, np.float64(100.0))","(1, np.float64(100.0))","(1, np.float64(100.0))","(1, np.float64(100.0))","(1, np.float64(100.0))","(1, np.float64(100.0))","(1, np.float64(100.0))",1.0,100.0,1.0,100.0,1.0,100.0,1.0,100.0,1.0,100.0,1.0,100.0,1.0,100.0,1.0,100.0
1,"(1, np.float64(99.19))","(1, np.float64(97.81))","(0, np.float64(94.21))","(1, np.float64(98.48))","(1, np.float64(95.15))","(1, np.float64(96.77))","(1, np.float64(96.68))","(1, np.float64(95.38))",1.0,99.19,1.0,97.81,0.0,94.21,1.0,98.48,1.0,95.15,1.0,96.77,1.0,96.68,1.0,95.38
1,"(0, np.float64(98.36))","(1, np.float64(98.7))","(0, np.float64(97.99))","(1, np.float64(97.19))","(0, np.float64(99.54))","(0, np.float64(94.28))","(0, np.float64(96.76))","(0, np.float64(75.86))",0.0,98.36,1.0,98.7,0.0,97.99,1.0,97.19,0.0,99.54,0.0,94.28,0.0,96.76,0.0,75.86
1,"(1, np.float64(100.0))","(1, np.float64(100.0))","(1, np.float64(100.0))","(1, np.float64(100.0))","(1, np.float64(99.99))","(1, np.float64(100.0))","(1, np.float64(100.0))","(1, np.float64(100.0))",1.0,100.0,1.0,100.0,1.0,100.0,1.0,100.0,1.0,99.99,1.0,100.0,1.0,100.0,1.0,100.0
1,"(1, np.float64(100.0))","(1, np.float64(99.97))","(1, np.float64(99.96))","(1, np.float64(99.97))","(1, np.float64(100.0))","(1, np.float64(100.0))","(1, np.float64(100.0))","(1, np.float64(100.0))",1.0,100.0,1.0,99.97,1.0,99.96,1.0,99.97,1.0,100.0,1.0,100.0,1.0,100.0,1.0,100.0
1,"(1, np.float64(98.86))","(1, np.float64(96.79))","(1, np.float64(96.81))","(0, np.float64(99.48))","(1, np.float64(99.94))","(1, np.float64(99.94))","(0, np.float64(99.64))","(1, np.float64(99.85))",1.0,98.86,1.0,96.79,1.0,96.81,0.0,99.48,1.0,99.94,1.0,99.94,0.0,99.64,1.0,99.85
1,"(1, np.float64(100.0))","(1, np.float64(100.0))","(1, np.float64(75.1))","(1, np.float64(73.0))","(1, np.float64(79.82))","(1, np.float64(80.55))","(1, np.float64(82.35))","(1, np.float64(82.22))",1.0,100.0,1.0,100.0,1.0,75.1,1.0,73.0,1.0,79.82,1.0,80.55,1.0,82.35,1.0,82.22
1,"(1, np.float64(100.0))","(1, np.float64(100.0))","(1, np.float64(100.0))","(1, np.float64(100.0))","(1, np.float64(99.99))","(1, np.float64(100.0))","(1, np.float64(100.0))","(1, np.float64(99.92))",1.0,100.0,1.0,100.0,1.0,100.0,1.0,100.0,1.0,99.99,1.0,100.0,1.0,100.0,1.0,99.92
1,"(1, np.float64(100.0))","(1, np.float64(100.0))","(1, np.float64(100.0))","(1, np.float64(100.0))","(1, np.float64(100.0))","(1, np.float64(100.0))","(1, np.float64(100.0))","(1, np.float64(100.0))",1.0,100.0,1.0,100.0,1.0,100.0,1.0,100.0,1.0,100.0,1.0,100.0,1.0,100.0,1.0,100.0
1,"(1, np.float64(99.99))","(1, np.float64(99.95))","(1, np.float64(99.99))","(1, np.float64(99.3))","(1, np.float64(99.5))","(1, np.float64(99.93))","(1, np.float64(100.0))","(1, np.float64(99.98))",1.0,99.99,1.0,99.95,1.0,99.99,1.0,99.3,1.0,99.5,1.0,99.93,1.0,100.0,1.0,99.98
0,,,,,,,,,,,,,,,,,,,,,,,,
1,"(0, np.float64(99.62))","(0, np.float64(96.75))","(1, np.float64(99.38))","(0, np.float64(99.64))","(1, np.float64(96.48))","(0, np.float64(95.25))","(1, np.float64(96.91))","(0, np.float64(95.65))",0.0,99.62,0.0,96.75,1.0,99.38,0.0,99.64,1.0,96.48,0.0,95.25,1.0,96.91,0.0,95.65
1,"(0, np.float64(95.58))","(1, np.float64(99.46))","(0, np.float64(99.29))","(1, np.float64(99.39))","(0, np.float64(98.4))","(1, np.float64(96.55))","(0, np.float64(98.4))","(1, np.float64(99.84))",0.0,95.58,1.0,99.46,0.0,99.29,1.0,99.39,0.0,98.4,1.0,96.55,0.0,98.4,1.0,99.84
1,"(1, np.float64(100.0))","(1, np.float64(100.0))","(1, np.float64(100.0))","(1, np.float64(100.0))","(1, np.float64(78.53))","(1, np.float64(74.57))","(1, np.float64(78.03))","(1, np.float64(79.5))",1.0,100.0,1.0,100.0,1.0,100.0,1.0,100.0,1.0,78.53,1.0,74.57,1.0,78.03,1.0,79.5
1,"(1, np.float64(100.0))","(1, np.float64(100.0))","(1, np.float64(99.96))","(1, np.float64(100.0))","(1, np.float64(99.99))","(1, np.float64(99.83))","(1, np.float64(100.0))","(1, np.float64(99.99))",1.0,100.0,1.0,100.0,1.0,99.96,1.0,100.0,1.0,99.99,1.0,99.83,1.0,100.0,1.0,99.99
1,"(1, np.float64(100.0))","(1, np.float64(100.0))","(1, np.float64(100.0))","(1, np.float64(100.0))","(1, np.float64(100.0))","(1, np.float64(100.0))","(1, np.float64(99.99))","(1, np.float64(99.99))",1.0,100.0,1.0,100.0,1.0,100.0,1.0,100.0,1.0,100.0,1.0,100.0,1.0,99.99,1.0,99.99
1,"(1, np.float64(100.0))","(1, np.float64(79.67))","(1, np.float64(79.61))","(1, np.float64(80.53))","(1, np.float64(83.11))","(1, np.float64(82.94))","(1, np.float64(79.62))","(1, np.float64(82.36))",1.0,100.0,1.0,79.67,1.0,79.61,1.0,80.53,1.0,83.11,1.0,82.94,1.0,79.62,1.0,82.36
1,"(1, np.float64(100.0))","(1, np.float64(100.0))","(1, np.float64(80.67))","(1, np.float64(79.2))","(1, np.float64(89.19))","(1, np.float64(79.13))","(1, np.float64(77.37))","(1, np.float64(84.08))",1.0,100.0,1.0,100.0,1.0,80.67,1.0,79.2,1.0,89.19,1.0,79.13,1.0,77.37,1.0,84.08
1,"(1, np.float64(100.0))","(1, np.float64(99.97))","(1, np.float64(99.87))","(1, np.float64(99.99))","(1, np.float64(99.79))","(1, np.float64(99.65))","(1, np.float64(100.0))","(1, np.float64(99.89))",1.0,100.0,1.0,99.97,1.0,99.87,1.0,99.99,1.0,99.79,1.0,99.65,1.0,100.0,1.0,99.89
1,"(1, np.float64(100.0))","(1, np.float64(92.39))","(1, np.float64(81.47))","(1, np.float64(84.59))","(1, np.float64(74.97))","(1, np.float64(89.38))","(1, np.float64(89.42))","(1, np.float64(84.57))",1.0,100.0,1.0,92.39,1.0,81.47,1.0,84.59,1.0,74.97,1.0,89.38,1.0,89.42,1.0,84.57
1,"(1, np.float64(100.0))","(1, np.float64(99.98))","(1, np.float64(99.96))","(1, np.float64(99.55))","(1, np.float64(97.69))","(1, np.float64(99.66))","(1, np.float64(100.0))","(1, np.float64(99.95))",1.0,100.0,1.0,99.98,1.0,99.96,1.0,99.55,1.0,97.69,1.0,99.66,1.0,100.0,1.0,99.95
1,"(1, np.float64(100.0))","(1, np.float64(99.99))","(1, np.float64(99.71))","(1, np.float64(99.52))","(1, np.float64(97.62))","(1, np.float64(99.82))","(1, np.float64(100.0))","(1, np.float64(98.46))",1.0,100.0,1.0,99.99,1.0,99.71,1.0,99.52,1.0,97.62,1.0,99.82,1.0,100.0,1.0,98.46
1,"(1, np.float64(100.0))","(1, np.float64(100.0))","(1, np.float64(100.0))","(1, np.float64(100.0))","(1, np.float64(100.0))","(1, np.float64(100.0))","(1, np.float64(100.0))","(1, np.float64(100.0))",1.0,100.0,1.0,100.0,1.0,100.0,1.0,100.0,1.0,100.0,1.0,100.0,1.0,100.0,1.0,100.0
1,"(1, np.float64(99.02))","(1, np.float64(93.8))","(0, np.float64(99.2))","(1, np.float64(99.44))","(0, np.float64(99.08))","(1, np.float64(99.46))","(1, np.float64(99.03))","(1, np.float64(99.22))",1.0,99.02,1.0,93.8,0.0,99.2,1.0,99.44,0.0,99.08,1.0,99.46,1.0,99.03,1.0,99.22
1,"(1, np.float64(100.0))","(1, np.float64(100.0))","(1, np.float64(100.0))","(1, np.float64(99.99))","(1, np.float64(100.0))","(1, np.float64(100.0))","(1, np.float64(100.0))","(1, np.float64(100.0))",1.0,100.0,1.0,100.0,1.0,100.0,1.0,99.99,1.0,100.0,1.0,100.0,1.0,100.0,1.0,100.0
1,"(1, np.float64(100.0))","(1, np.float64(100.0))","(1, np.float64(99.98))","(1, np.float64(99.95))","(1, np.float64(99.89))","(1, np.float64(99.98))","(1, np.float64(100.0))","(1, np.float64(99.89))",1.0,100.0,1.0,100.0,1.0,99.98,1.0,99.95,1.0,99.89,1.0,99.98,1.0,100.0,1.0,99.89
1,"(1, np.float64(100.0))","(1, np.float64(100.0))","(1, np.float64(100.0))","(1, np.float64(100.0))","(1, np.float64(100.0))","(1, np.float64(100.0))","(1, np.float64(100.0))","(1, np.float64(100.0))",1.0,100.0,1.0,100.0,1.0,100.0,1.0,100.0,1.0,100.0,1.0,100.0,1.0,100.0,1.0,100.0
0,,,,,,,,,,,,,,,,,,,,,,,,
1,"(1, np.float64(100.0))","(1, np.float64(100.0))","(1, np.float64(99.99))","(1, np.float64(100.0))","(1, np.float64(99.94))","(1, np.float64(98.94))","(1, np.float64(99.99))","(1, np.float64(99.93))",1.0,100.0,1.0,100.0,1.0,99.99,1.0,100.0,1.0,99.94,1.0,98.94,1.0,99.99,1.0,99.93
1,"(1, np.float64(100.0))","(1, np.float64(100.0))","(1, np.float64(100.0))","(1, np.float64(100.0))","(1, np.float64(100.0))","(1, np.float64(100.0))","(1, np.float64(100.0))","(1, np.float64(82.11))",1.0,100.0,1.0,100.0,1.0,100.0,1.0,100.0,1.0,100.0,1.0,100.0,1.0,100.0,1.0,82.11
1,"(1, np.float64(100.0))","(1, np.float64(100.0))","(1, np.float64(100.0))","(1, np.float64(100.0))","(1, np.float64(100.0))","(1, np.float64(100.0))","(1, np.float64(100.0))","(1, np.float64(100.0))",1.0,100.0,1.0,100.0,1.0,100.0,1.0,100.0,1.0,100.0,1.0,100.0,1.0,100.0,1.0,100.0
1,"(0, np.float64(97.08))","(1, np.float64(98.26))","(0, np.float64(98.26))","(1, np.float64(99.79))","(0, np.float64(99.21))","(0, np.float64(95.38))","(0, np.float64(99.99))","(0, np.float64(99.61))",0.0,97.08,1.0,98.26,0.0,98.26,1.0,99.79,0.0,99.21,0.0,95.38,0.0,99.99,0.0,99.61
1,"(1, np.float64(100.0))","(1, np.float64(100.0))","(1, np.float64(100.0))","(1, np.float64(100.0))","(1, np.float64(100.0))","(1, np.float64(100.0))","(1, np.float64(100.0))","(1, np.float64(100.0))",1.0,100.0,1.0,100.0,1.0,100.0,1.0,100.0,1.0,100.0,1.0,100.0,1.0,100.0,1.0,100.0
1,"(1, np.float64(100.0))","(1, np.float64(100.0))","(1, np.float64(100.0))","(1, np.float64(100.0))","(1, np.float64(100.0))","(1, np.float64(100.0))","(1, np.float64(100.0))","(1, np.float64(100.0))",1.0,100.0,1.0,100.0,1.0,100.0,1.0,100.0,1.0,100.0,1.0,100.0,1.0,100.0,1.0,100.0
0,,,,,,,,,,,,,,,,,,,,,,,,
0,,,,,,,,,,,,,,,,,,,,,,,,
1,"(1, np.float64(100.0))","(1, np.float64(99.99))","(1, np.float64(99.98))","(1, np.float64(99.85))","(1, np.float64(97.92))","(1, np.float64(99.9))","(1, np.float64(99.95))","(1, np.float64(99.62))",1.0,100.0,1.0,99.99,1.0,99.98,1.0,99.85,1.0,97.92,1.0,99.9,1.0,99.95,1.0,99.62
1,"(1, np.float64(99.99))","(1, np.float64(99.32))","(1, np.float64(99.93))","(1, np.float64(99.89))","(1, np.float64(99.75))","(1, np.float64(99.23))","(1, np.float64(99.9))","(1, np.float64(87.81))",1.0,99.99,1.0,99.32,1.0,99.93,1.0,99.89,1.0,99.75,1.0,99.23,1.0,99.9,1.0,87.81
1,"(1, np.float64(96.23))","(0, np.float64(97.34))","(1, np.float64(98.49))","(0, np.float64(99.85))","(1, np.float64(99.28))","(0, np.float64(97.99))","(0, np.float64(99.83))","(1, np.float64(98.78))",1.0,96.23,0.0,97.34,1.0,98.49,0.0,99.85,1.0,99.28,0.0,97.99,0.0,99.83,1.0,98.78
1,"(1, np.float64(100.0))","(1, np.float64(99.89))","(1, np.float64(98.67))","(1, np.float64(96.12))","(1, np.float64(98.67))","(0, np.float64(94.36))","(0, np.float64(99.99))","(0, np.float64(98.63))",1.0,100.0,1.0,99.89,1.0,98.67,1.0,96.12,1.0,98.67,0.0,94.36,0.0,99.99,0.0,98.63
1,"(1, np.float64(100.0))","(1, np.float64(100.0))","(1, np.float64(99.99))","(1, np.float64(99.97))","(1, np.float64(97.85))","(1, np.float64(99.7))","(1, np.float64(99.99))","(1, np.float64(99.98))",1.0,100.0,1.0,100.0,1.0,99.99,1.0,99.97,1.0,97.85,1.0,99.7,1.0,99.99,1.0,99.98
1,"(1, np.float64(100.0))","(1, np.float64(100.0))","(1, np.float64(100.0))","(1, np.float64(100.0))","(1, np.float64(99.99))","(1, np.float64(99.47))","(1, np.float64(100.0))","(1, np.float64(99.87))",1.0,100.0,1.0,100.0,1.0,100.0,1.0,100.0,1.0,99.99,1.0,99.47,1.0,100.0,1.0,99.87
1,"(1, np.float64(99.06))","(1, np.float64(99.6))","(1, np.float64(97.68))","(0, np.float64(99.77))","(1, np.float64(99.26))","(1, np.float64(99.99))","(1, np.float64(99.88))","(1, np.float64(99.75))",1.0,99.06,1.0,99.6,1.0,97.68,0.0,99.77,1.0,99.26,1.0,99.99,1.0,99.88,1.0,99.75
1,"(1, np.float64(100.0))","(1, np.float64(100.0))","(1, np.float64(100.0))","(1, np.float64(100.0))","(1, np.float64(100.0))","(1, np.float64(100.0))","(1, np.float64(100.0))","(1, np.float64(100.0))",1.0,100.0,1.0,100.0,1.0,100.0,1.0,100.0,1.0,100.0,1.0,100.0,1.0,100.0,1.0,100.0
1,"(1, np.float64(99.99))","(1, np.float64(99.82))","(1, np.float64(99.7))","(1, np.float64(99.77))","(1, np.float64(99.37))","(1, np.float64(99.63))","(1, np.float64(99.73))","(1, np.float64(98.87))",1.0,99.99,1.0,99.82,1.0,99.7,1.0,99.77,1.0,99.37,1.0,99.63,1.0,99.73,1.0,98.87
1,"(1, np.float64(100.0))","(1, np.float64(99.99))","(1, np.float64(99.99))","(1, np.float64(99.93))","(1, np.float64(80.3))","(1, np.float64(80.43))","(1, np.float64(87.01))","(1, np.float64(78.91))",1.0,100.0,1.0,99.99,1.0,99.99,1.0,99.93,1.0,80.3,1.0,80.43,1.0,87.01,1.0,78.91
1,"(1, np.float64(99.85))","(1, np.float64(84.82))","(1, np.float64(78.61))","(0, np.float64(67.99))","(1, np.float64(83.23))","(1, np.float64(80.42))","(1, np.float64(79.86))","(1, np.float64(79.86))",1.0,99.85,1.0,84.82,1.0,78.61,0.0,67.99,1.0,83.23,1.0,80.42,1.0,79.86,1.0,79.86
1,"(1, np.float64(98.75))","(1, np.float64(99.8))","(1, np.float64(98.42))","(1, np.float64(96.56))","(0, np.float64(97.07))","(0, np.float64(99.89))","(0, np.float64(98.08))","(0, np.float64(98.77))",1.0,98.75,1.0,99.8,1.0,98.42,1.0,96.56,0.0,97.07,0.0,99.89,0.0,98.08,0.0,98.77
1,"(1, np.float64(99.99))","(1, np.float64(99.99))","(1, np.float64(99.98))","(1, np.float64(99.96))","(1, np.float64(99.81))","(1, np.float64(99.97))","(1, np.float64(100.0))","(1, np.float64(100.0))",1.0,99.99,1.0,99.99,1.0,99.98,1.0,99.96,1.0,99.81,1.0,99.97,1.0,100.0,1.0,100.0
1,"(0, np.float64(99.87))","(0, np.float64(99.91))","(0, np.float64(97.78))","(1, np.float64(94.85))","(0, np.float64(97.76))","(0, np.float64(99.58))","(0, np.float64(99.75))","(0, np.float64(95.93))",0.0,99.87,0.0,99.91,0.0,97.78,1.0,94.85,0.0,97.76,0.0,99.58,0.0,99.75,0.0,95.93
1,"(1, np.float64(100.0))","(1, np.float64(100.0))","(1, np.float64(100.0))","(1, np.float64(100.0))","(1, np.float64(100.0))","(1, np.float64(100.0))","(1, np.float64(100.0))","(1, np.float64(99.99))",1.0,100.0,1.0,100.0,1.0,100.0,1.0,100.0,1.0,100.0,1.0,100.0,1.0,100.0,1.0,99.99
0,,,,,,,,,,,,,,,,,,,,,,,,
1,"(1, np.float64(100.0))","(1, np.float64(100.0))","(1, np.float64(100.0))","(1, np.float64(100.0))","(1, np.float64(100.0))","(1, np.float64(100.0))","(1, np.float64(100.0))","(1, np.float64(100.0))",1.0,100.0,1.0,100.0,1.0,100.0,1.0,100.0,1.0,100.0,1.0,100.0,1.0,100.0,1.0,100.0
1,"(0, np.float64(99.68))","(1, np.float64(96.61))","(0, np.float64(99.64))","(1, np.float64(99.19))","(0, np.float64(96.9))","(0, np.float64(99.72))","(0, np.float64(97.87))","(1, np.float64(99.49))",0.0,99.68,1.0,96.61,0.0,99.64,1.0,99.19,0.0,96.9,0.0,99.72,0.0,97.87,1.0,99.49
1,"(1, np.float64(100.0))","(1, np.float64(100.0))","(1, np.float64(83.17))","(1, np.float64(83.21))","(1, np.float64(85.03))","(1, np.float64(80.48))","(1, np.float64(80.31))","(1, np.float64(79.67))",1.0,100.0,1.0,100.0,1.0,83.17,1.0,83.21,1.0,85.03,1.0,80.48,1.0,80.31,1.0,79.67
1,"(1, np.float64(100.0))","(1, np.float64(100.0))","(1, np.float64(100.0))","(1, np.float64(100.0))","(1, np.float64(100.0))","(1, np.float64(100.0))","(1, np.float64(100.0))","(1, np.float64(100.0))",1.0,100.0,1.0,100.0,1.0,100.0,1.0,100.0,1.0,100.0,1.0,100.0,1.0,100.0,1.0,100.0
1,"(1, np.float64(100.0))","(1, np.float64(100.0))","(1, np.float64(100.0))","(1, np.float64(99.97))","(1, np.float64(99.94))","(1, np.float64(100.0))","(1, np.float64(100.0))","(1, np.float64(99.99))",1.0,100.0,1.0,100.0,1.0,100.0,1.0,99.97,1.0,99.94,1.0,100.0,1.0,100.0,1.0,99.99
1,"(1, np.float64(100.0))","(1, np.float64(96.42))","(1, np.float64(99.03))","(1, np.float64(99.98))","(1, np.float64(99.91))","(1, np.float64(99.23))","(1, np.float64(100.0))","(1, np.float64(99.71))",1.0,100.0,1.0,96.42,1.0,99.03,1.0,99.98,1.0,99.91,1.0,99.23,1.0,100.0,1.0,99.71
1,"(1, np.float64(99.61))","(1, np.float64(98.42))","(1, np.float64(98.11))","(1, np.float64(97.34))","(1, np.float64(98.25))","(1, np.float64(70.43))","(1, np.float64(73.66))","(1, np.float64(70.48))",1.0,99.61,1.0,98.42,1.0,98.11,1.0,97.34,1.0,98.25,1.0,70.43,1.0,73.66,1.0,70.48
1,"(1, np.float64(99.99))","(1, np.float64(99.98))","(1, np.float64(99.97))","(1, np.float64(99.72))","(1, np.float64(99.42))","(1, np.float64(99.4))","(1, np.float64(99.92))","(1, np.float64(99.94))",1.0,99.99,1.0,99.98,1.0,99.97,1.0,99.72,1.0,99.42,1.0,99.4,1.0,99.92,1.0,99.94
1,"(1, np.float64(99.98))","(1, np.float64(99.9))","(0, np.float64(99.79))","(1, np.float64(99.95))","(0, np.float64(98.42))","(1, np.float64(99.99))","(1, np.float64(100.0))","(1, np.float64(99.89))",1.0,99.98,1.0,99.9,0.0,99.79,1.0,99.95,0.0,98.42,1.0,99.99,1.0,100.0,1.0,99.89
1,"(1, np.float64(100.0))","(1, np.float64(100.0))","(1, np.float64(100.0))","(1, np.float64(100.0))","(1, np.float64(100.0))","(1, np.float64(79.29))","(1, np.float64(83.88))","(1, np.float64(97.19))",1.0,100.0,1.0,100.0,1.0,100.0,1.0,100.0,1.0,100.0,1.0,79.29,1.0,83.88,1.0,97.19
0,,,,,,,,,,,,,,,,,,,,,,,,
0,,,,,,,,,,,,,,,,,,,,,,,,
1,"(1, np.float64(99.96))","(1, np.float64(99.99))","(1, np.float64(99.97))","(1, np.float64(99.37))","(1, np.float64(98.87))","(1, np.float64(99.99))","(1, np.float64(100.0))","(1, np.float64(100.0))",1.0,99.96,1.0,99.99,1.0,99.97,1.0,99.37,1.0,98.87,1.0,99.99,1.0,100.0,1.0,100.0
1,"(1, np.float64(100.0))","(1, np.float64(79.79))","(1, np.float64(80.2))","(1, np.float64(81.25))","(1, np.float64(77.56))","(1, np.float64(74.95))","(1, np.float64(86.44))","(1, np.float64(90.25))",1.0,100.0,1.0,79.79,1.0,80.2,1.0,81.25,1.0,77.56,1.0,74.95,1.0,86.44,1.0,90.25
1,"(1, np.float64(99.57))","(1, np.float64(99.85))","(1, np.float64(99.67))","(1, np.float64(99.35))","(1, np.float64(98.69))","(1, np.float64(98.82))","(1, np.float64(99.75))","(1, np.float64(99.16))",1.0,99.57,1.0,99.85,1.0,99.67,1.0,99.35,1.0,98.69,1.0,98.82,1.0,99.75,1.0,99.16
0,,,,,,,,,,,,,,,,,,,,,,,,
1,"(1, np.float64(100.0))","(1, np.float64(100.0))","(1, np.float64(100.0))","(1, np.float64(100.0))","(1, np.float64(100.0))","(1, np.float64(100.0))","(1, np.float64(100.0))","(1, np.float64(100.0))",1.0,100.0,1.0,100.0,1.0,100.0,1.0,100.0,1.0,100.0,1.0,100.0,1.0,100.0,1.0,100.0
1,"(1, np.float64(100.0))","(1, np.float64(100.0))","(1, np.float64(100.0))","(1, np.float64(99.98))","(1, np.float64(99.94))","(1, np.float64(100.0))","(1, np.float64(100.0))","(1, np.float64(100.0))",1.0,100.0,1.0,100.0,1.0,100.0,1.0,99.98,1.0,99.94,1.0,100.0,1.0,100.0,1.0,100.0
1,"(1, np.float64(100.0))","(1, np.float64(100.0))","(1, np.float64(100.0))","(1, np.float64(100.0))","(1, np.float64(100.0))","(1, np.float64(100.0))","(1, np.float64(100.0))","(1, np.float64(100.0))",1.0,100.0,1.0,100.0,1.0,100.0,1.0,100.0,1.0,100.0,1.0,100.0,1.0,100.0,1.0,100.0
1,"(1, np.float64(99.89))","(1, np.float64(99.77))","(1, np.float64(99.0))","(0, np.float64(96.21))","(1, np.float64(99.94))","(1, np.float64(100.0))","(1, np.float64(100.0))","(1, np.float64(99.99))",1.0,99.89,1.0,99.77,1.0,99.0,0.0,96.21,1.0,99.94,1.0,100.0,1.0,100.0,1.0,99.99
0,,,,,,,,,,,,,,,,,,,,,,,,
1,"(1, np.float64(99.95))","(1, np.float64(99.88))","(1, np.float64(98.89))","(1, np.float64(94.35))","(0, np.float64(97.86))","(1, np.float64(97.53))","(1, np.float64(93.8))","(1, np.float64(93.21))",1.0,99.95,1.0,99.88,1.0,98.89,1.0,94.35,0.0,97.86,1.0,97.53,1.0,93.8,1.0,93.21
1,"(1, np.float64(95.9))","(0, np.float64(99.5))","(0, np.float64(94.68))","(1, np.float64(96.53))","(0, np.float64(98.77))","(0, np.float64(99.84))","(0, np.float64(99.96))","(0, np.float64(99.81))",1.0,95.9,0.0,99.5,0.0,94.68,1.0,96.53,0.0,98.77,0.0,99.84,0.0,99.96,0.0,99.81
1,"(1, np.float64(100.0))","(1, np.float64(99.44))","(1, np.float64(99.28))","(1, np.float64(99.65))","(1, np.float64(99.09))","(1, np.float64(99.44))","(1, np.float64(99.99))","(1, np.float64(99.95))",1.0,100.0,1.0,99.44,1.0,99.28,1.0,99.65,1.0,99.09,1.0,99.44,1.0,99.99,1.0,99.95
1,"(1, np.float64(100.0))","(1, np.float64(100.0))","(1, np.float64(99.98))","(1, np.float64(99.94))","(1, np.float64(99.38))","(1, np.float64(99.91))","(1, np.float64(100.0))","(1, np.float64(100.0))",1.0,100.0,1.0,100.0,1.0,99.98,1.0,99.94,1.0,99.38,1.0,99.91,1.0,100.0,1.0,100.0
1,"(1, np.float64(99.93))","(1, np.float64(99.97))","(1, np.float64(99.9))","(1, np.float64(98.75))","(1, np.float64(94.77))","(1, np.float64(99.99))","(1, np.float64(100.0))","(1, np.float64(99.99))",1.0,99.93,1.0,99.97,1.0,99.9,1.0,98.75,1.0,94.77,1.0,99.99,1.0,100.0,1.0,99.99
1,"(0, np.float64(96.68))","(1, np.float64(99.98))","(1, np.float64(84.82))","(1, np.float64(83.88))","(1, np.float64(77.47))","(1, np.float64(85.67))","(1, np.float64(82.73))","(1, np.float64(81.57))",0.0,96.68,1.0,99.98,1.0,84.82,1.0,83.88,1.0,77.47,1.0,85.67,1.0,82.73,1.0,81.57
1,"(1, np.float64(100.0))","(1, np.float64(98.89))","(1, np.float64(96.85))","(1, np.float64(99.11))","(1, np.float64(98.89))","(1, np.float64(98.27))","(1, np.float64(99.95))","(1, np.float64(96.85))",1.0,100.0,1.0,98.89,1.0,96.85,1.0,99.11,1.0,98.89,1.0,98.27,1.0,99.95,1.0,96.85
1,"(1, np.float64(100.0))","(1, np.float64(99.94))","(1, np.float64(99.94))","(1, np.float64(99.99))","(1, np.float64(98.33))","(1, np.float64(95.31))","(1, np.float64(97.92))","(1, np.float64(99.48))",1.0,100.0,1.0,99.94,1.0,99.94,1.0,99.99,1.0,98.33,1.0,95.31,1.0,97.92,1.0,99.48
1,"(1, np.float64(100.0))","(1, np.float64(100.0))","(1, np.float64(100.0))","(1, np.float64(100.0))","(1, np.float64(100.0))","(1, np.float64(100.0))","(1, np.float64(100.0))","(1, np.float64(100.0))",1.0,100.0,1.0,100.0,1.0,100.0,1.0,100.0,1.0,100.0,1.0,100.0,1.0,100.0,1.0,100.0
0,,,,,,,,,,,,,,,,,,,,,,,,
1,"(1, np.float64(99.84))","(1, np.float64(99.89))","(1, np.float64(99.94))","(1, np.float64(99.76))","(1, np.float64(99.94))","(1, np.float64(99.9))","(1, np.float64(99.98))","(1, np.float64(99.92))",1.0,99.84,1.0,99.89,1.0,99.94,1.0,99.76,1.0,99.94,1.0,99.9,1.0,99.98,1.0,99.92
1,"(1, np.float64(100.0))","(1, np.float64(100.0))","(1, np.float64(100.0))","(1, np.float64(100.0))","(1, np.float64(100.0))","(1, np.float64(100.0))","(1, np.float64(100.0))","(1, np.float64(100.0))",1.0,100.0,1.0,100.0,1.0,100.0,1.0,100.0,1.0,100.0,1.0,100.0,1.0,100.0,1.0,100.0
0,,,,,,,,,,,,,,,,,,,,,,,,
0,,,,,,,,,,,,,,,,,,,,,,,,
1,"(1, np.float64(100.0))","(1, np.float64(100.0))","(1, np.float64(100.0))","(1, np.float64(100.0))","(1, np.float64(100.0))","(1, np.float64(100.0))","(1, np.float64(100.0))","(1, np.float64(100.0))",1.0,100.0,1.0,100.0,1.0,100.0,1.0,100.0,1.0,100.0,1.0,100.0,1.0,100.0,1.0,100.0
1,"(1, np.float64(99.99))","(1, np.float64(99.98))","(1, np.float64(99.55))","(1, np.float64(99.95))","(1, np.float64(99.55))","(1, np.float64(99.29))","(1, np.float64(99.99))","(1, np.float64(99.78))",1.0,99.99,1.0,99.98,1.0,99.55,1.0,99.95,1.0,99.55,1.0,99.29,1.0,99.99,1.0,99.78
1,"(1, np.float64(99.99))","(1, np.float64(100.0))","(1, np.float64(100.0))","(1, np.float64(99.38))","(1, np.float64(98.0))","(1, np.float64(99.57))","(1, np.float64(100.0))","(1, np.float64(100.0))",1.0,99.99,1.0,100.0,1.0,100.0,1.0,99.38,1.0,98.0,1.0,99.57,1.0,100.0,1.0,100.0
1,"(1, np.float64(100.0))","(1, np.float64(100.0))","(1, np.float64(100.0))","(1, np.float64(100.0))","(1, np.float64(100.0))","(1, np.float64(100.0))","(1, np.float64(99.99))","(1, np.float64(99.98))",1.0,100.0,1.0,100.0,1.0,100.0,1.0,100.0,1.0,100.0,1.0,100.0,1.0,99.99,1.0,99.98
1,"(1, np.float64(100.0))","(1, np.float64(79.23))","(1, np.float64(75.92))","(1, np.float64(79.16))","(1, np.float64(78.74))","(1, np.float64(78.99))","(1, np.float64(82.54))","(1, np.float64(73.88))",1.0,100.0,1.0,79.23,1.0,75.92,1.0,79.16,1.0,78.74,1.0,78.99,1.0,82.54,1.0,73.88
1,"(1, np.float64(99.46))","(1, np.float64(95.03))","(0, np.float64(99.55))","(1, np.float64(99.99))","(1, np.float64(99.95))","(1, np.float64(99.95))","(1, np.float64(99.81))","(1, np.float64(96.76))",1.0,99.46,1.0,95.03,0.0,99.55,1.0,99.99,1.0,99.95,1.0,99.95,1.0,99.81,1.0,96.76
1,"(1, np.float64(100.0))","(1, np.float64(99.98))","(1, np.float64(99.87))","(1, np.float64(99.68))","(1, np.float64(96.55))","(1, np.float64(99.42))","(1, np.float64(99.94))","(1, np.float64(99.9))",1.0,100.0,1.0,99.98,1.0,99.87,1.0,99.68,1.0,96.55,1.0,99.42,1.0,99.94,1.0,99.9
1,"(1, np.float64(100.0))","(1, np.float64(100.0))","(1, np.float64(100.0))","(1, np.float64(100.0))","(1, np.float64(82.27))","(1, np.float64(79.33))","(1, np.float64(85.76))","(1, np.float64(82.92))",1.0,100.0,1.0,100.0,1.0,100.0,1.0,100.0,1.0,82.27,1.0,79.33,1.0,85.76,1.0,82.92
1,"(1, np.float64(100.0))","(1, np.float64(100.0))","(1, np.float64(100.0))","(1, np.float64(100.0))","(1, np.float64(100.0))","(1, np.float64(100.0))","(1, np.float64(100.0))","(1, np.float64(100.0))",1.0,100.0,1.0,100.0,1.0,100.0,1.0,100.0,1.0,100.0,1.0,100.0,1.0,100.0,1.0,100.0
1,"(0, np.float64(97.66))","(1, np.float64(73.7))","(0, np.float64(71.02))","(1, np.float64(73.5))","(0, np.float64(77.2))","(1, np.float64(76.66))","(1, np.float64(75.93))","(1, np.float64(70.57))",0.0,97.66,1.0,73.7,0.0,71.02,1.0,73.5,0.0,77.2,1.0,76.66,1.0,75.93,1.0,70.57
1,"(1, np.float64(100.0))","(1, np.float64(99.75))","(1, np.float64(99.81))","(1, np.float64(99.37))","(1, np.float64(99.94))","(1, np.float64(85.03))","(1, np.float64(83.14))","(1, np.float64(80.28))",1.0,100.0,1.0,99.75,1.0,99.81,1.0,99.37,1.0,99.94,1.0,85.03,1.0,83.14,1.0,80.28
1,"(1, np.float64(100.0))","(1, np.float64(100.0))","(1, np.float64(100.0))","(1, np.float64(100.0))","(1, np.float64(100.0))","(1, np.float64(100.0))","(1, np.float64(100.0))","(1, np.float64(100.0))",1.0,100.0,1.0,100.0,1.0,100.0,1.0,100.0,1.0,100.0,1.0,100.0,1.0,100.0,1.0,100.0
1,"(1, np.float64(100.0))","(1, np.float64(100.0))","(1, np.float64(100.0))","(1, np.float64(99.99))","(1, np.float64(99.99))","(1, np.float64(100.0))","(1, np.float64(100.0))","(1, np.float64(99.99))",1.0,100.0,1.0,100.0,1.0,100.0,1.0,99.99,1.0,99.99,1.0,100.0,1.0,100.0,1.0,99.99
1,"(1, np.float64(100.0))","(1, np.float64(100.0))","(1, np.float64(100.0))","(1, np.float64(100.0))","(1, np.float64(100.0))","(1, np.float64(100.0))","(1, np.float64(100.0))","(1, np.float64(100.0))",1.0,100.0,1.0,100.0,1.0,100.0,1.0,100.0,1.0,100.0,1.0,100.0,1.0,100.0,1.0,100.0
1,"(1, np.float64(99.99))","(1, np.float64(99.93))","(1, np.float64(99.6))","(1, np.float64(96.99))","(1, np.float64(98.76))","(1, np.float64(99.78))","(1, np.float64(99.96))","(1, np.float64(99.94))",1.0,99.99,1.0,99.93,1.0,99.6,1.0,96.99,1.0,98.76,1.0,99.78,1.0,99.96,1.0,99.94
1,"(1, np.float64(100.0))","(1, np.float64(100.0))","(1, np.float64(100.0))","(1, np.float64(100.0))","(1, np.float64(100.0))","(1, np.float64(100.0))","(1, np.float64(100.0))","(1, np.float64(100.0))",1.0,100.0,1.0,100.0,1.0,100.0,1.0,100.0,1.0,100.0,1.0,100.0,1.0,100.0,1.0,100.0
0,,,,,,,,,,,,,,,,,,,,,,,,
0,,,,,,,,,,,,,,,,,,,,,,,,
1,"(1, np.float64(99.97))","(1, np.float64(99.99))","(1, np.float64(99.99))","(1, np.float64(100.0))","(1, np.float64(99.99))","(1, np.float64(100.0))","(1, np.float64(100.0))","(1, np.float64(100.0))",1.0,99.97,1.0,99.99,1.0,99.99,1.0,100.0,1.0,99.99,1.0,100.0,1.0,100.0,1.0,100.0
1,"(1, np.float64(100.0))","(1, np.float64(100.0))","(1, np.float64(100.0))","(1, np.float64(100.0))","(1, np.float64(100.0))","(1, np.float64(99.99))","(1, np.float64(99.99))","(1, np.float64(99.94))",1.0,100.0,1.0,100.0,1.0,100.0,1.0,100.0,1.0,100.0,1.0,99.99,1.0,99.99,1.0,99.94
1,"(1, np.float64(100.0))","(1, np.float64(100.0))","(1, np.float64(100.0))","(1, np.float64(100.0))","(1, np.float64(99.23))","(1, np.float64(100.0))","(1, np.float64(100.0))","(1, np.float64(99.99))",1.0,100.0,1.0,100.0,1.0,100.0,1.0,100.0,1.0,99.23,1.0,100.0,1.0,100.0,1.0,99.99
1,"(1, np.float64(100.0))","(1, np.float64(100.0))","(1, np.float64(100.0))","(1, np.float64(100.0))","(1, np.float64(100.0))","(1, np.float64(100.0))","(1, np.float64(100.0))","(1, np.float64(100.0))",1.0,100.0,1.0,100.0,1.0,100.0,1.0,100.0,1.0,100.0,1.0,100.0,1.0,100.0,1.0,100.0
1,"(1, np.float64(99.99))","(1, np.float64(99.99))","(1, np.float64(100.0))","(1, np.float64(100.0))","(1, np.float64(100.0))","(1, np.float64(100.0))","(1, np.float64(100.0))","(1, np.float64(99.99))",1.0,99.99,1.0,99.99,1.0,100.0,1.0,100.0,1.0,100.0,1.0,100.0,1.0,100.0,1.0,99.99
0,,,,,,,,,,,,,,,,,,,,,,,,
1,"(1, np.float64(100.0))","(1, np.float64(100.0))","(1, np.float64(100.0))","(1, np.float64(100.0))","(1, np.float64(100.0))","(1, np.float64(100.0))","(1, np.float64(100.0))","(1, np.float64(100.0))",1.0,100.0,1.0,100.0,1.0,100.0,1.0,100.0,1.0,100.0,1.0,100.0,1.0,100.0,1.0,100.0
0,,,,,,,,,,,,,,,,,,,,,,,,
1,"(1, np.float64(100.0))","(1, np.float64(100.0))","(1, np.float64(100.0))","(1, np.float64(100.0))","(1, np.float64(100.0))","(1, np.float64(100.0))","(1, np.float64(100.0))","(1, np.float64(100.0))",1.0,100.0,1.0,100.0,1.0,100.0,1.0,100.0,1.0,100.0,1.0,100.0,1.0,100.0,1.0,100.0
0,,,,,,,,,,,,,,,,,,,,,,,,
1,"(1, np.float64(99.51))","(1, np.float64(99.93))","(1, np.float64(94.9))","(0, np.float64(99.17))","(1, np.float64(99.9))","(1, np.float64(78.31))","(1, np.float64(84.47))","(1, np.float64(76.45))",1.0,99.51,1.0,99.93,1.0,94.9,0.0,99.17,1.0,99.9,1.0,78.31,1.0,84.47,1.0,76.45
1,"(1, np.float64(100.0))","(1, np.float64(99.94))","(1, np.float64(99.98))","(1, np.float64(99.99))","(1, np.float64(99.97))","(1, np.float64(98.55))","(1, np.float64(100.0))","(1, np.float64(99.99))",1.0,100.0,1.0,99.94,1.0,99.98,1.0,99.99,1.0,99.97,1.0,98.55,1.0,100.0,1.0,99.99
1,"(1, np.float64(100.0))","(1, np.float64(88.36))","(1, np.float64(85.9))","(1, np.float64(89.44))","(1, np.float64(88.61))","(1, np.float64(89.05))","(1, np.float64(91.28))","(1, np.float64(86.48))",1.0,100.0,1.0,88.36,1.0,85.9,1.0,89.44,1.0,88.61,1.0,89.05,1.0,91.28,1.0,86.48
1,"(1, np.float64(100.0))","(1, np.float64(100.0))","(1, np.float64(100.0))","(1, np.float64(100.0))","(1, np.float64(99.99))","(1, np.float64(99.99))","(1, np.float64(100.0))","(1, np.float64(100.0))",1.0,100.0,1.0,100.0,1.0,100.0,1.0,100.0,1.0,99.99,1.0,99.99,1.0,100.0,1.0,100.0
1,"(1, np.float64(100.0))","(1, np.float64(100.0))","(1, np.float64(100.0))","(1, np.float64(100.0))","(1, np.float64(100.0))","(1, np.float64(100.0))","(1, np.float64(100.0))","(1, np.float64(100.0))",1.0,100.0,1.0,100.0,1.0,100.0,1.0,100.0,1.0,100.0,1.0,100.0,1.0,100.0,1.0,100.0
1,"(1, np.float64(95.51))","(1, np.float64(91.94))","(0, np.float64(74.15))","(1, np.float64(76.76))","(1, np.float64(81.87))","(1, np.float64(80.66))","(1, np.float64(89.34))","(1, np.float64(87.14))",1.0,95.51,1.0,91.94,0.0,74.15,1.0,76.76,1.0,81.87,1.0,80.66,1.0,89.34,1.0,87.14
1,"(1, np.float64(100.0))","(1, np.float64(100.0))","(1, np.float64(99.92))","(1, np.float64(100.0))","(1, np.float64(99.99))","(1, np.float64(98.85))","(1, np.float64(100.0))","(1, np.float64(100.0))",1.0,100.0,1.0,100.0,1.0,99.92,1.0,100.0,1.0,99.99,1.0,98.85,1.0,100.0,1.0,100.0
0,,,,,,,,,,,,,,,,,,,,,,,,
1,"(1, np.float64(100.0))","(1, np.float64(100.0))","(1, np.float64(79.42))","(1, np.float64(78.59))","(1, np.float64(77.0))","(1, np.float64(81.1))","(1, np.float64(80.75))","(1, np.float64(85.69))",1.0,100.0,1.0,100.0,1.0,79.42,1.0,78.59,1.0,77.0,1.0,81.1,1.0,80.75,1.0,85.69
1,"(1, np.float64(99.11))","(1, np.float64(95.07))","(0, np.float64(97.72))","(1, np.float64(99.43))","(0, np.float64(97.26))","(0, np.float64(94.81))","(0, np.float64(99.16))","(1, np.float64(97.42))",1.0,99.11,1.0,95.07,0.0,97.72,1.0,99.43,0.0,97.26,0.0,94.81,0.0,99.16,1.0,97.42
1,"(1, np.float64(96.94))","(1, np.float64(98.94))","(0, np.float64(97.04))","(0, np.float64(94.35))","(1, np.float64(99.6))","(1, np.float64(99.52))","(1, np.float64(99.98))","(1, np.float64(99.69))",1.0,96.94,1.0,98.94,0.0,97.04,0.0,94.35,1.0,99.6,1.0,99.52,1.0,99.98,1.0,99.69
1,"(1, np.float64(99.99))","(1, np.float64(99.95))","(1, np.float64(99.79))","(1, np.float64(99.61))","(1, np.float64(98.87))","(1, np.float64(99.96))","(1, np.float64(100.0))","(1, np.float64(99.96))",1.0,99.99,1.0,99.95,1.0,99.79,1.0,99.61,1.0,98.87,1.0,99.96,1.0,100.0,1.0,99.96
0,,,,,,,,,,,,,,,,,,,,,,,,
1,"(0, np.float64(98.45))","(1, np.float64(99.94))","(0, np.float64(99.7))","(1, np.float64(99.97))","(0, np.float64(98.02))","(1, np.float64(96.45))","(1, np.float64(98.26))","(0, np.float64(97.06))",0.0,98.45,1.0,99.94,0.0,99.7,1.0,99.97,0.0,98.02,1.0,96.45,1.0,98.26,0.0,97.06
1,"(1, np.float64(100.0))","(1, np.float64(100.0))","(1, np.float64(81.54))","(1, np.float64(79.99))","(1, np.float64(79.76))","(1, np.float64(79.98))","(1, np.float64(84.6))","(1, np.float64(80.02))",1.0,100.0,1.0,100.0,1.0,81.54,1.0,79.99,1.0,79.76,1.0,79.98,1.0,84.6,1.0,80.02
1,"(1, np.float64(100.0))","(1, np.float64(99.98))","(1, np.float64(99.7))","(1, np.float64(100.0))","(1, np.float64(99.99))","(1, np.float64(95.37))","(1, np.float64(100.0))","(1, np.float64(100.0))",1.0,100.0,1.0,99.98,1.0,99.7,1.0,100.0,1.0,99.99,1.0,95.37,1.0,100.0,1.0,100.0
1,"(1, np.float64(99.89))","(1, np.float64(99.52))","(1, np.float64(99.51))","(1, np.float64(99.66))","(1, np.float64(99.58))","(1, np.float64(99.89))","(1, np.float64(99.89))","(1, np.float64(99.71))",1.0,99.89,1.0,99.52,1.0,99.51,1.0,99.66,1.0,99.58,1.0,99.89,1.0,99.89,1.0,99.71
0,,,,,,,,,,,,,,,,,,,,,,,,
1,"(1, np.float64(99.16))","(1, np.float64(99.86))","(1, np.float64(98.66))","(0, np.float64(97.0))","(1, np.float64(99.89))","(1, np.float64(99.64))","(1, np.float64(100.0))","(1, np.float64(99.92))",1.0,99.16,1.0,99.86,1.0,98.66,0.0,97.0,1.0,99.89,1.0,99.64,1.0,100.0,1.0,99.92
1,"(0, np.float64(99.97))","(0, np.float64(99.99))","(0, np.float64(99.16))","(0, np.float64(98.18))","(1, np.float64(97.25))","(0, np.float64(99.56))","(0, np.float64(99.98))","(0, np.float64(99.88))",0.0,99.97,0.0,99.99,0.0,99.16,0.0,98.18,1.0,97.25,0.0,99.56,0.0,99.98,0.0,99.88
1,"(1, np.float64(100.0))","(1, np.float64(100.0))","(1, np.float64(100.0))","(1, np.float64(100.0))","(1, np.float64(100.0))","(1, np.float64(100.0))","(1, np.float64(100.0))","(1, np.float64(100.0))",1.0,100.0,1.0,100.0,1.0,100.0,1.0,100.0,1.0,100.0,1.0,100.0,1.0,100.0,1.0,100.0
1,"(1, np.float64(100.0))","(1, np.float64(100.0))","(1, np.float64(100.0))","(1, np.float64(100.0))","(1, np.float64(100.0))","(1, np.float64(100.0))","(1, np.float64(100.0))","(1, np.float64(100.0))",1.0,100.0,1.0,100.0,1.0,100.0,1.0,100.0,1.0,100.0,1.0,100.0,1.0,100.0,1.0,100.0
1,"(1, np.float64(100.0))","(1, np.float64(100.0))","(1, np.float64(100.0))","(1, np.float64(100.0))","(1, np.float64(100.0))","(1, np.float64(100.0))","(1, np.float64(100.0))","(1, np.float64(100.0))",1.0,100.0,1.0,100.0,1.0,100.0,1.0,100.0,1.0,100.0,1.0,100.0,1.0,100.0,1.0,100.0
1,"(1, np.float64(100.0))","(1, np.float64(100.0))","(1, np.float64(100.0))","(1, np.float64(100.0))","(1, np.float64(100.0))","(1, np.float64(100.0))","(1, np.float64(100.0))","(1, np.float64(100.0))",1.0,100.0,1.0,100.0,1.0,100.0,1.0,100.0,1.0,100.0,1.0,100.0,1.0,100.0,1.0,100.0
1,"(1, np.float64(100.0))","(1, np.float64(100.0))","(1, np.float64(100.0))","(1, np.float64(100.0))","(1, np.float64(100.0))","(1, np.float64(87.3))","(1, np.float64(83.77))","(1, np.float64(89.6))",1.0,100.0,1.0,100.0,1.0,100.0,1.0,100.0,1.0,100.0,1.0,87.3,1.0,83.77,1.0,89.6
1,"(1, np.float64(100.0))","(1, np.float64(99.91))","(1, np.float64(98.74))","(1, np.float64(99.98))","(1, np.float64(99.99))","(1, np.float64(99.77))","(1, np.float64(99.62))","(1, np.float64(99.82))",1.0,100.0,1.0,99.91,1.0,98.74,1.0,99.98,1.0,99.99,1.0,99.77,1.0,99.62,1.0,99.82
1,"(1, np.float64(100.0))","(1, np.float64(100.0))","(1, np.float64(100.0))","(1, np.float64(99.96))","(1, np.float64(84.24))","(1, np.float64(82.69))","(1, np.float64(83.34))","(1, np.float64(80.29))",1.0,100.0,1.0,100.0,1.0,100.0,1.0,99.96,1.0,84.24,1.0,82.69,1.0,83.34,1.0,80.29
1,"(0, np.float64(99.99))","(0, np.float64(99.99))","(0, np.float64(99.88))","(1, np.float64(95.76))","(0, np.float64(99.98))","(0, np.float64(100.0))","(0, np.float64(100.0))","(0, np.float64(99.94))",0.0,99.99,0.0,99.99,0.0,99.88,1.0,95.76,0.0,99.98,0.0,100.0,0.0,100.0,0.0,99.94
1,"(0, np.float64(99.81))","(1, np.float64(97.09))","(0, np.float64(93.77))","(1, np.float64(99.99))","(1, np.float64(99.45))","(1, np.float64(100.0))","(1, np.float64(100.0))","(1, np.float64(100.0))",0.0,99.81,1.0,97.09,0.0,93.77,1.0,99.99,1.0,99.45,1.0,100.0,1.0,100.0,1.0,100.0
1,"(1, np.float64(100.0))","(1, np.float64(99.99))","(1, np.float64(100.0))","(1, np.float64(99.97))","(1, np.float64(99.97))","(1, np.float64(100.0))","(1, np.float64(100.0))","(1, np.float64(99.99))",1.0,100.0,1.0,99.99,1.0,100.0,1.0,99.97,1.0,99.97,1.0,100.0,1.0,100.0,1.0,99.99
1,"(1, np.float64(100.0))","(1, np.float64(98.33))","(1, np.float64(98.67))","(1, np.float64(99.74))","(1, np.float64(99.1))","(1, np.float64(99.86))","(1, np.float64(99.98))","(1, np.float64(99.98))",1.0,100.0,1.0,98.33,1.0,98.67,1.0,99.74,1.0,99.1,1.0,99.86,1.0,99.98,1.0,99.98
1,"(1, np.float64(100.0))","(1, np.float64(100.0))","(1, np.float64(100.0))","(1, np.float64(100.0))","(1, np.float64(100.0))","(1, np.float64(100.0))","(1, np.float64(100.0))","(1, np.float64(100.0))",1.0,100.0,1.0,100.0,1.0,100.0,1.0,100.0,1.0,100.0,1.0,100.0,1.0,100.0,1.0,100.0
0,,,,,,,,,,,,,,,,,,,,,,,,
1,"(0, np.float64(99.59))","(1, np.float64(99.3))","(0, np.float64(97.77))","(1, np.float64(99.89))","(0, np.float64(98.36))","(0, np.float64(97.77))","(0, np.float64(99.98))","(0, np.float64(98.67))",0.0,99.59,1.0,99.3,0.0,97.77,1.0,99.89,0.0,98.36,0.0,97.77,0.0,99.98,0.0,98.67
1,"(0, np.float64(94.78))","(0, np.float64(91.7))","(1, np.float64(99.9))","(0, np.float64(99.02))","(1, np.float64(99.98))","(1, np.float64(97.51))","(1, np.float64(99.86))","(0, np.float64(96.16))",0.0,94.78,0.0,91.7,1.0,99.9,0.0,99.02,1.0,99.98,1.0,97.51,1.0,99.86,0.0,96.16
1,"(1, np.float64(100.0))","(1, np.float64(99.65))","(1, np.float64(99.73))","(1, np.float64(99.83))","(1, np.float64(99.64))","(1, np.float64(99.43))","(1, np.float64(99.98))","(1, np.float64(99.98))",1.0,100.0,1.0,99.65,1.0,99.73,1.0,99.83,1.0,99.64,1.0,99.43,1.0,99.98,1.0,99.98
1,"(1, np.float64(100.0))","(1, np.float64(99.17))","(1, np.float64(97.92))","(1, np.float64(99.75))","(1, np.float64(98.34))","(1, np.float64(99.68))","(1, np.float64(99.97))","(1, np.float64(99.6))",1.0,100.0,1.0,99.17,1.0,97.92,1.0,99.75,1.0,98.34,1.0,99.68,1.0,99.97,1.0,99.6
1,"(1, np.float64(100.0))","(1, np.float64(100.0))","(1, np.float64(100.0))","(1, np.float64(100.0))","(1, np.float64(100.0))","(1, np.float64(100.0))","(1, np.float64(100.0))","(1, np.float64(100.0))",1.0,100.0,1.0,100.0,1.0,100.0,1.0,100.0,1.0,100.0,1.0,100.0,1.0,100.0,1.0,100.0
1,"(1, np.float64(100.0))","(1, np.float64(100.0))","(1, np.float64(99.88))","(1, np.float64(99.9))","(1, np.float64(99.86))","(1, np.float64(99.56))","(1, np.float64(99.65))","(1, np.float64(99.09))",1.0,100.0,1.0,100.0,1.0,99.88,1.0,99.9,1.0,99.86,1.0,99.56,1.0,99.65,1.0,99.09
1,"(1, np.float64(100.0))","(1, np.float64(100.0))","(1, np.float64(100.0))","(1, np.float64(100.0))","(1, np.float64(100.0))","(1, np.float64(100.0))","(1, np.float64(100.0))","(1, np.float64(100.0))",1.0,100.0,1.0,100.0,1.0,100.0,1.0,100.0,1.0,100.0,1.0,100.0,1.0,100.0,1.0,100.0
1,"(1, np.float64(100.0))","(1, np.float64(100.0))","(1, np.float64(100.0))","(1, np.float64(100.0))","(1, np.float64(100.0))","(1, np.float64(100.0))","(1, np.float64(100.0))","(1, np.float64(100.0))",1.0,100.0,1.0,100.0,1.0,100.0,1.0,100.0,1.0,100.0,1.0,100.0,1.0,100.0,1.0,100.0
1,"(1, np.float64(100.0))","(1, np.float64(100.0))","(1, np.float64(100.0))","(1, np.float64(99.21))","(0, np.float64(96.5))","(1, np.float64(99.74))","(1, np.float64(100.0))","(1, np.float64(99.91))",1.0,100.0,1.0,100.0,1.0,100.0,1.0,99.21,0.0,96.5,1.0,99.74,1.0,100.0,1.0,99.91
1,"(1, np.float64(100.0))","(1, np.float64(98.95))","(1, np.float64(99.98))","(1, np.float64(100.0))","(1, np.float64(99.94))","(1, np.float64(99.6))","(1, np.float64(100.0))","(1, np.float64(99.97))",1.0,100.0,1.0,98.95,1.0,99.98,1.0,100.0,1.0,99.94,1.0,99.6,1.0,100.0,1.0,99.97
1,"(1, np.float64(100.0))","(1, np.float64(99.98))","(1, np.float64(99.99))","(1, np.float64(99.92))","(1, np.float64(99.71))","(1, np.float64(99.82))","(1, np.float64(99.54))","(1, np.float64(98.17))",1.0,100.0,1.0,99.98,1.0,99.99,1.0,99.92,1.0,99.71,1.0,99.82,1.0,99.54,1.0,98.17
1,"(1, np.float64(100.0))","(1, np.float64(99.99))","(1, np.float64(99.95))","(1, np.float64(99.96))","(1, np.float64(99.94))","(0, np.float64(98.75))","(0, np.float64(99.52))","(0, np.float64(96.92))",1.0,100.0,1.0,99.99,1.0,99.95,1.0,99.96,1.0,99.94,0.0,98.75,0.0,99.52,0.0,96.92
1,"(1, np.float64(100.0))","(1, np.float64(100.0))","(1, np.float64(100.0))","(1, np.float64(100.0))","(1, np.float64(100.0))","(1, np.float64(100.0))","(1, np.float64(100.0))","(1, np.float64(100.0))",1.0,100.0,1.0,100.0,1.0,100.0,1.0,100.0,1.0,100.0,1.0,100.0,1.0,100.0,1.0,100.0
1,"(1, np.float64(91.38))","(1, np.float64(95.67))","(1, np.float64(93.76))","(0, np.float64(94.27))","(1, np.float64(95.32))","(1, np.float64(99.02))","(1, np.float64(99.99))","(1, np.float64(99.91))",1.0,91.38,1.0,95.67,1.0,93.76,0.0,94.27,1.0,95.32,1.0,99.02,1.0,99.99,1.0,99.91
1,"(1, np.float64(100.0))","(1, np.float64(100.0))","(1, np.float64(100.0))","(1, np.float64(100.0))","(1, np.float64(100.0))","(1, np.float64(100.0))","(1, np.float64(100.0))","(1, np.float64(100.0))",1.0,100.0,1.0,100.0,1.0,100.0,1.0,100.0,1.0,100.0,1.0,100.0,1.0,100.0,1.0,100.0
1,"(1, np.float64(99.42))","(1, np.float64(99.72))","(1, np.float64(99.78))","(1, np.float64(99.55))","(1, np.float64(96.86))","(1, np.float64(99.98))","(1, np.float64(99.99))","(1, np.float64(99.95))",1.0,99.42,1.0,99.72,1.0,99.78,1.0,99.55,1.0,96.86,1.0,99.98,1.0,99.99,1.0,99.95
1,"(1, np.float64(100.0))","(1, np.float64(100.0))","(1, np.float64(100.0))","(1, np.float64(100.0))","(1, np.float64(100.0))","(1, np.float64(100.0))","(1, np.float64(100.0))","(1, np.float64(99.99))",1.0,100.0,1.0,100.0,1.0,100.0,1.0,100.0,1.0,100.0,1.0,100.0,1.0,100.0,1.0,99.99
1,"(1, np.float64(100.0))","(1, np.float64(100.0))","(1, np.float64(100.0))","(1, np.float64(100.0))","(1, np.float64(100.0))","(1, np.float64(100.0))","(1, np.float64(100.0))","(1, np.float64(100.0))",1.0,100.0,1.0,100.0,1.0,100.0,1.0,100.0,1.0,100.0,1.0,100.0,1.0,100.0,1.0,100.0
1,"(1, np.float64(99.95))","(1, np.float64(99.91))","(1, np.float64(99.93))","(1, np.float64(99.21))","(1, np.float64(97.97))","(1, np.float64(99.79))","(1, np.float64(100.0))","(1, np.float64(99.98))",1.0,99.95,1.0,99.91,1.0,99.93,1.0,99.21,1.0,97.97,1.0,99.79,1.0,100.0,1.0,99.98
1,"(1, np.float64(100.0))","(1, np.float64(100.0))","(1, np.float64(100.0))","(1, np.float64(100.0))","(1, np.float64(100.0))","(1, np.float64(100.0))","(1, np.float64(100.0))","(1, np.float64(100.0))",1.0,100.0,1.0,100.0,1.0,100.0,1.0,100.0,1.0,100.0,1.0,100.0,1.0,100.0,1.0,100.0
1,"(1, np.float64(100.0))","(1, np.float64(100.0))","(1, np.float64(100.0))","(1, np.float64(100.0))","(1, np.float64(100.0))","(1, np.float64(100.0))","(1, np.float64(100.0))","(1, np.float64(100.0))",1.0,100.0,1.0,100.0,1.0,100.0,1.0,100.0,1.0,100.0,1.0,100.0,1.0,100.0,1.0,100.0
0,,,,,,,,,,,,,,,,,,,,,,,,
1,"(1, np.float64(100.0))","(1, np.float64(100.0))","(1, np.float64(100.0))","(1, np.float64(100.0))","(1, np.float64(100.0))","(1, np.float64(91.33))","(1, np.float64(95.5))","(1, np.float64(99.79))",1.0,100.0,1.0,100.0,1.0,100.0,1.0,100.0,1.0,100.0,1.0,91.33,1.0,95.5,1.0,99.79
1,"(1, np.float64(100.0))","(1, np.float64(100.0))","(1, np.float64(100.0))","(1, np.float64(100.0))","(1, np.float64(100.0))","(1, np.float64(100.0))","(1, np.float64(100.0))","(1, np.float64(100.0))",1.0,100.0,1.0,100.0,1.0,100.0,1.0,100.0,1.0,100.0,1.0,100.0,1.0,100.0,1.0,100.0
1,"(1, np.float64(100.0))","(1, np.float64(100.0))","(1, np.float64(100.0))","(1, np.float64(100.0))","(1, np.float64(100.0))","(1, np.float64(100.0))","(1, np.float64(100.0))","(1, np.float64(99.99))",1.0,100.0,1.0,100.0,1.0,100.0,1.0,100.0,1.0,100.0,1.0,100.0,1.0,100.0,1.0,99.99
1,"(1, np.float64(100.0))","(1, np.float64(100.0))","(1, np.float64(100.0))","(1, np.float64(100.0))","(1, np.float64(100.0))","(1, np.float64(100.0))","(1, np.float64(100.0))","(1, np.float64(100.0))",1.0,100.0,1.0,100.0,1.0,100.0,1.0,100.0,1.0,100.0,1.0,100.0,1.0,100.0,1.0,100.0
1,"(1, np.float64(100.0))","(1, np.float64(100.0))","(1, np.float64(100.0))","(1, np.float64(100.0))","(1, np.float64(100.0))","(1, np.float64(100.0))","(1, np.float64(100.0))","(1, np.float64(100.0))",1.0,100.0,1.0,100.0,1.0,100.0,1.0,100.0,1.0,100.0,1.0,100.0,1.0,100.0,1.0,100.0
1,"(1, np.float64(99.88))","(1, np.float64(99.9))","(1, np.float64(99.88))","(1, np.float64(99.81))","(1, np.float64(99.85))","(1, np.float64(100.0))","(1, np.float64(99.99))","(1, np.float64(99.99))",1.0,99.88,1.0,99.9,1.0,99.88,1.0,99.81,1.0,99.85,1.0,100.0,1.0,99.99,1.0,99.99
1,"(1, np.float64(100.0))","(1, np.float64(100.0))","(1, np.float64(100.0))","(1, np.float64(99.99))","(1, np.float64(99.94))","(1, np.float64(85.71))","(1, np.float64(84.45))","(1, np.float64(87.29))",1.0,100.0,1.0,100.0,1.0,100.0,1.0,99.99,1.0,99.94,1.0,85.71,1.0,84.45,1.0,87.29
0,,,,,,,,,,,,,,,,,,,,,,,,
1,"(1, np.float64(100.0))","(1, np.float64(100.0))","(1, np.float64(100.0))","(1, np.float64(100.0))","(1, np.float64(100.0))","(1, np.float64(99.99))","(1, np.float64(100.0))","(1, np.float64(83.77))",1.0,100.0,1.0,100.0,1.0,100.0,1.0,100.0,1.0,100.0,1.0,99.99,1.0,100.0,1.0,83.77
1,"(1, np.float64(100.0))","(1, np.float64(100.0))","(1, np.float64(100.0))","(1, np.float64(100.0))","(1, np.float64(100.0))","(1, np.float64(100.0))","(1, np.float64(100.0))","(1, np.float64(100.0))",1.0,100.0,1.0,100.0,1.0,100.0,1.0,100.0,1.0,100.0,1.0,100.0,1.0,100.0,1.0,100.0
0,,,,,,,,,,,,,,,,,,,,,,,,
1,"(1, np.float64(100.0))","(1, np.float64(100.0))","(1, np.float64(100.0))","(1, np.float64(100.0))","(1, np.float64(100.0))","(1, np.float64(100.0))","(1, np.float64(100.0))","(1, np.float64(100.0))",1.0,100.0,1.0,100.0,1.0,100.0,1.0,100.0,1.0,100.0,1.0,100.0,1.0,100.0,1.0,100.0
0,,,,,,,,,,,,,,,,,,,,,,,,
1,"(1, np.float64(99.99))","(1, np.float64(100.0))","(1, np.float64(99.91))","(1, np.float64(99.93))","(1, np.float64(75.51))","(1, np.float64(75.16))","(1, np.float64(79.97))","(1, np.float64(81.02))",1.0,99.99,1.0,100.0,1.0,99.91,1.0,99.93,1.0,75.51,1.0,75.16,1.0,79.97,1.0,81.02
1,"(0, np.float64(99.26))","(1, np.float64(99.79))","(1, np.float64(98.75))","(0, np.float64(97.51))","(1, np.float64(99.47))","(1, np.float64(99.99))","(1, np.float64(100.0))","(1, np.float64(99.56))",0.0,99.26,1.0,99.79,1.0,98.75,0.0,97.51,1.0,99.47,1.0,99.99,1.0,100.0,1.0,99.56
1,"(1, np.float64(100.0))","(1, np.float64(100.0))","(1, np.float64(100.0))","(1, np.float64(100.0))","(1, np.float64(100.0))","(1, np.float64(100.0))","(1, np.float64(100.0))","(1, np.float64(100.0))",1.0,100.0,1.0,100.0,1.0,100.0,1.0,100.0,1.0,100.0,1.0,100.0,1.0,100.0,1.0,100.0
1,"(1, np.float64(100.0))","(1, np.float64(100.0))","(1, np.float64(100.0))","(1, np.float64(100.0))","(1, np.float64(100.0))","(1, np.float64(100.0))","(1, np.float64(100.0))","(1, np.float64(100.0))",1.0,100.0,1.0,100.0,1.0,100.0,1.0,100.0,1.0,100.0,1.0,100.0,1.0,100.0,1.0,100.0
1,"(1, np.float64(99.01))","(0, np.float64(96.57))","(1, np.float64(99.74))","(1, np.float64(96.52))","(1, np.float64(92.06))","(1, np.float64(99.18))","(1, np.float64(99.65))","(1, np.float64(97.45))",1.0,99.01,0.0,96.57,1.0,99.74,1.0,96.52,1.0,92.06,1.0,99.18,1.0,99.65,1.0,97.45
1,"(1, np.float64(99.99))","(1, np.float64(100.0))","(1, np.float64(100.0))","(1, np.float64(100.0))","(1, np.float64(100.0))","(1, np.float64(100.0))","(1, np.float64(100.0))","(1, np.float64(100.0))",1.0,99.99,1.0,100.0,1.0,100.0,1.0,100.0,1.0,100.0,1.0,100.0,1.0,100.0,1.0,100.0
1,"(1, np.float64(99.46))","(1, np.float64(97.88))","(1, np.float64(93.78))","(1, np.float64(91.64))","(0, np.float64(92.38))","(1, np.float64(97.73))","(1, np.float64(99.96))","(1, np.float64(95.55))",1.0,99.46,1.0,97.88,1.0,93.78,1.0,91.64,0.0,92.38,1.0,97.73,1.0,99.96,1.0,95.55
0,,,,,,,,,,,,,,,,,,,,,,,,
1,"(1, np.float64(100.0))","(1, np.float64(100.0))","(1, np.float64(100.0))","(1, np.float64(100.0))","(1, np.float64(100.0))","(1, np.float64(100.0))","(1, np.float64(100.0))","(1, np.float64(100.0))",1.0,100.0,1.0,100.0,1.0,100.0,1.0,100.0,1.0,100.0,1.0,100.0,1.0,100.0,1.0,100.0
1,"(1, np.float64(100.0))","(1, np.float64(100.0))","(1, np.float64(99.98))","(1, np.float64(99.9))","(1, np.float64(99.44))","(1, np.float64(100.0))","(1, np.float64(100.0))","(1, np.float64(100.0))",1.0,100.0,1.0,100.0,1.0,99.98,1.0,99.9,1.0,99.44,1.0,100.0,1.0,100.0,1.0,100.0
0,,,,,,,,,,,,,,,,,,,,,,,,
0,,,,,,,,,,,,,,,,,,,,,,,,
1,"(1, np.float64(99.86))","(1, np.float64(98.99))","(1, np.float64(98.0))","(1, np.float64(99.23))","(1, np.float64(99.21))","(1, np.float64(98.07))","(1, np.float64(99.95))","(1, np.float64(97.98))",1.0,99.86,1.0,98.99,1.0,98.0,1.0,99.23,1.0,99.21,1.0,98.07,1.0,99.95,1.0,97.98
1,"(1, np.float64(100.0))","(1, np.float64(100.0))","(1, np.float64(100.0))","(1, np.float64(100.0))","(1, np.float64(100.0))","(1, np.float64(100.0))","(1, np.float64(100.0))","(1, np.float64(100.0))",1.0,100.0,1.0,100.0,1.0,100.0,1.0,100.0,1.0,100.0,1.0,100.0,1.0,100.0,1.0,100.0
1,"(1, np.float64(100.0))","(1, np.float64(99.99))","(1, np.float64(100.0))","(1, np.float64(100.0))","(1, np.float64(100.0))","(1, np.float64(100.0))","(1, np.float64(100.0))","(1, np.float64(100.0))",1.0,100.0,1.0,99.99,1.0,100.0,1.0,100.0,1.0,100.0,1.0,100.0,1.0,100.0,1.0,100.0
1,"(1, np.float64(99.98))","(1, np.float64(99.98))","(1, np.float64(99.95))","(1, np.float64(99.95))","(1, np.float64(99.94))","(1, np.float64(99.99))","(1, np.float64(100.0))","(1, np.float64(99.97))",1.0,99.98,1.0,99.98,1.0,99.95,1.0,99.95,1.0,99.94,1.0,99.99,1.0,100.0,1.0,99.97
1,"(0, np.float64(97.25))","(1, np.float64(98.98))","(0, np.float64(99.86))","(1, np.float64(99.61))","(0, np.float64(99.98))","(0, np.float64(99.97))","(0, np.float64(99.98))","(0, np.float64(99.06))",0.0,97.25,1.0,98.98,0.0,99.86,1.0,99.61,0.0,99.98,0.0,99.97,0.0,99.98,0.0,99.06
1,"(1, np.float64(99.84))","(1, np.float64(99.74))","(1, np.float64(99.23))","(1, np.float64(95.74))","(1, np.float64(97.51))","(1, np.float64(97.22))","(1, np.float64(99.99))","(1, np.float64(99.13))",1.0,99.84,1.0,99.74,1.0,99.23,1.0,95.74,1.0,97.51,1.0,97.22,1.0,99.99,1.0,99.13
1,"(1, np.float64(100.0))","(1, np.float64(100.0))","(1, np.float64(100.0))","(1, np.float64(100.0))","(1, np.float64(100.0))","(1, np.float64(100.0))","(1, np.float64(100.0))","(1, np.float64(100.0))",1.0,100.0,1.0,100.0,1.0,100.0,1.0,100.0,1.0,100.0,1.0,100.0,1.0,100.0,1.0,100.0
1,"(1, np.float64(100.0))","(1, np.float64(100.0))","(1, np.float64(100.0))","(1, np.float64(100.0))","(1, np.float64(100.0))","(1, np.float64(100.0))","(1, np.float64(100.0))","(1, np.float64(100.0))",1.0,100.0,1.0,100.0,1.0,100.0,1.0,100.0,1.0,100.0,1.0,100.0,1.0,100.0,1.0,100.0
1,"(1, np.float64(100.0))","(1, np.float64(100.0))","(1, np.float64(100.0))","(1, np.float64(100.0))","(1, np.float64(100.0))","(1, np.float64(100.0))","(1, np.float64(100.0))","(1, np.float64(99.99))",1.0,100.0,1.0,100.0,1.0,100.0,1.0,100.0,1.0,100.0,1.0,100.0,1.0,100.0,1.0,99.99
1,"(1, np.float64(100.0))","(1, np.float64(100.0))","(1, np.float64(100.0))","(1, np.float64(100.0))","(1, np.float64(99.99))","(1, np.float64(100.0))","(1, np.float64(100.0))","(1, np.float64(100.0))",1.0,100.0,1.0,100.0,1.0,100.0,1.0,100.0,1.0,99.99,1.0,100.0,1.0,100.0,1.0,100.0
1,"(0, np.float64(97.89))","(1, np.float64(99.96))","(1, np.float64(98.23))","(0, np.float64(98.48))","(1, np.float64(99.92))","(1, np.float64(99.97))","(1, np.float64(100.0))","(1, np.float64(99.99))",0.0,97.89,1.0,99.96,1.0,98.23,0.0,98.48,1.0,99.92,1.0,99.97,1.0,100.0,1.0,99.99
1,"(1, np.float64(99.98))","(1, np.float64(99.93))","(1, np.float64(99.8))","(1, np.float64(99.63))","(1, np.float64(99.13))","(1, np.float64(77.26))","(1, np.float64(76.22))","(1, np.float64(76.49))",1.0,99.98,1.0,99.93,1.0,99.8,1.0,99.63,1.0,99.13,1.0,77.26,1.0,76.22,1.0,76.49
1,"(1, np.float64(99.5))","(1, np.float64(99.81))","(1, np.float64(99.5))","(1, np.float64(96.88))","(1, np.float64(95.77))","(1, np.float64(99.99))","(1, np.float64(99.95))","(1, np.float64(99.87))",1.0,99.5,1.0,99.81,1.0,99.5,1.0,96.88,1.0,95.77,1.0,99.99,1.0,99.95,1.0,99.87
1,"(1, np.float64(100.0))","(1, np.float64(100.0))","(1, np.float64(100.0))","(1, np.float64(100.0))","(1, np.float64(100.0))","(1, np.float64(100.0))","(1, np.float64(100.0))","(1, np.float64(100.0))",1.0,100.0,1.0,100.0,1.0,100.0,1.0,100.0,1.0,100.0,1.0,100.0,1.0,100.0,1.0,100.0
1,"(1, np.float64(99.98))","(1, np.float64(99.9))","(1, np.float64(98.22))","(0, np.float64(97.23))","(1, np.float64(99.98))","(1, np.float64(100.0))","(1, np.float64(100.0))","(1, np.float64(99.98))",1.0,99.98,1.0,99.9,1.0,98.22,0.0,97.23,1.0,99.98,1.0,100.0,1.0,100.0,1.0,99.98
1,"(1, np.float64(100.0))","(1, np.float64(100.0))","(1, np.float64(99.99))","(1, np.float64(99.74))","(1, np.float64(99.87))","(1, np.float64(99.97))","(1, np.float64(100.0))","(1, np.float64(99.96))",1.0,100.0,1.0,100.0,1.0,99.99,1.0,99.74,1.0,99.87,1.0,99.97,1.0,100.0,1.0,99.96
1,"(1, np.float64(99.95))","(1, np.float64(99.75))","(1, np.float64(98.81))","(1, np.float64(98.18))","(0, np.float64(95.75))","(0, np.float64(99.55))","(0, np.float64(99.85))","(1, np.float64(99.67))",1.0,99.95,1.0,99.75,1.0,98.81,1.0,98.18,0.0,95.75,0.0,99.55,0.0,99.85,1.0,99.67
1,"(1, np.float64(97.66))","(0, np.float64(94.02))","(1, np.float64(99.67))","(0, np.float64(98.64))","(1, np.float64(98.92))","(1, np.float64(99.3))","(1, np.float64(99.61))","(1, np.float64(98.94))",1.0,97.66,0.0,94.02,1.0,99.67,0.0,98.64,1.0,98.92,1.0,99.3,1.0,99.61,1.0,98.94
1,"(1, np.float64(98.75))","(1, np.float64(99.68))","(0, np.float64(97.93))","(1, np.float64(99.97))","(1, np.float64(97.88))","(1, np.float64(99.99))","(1, np.float64(99.95))","(1, np.float64(98.07))",1.0,98.75,1.0,99.68,0.0,97.93,1.0,99.97,1.0,97.88,1.0,99.99,1.0,99.95,1.0,98.07
1,"(1, np.float64(97.93))","(1, np.float64(98.13))","(0, np.float64(96.16))","(0, np.float64(99.13))","(1, np.float64(99.3))","(1, np.float64(99.99))","(1, np.float64(100.0))","(1, np.float64(99.98))",1.0,97.93,1.0,98.13,0.0,96.16,0.0,99.13,1.0,99.3,1.0,99.99,1.0,100.0,1.0,99.98
0,,,,,,,,,,,,,,,,,,,,,,,,
