round_0,round_1,round_2,round_3,round_4,round_5,round_6,round_7,round_8,round_1_ans,round_1_conf,round_2_ans,round_2_conf,round_3_ans,round_3_conf,round_4_ans,round_4_conf,round_5_ans,round_5_conf,round_6_ans,round_6_conf,round_7_ans,round_7_conf,round_8_ans,round_8_conf
1,"(0, np.float64(99.57))","(0, np.float64(95.79))","(1, np.float64(99.56))","(0, np.float64(99.96))","(1, np.float64(97.19))","(0, np.float64(95.79))","(0, np.float64(96.2))","(1, np.float64(97.74))",0.0,99.57,0.0,95.79,1.0,99.56,0.0,99.96,1.0,97.19,0.0,95.79,0.0,96.2,1.0,97.74
1,"(1, np.float64(100.0))","(1, np.float64(100.0))","(1, np.float64(100.0))","(1, np.float64(100.0))","(1, np.float64(100.0))","(1, np.float64(100.0))","(1, np.float64(100.0))","(1, np.float64(100.0))",1.0,100.0,1.0,100.0,1.0,100.0,1.0,100.0,1.0,100.0,1.0,100.0,1.0,100.0,1.0,100.0
1,"(0, np.float64(97.51))","(1, np.float64(95.35))","(0, np.float64(97.77))","(1, np.float64(99.88))","(0, np.float64(97.51))","(1, np.float64(99.12))","(1, np.float64(99.86))","(1, np.float64(98.02))",0.0,97.51,1.0,95.35,0.0,97.77,1.0,99.88,0.0,97.51,1.0,99.12,1.0,99.86,1.0,98.02
1,"(1, np.float64(100.0))","(1, np.float64(100.0))","(1, np.float64(100.0))","(1, np.float64(100.0))","(1, np.float64(100.0))","(1, np.float64(100.0))","(1, np.float64(100.0))","(1, np.float64(100.0))",1.0,100.0,1.0,100.0,1.0,100.0,1.0,100.0,1.0,100.0,1.0,100.0,1.0,100.0,1.0,100.0
1,"(1, np.float64(97.22))","(1, np.float64(95.26))","(1, np.float64(91.67))","(0, np.float64(98.28))","(1, np.float64(100.0))","(1, np.float64(100.0))","(1, np.float64(100.0))","(1, np.float64(99.97))",1.0,97.22,1.0,95.26,1.0,91.67,0.0,98.28,1.0,100.0,1.0,100.0,1.0,100.0,1.0,99.97
1,"(1, np.float64(100.0))","(1, np.float64(100.0))","(1, np.float64(100.0))","(1, np.float64(100.0))","(1, np.float64(100.0))","(1, np.float64(100.0))","(1, np.float64(100.0))","(1, np.float64(100.0))",1.0,100.0,1.0,100.0,1.0,100.0,1.0,100.0,1.0,100.0,1.0,100.0,1.0,100.0,1.0,100.0
1,"(1, np.float64(100.0))","(1, np.float64(100.0))","(1, np.float64(100.0))","(1, np.float64(100.0))","(1, np.float64(100.0))","(1, np.float64(100.0))","(1, np.float64(100.0))","(1, np.float64(100.0))",1.0,100.0,1.0,100.0,1.0,100.0,1.0,100.0,1.0,100.0,1.0,100.0,1.0,100.0,1.0,100.0
1,"(1, np.float64(100.0))","(1, np.float64(100.0))","(1, np.float64(100.0))","(1, np.float64(100.0))","(1, np.float64(100.0))","(1, np.float64(99.96))","(1, np.float64(100.0))","(1, np.float64(99.99))",1.0,100.0,1.0,100.0,1.0,100.0,1.0,100.0,1.0,100.0,1.0,99.96,1.0,100.0,1.0,99.99
0,,,,,,,,,,,,,,,,,,,,,,,,
1,"(1, np.float64(99.99))","(1, np.float64(100.0))","(1, np.float64(99.99))","(1, np.float64(99.96))","(1, np.float64(99.5))","(1, np.float64(99.99))","(1, np.float64(100.0))","(1, np.float64(99.98))",1.0,99.99,1.0,100.0,1.0,99.99,1.0,99.96,1.0,99.5,1.0,99.99,1.0,100.0,1.0,99.98
1,"(0, np.float64(97.27))","(1, np.float64(100.0))","(1, np.float64(99.89))","(1, np.float64(98.91))","(1, np.float64(99.71))","(1, np.float64(100.0))","(1, np.float64(100.0))","(1, np.float64(100.0))",0.0,97.27,1.0,100.0,1.0,99.89,1.0,98.91,1.0,99.71,1.0,100.0,1.0,100.0,1.0,100.0
1,"(1, np.float64(100.0))","(1, np.float64(100.0))","(1, np.float64(100.0))","(1, np.float64(100.0))","(1, np.float64(100.0))","(1, np.float64(100.0))","(1, np.float64(100.0))","(1, np.float64(100.0))",1.0,100.0,1.0,100.0,1.0,100.0,1.0,100.0,1.0,100.0,1.0,100.0,1.0,100.0,1.0,100.0
1,"(1, np.float64(100.0))","(1, np.float64(100.0))","(1, np.float64(100.0))","(1, np.float64(100.0))","(1, np.float64(100.0))","(1, np.float64(100.0))","(1, np.float64(100.0))","(1, np.float64(100.0))",1.0,100.0,1.0,100.0,1.0,100.0,1.0,100.0,1.0,100.0,1.0,100.0,1.0,100.0,1.0,100.0
1,"(1, np.float64(100.0))","(1, np.float64(100.0))","(1, np.float64(100.0))","(1, np.float64(100.0))","(1, np.float64(100.0))","(1, np.float64(100.0))","(1, np.float64(100.0))","(1, np.float64(100.0))",1.0,100.0,1.0,100.0,1.0,100.0,1.0,100.0,1.0,100.0,1.0,100.0,1.0,100.0,1.0,100.0
1,"(1, np.float64(100.0))","(1, np.float64(100.0))","(1, np.float64(100.0))","(1, np.float64(100.0))","(1, np.float64(100.0))","(1, np.float64(100.0))","(1, np.float64(100.0))","(1, np.float64(100.0))",1.0,100.0,1.0,100.0,1.0,100.0,1.0,100.0,1.0,100.0,1.0,100.0,1.0,100.0,1.0,100.0
0,,,,,,,,,,,,,,,,,,,,,,,,
1,"(1, np.float64(100.0))","(1, np.float64(100.0))","(1, np.float64(100.0))","(1, np.float64(100.0))","(1, np.float64(100.0))","(1, np.float64(99.99))","(1, np.float64(100.0))","(1, np.float64(99.99))",1.0,100.0,1.0,100.0,1.0,100.0,1.0,100.0,1.0,100.0,1.0,99.99,1.0,100.0,1.0,99.99
1,"(1, np.float64(99.99))","(1, np.float64(100.0))","(1, np.float64(100.0))","(1, np.float64(100.0))","(1, np.float64(99.95))","(1, np.float64(99.99))","(1, np.float64(100.0))","(1, np.float64(99.88))",1.0,99.99,1.0,100.0,1.0,100.0,1.0,100.0,1.0,99.95,1.0,99.99,1.0,100.0,1.0,99.88
1,"(1, np.float64(100.0))","(1, np.float64(100.0))","(1, np.float64(100.0))","(1, np.float64(100.0))","(1, np.float64(100.0))","(1, np.float64(100.0))","(1, np.float64(100.0))","(1, np.float64(100.0))",1.0,100.0,1.0,100.0,1.0,100.0,1.0,100.0,1.0,100.0,1.0,100.0,1.0,100.0,1.0,100.0
1,"(1, np.float64(99.99))","(1, np.float64(99.99))","(1, np.float64(99.7))","(1, np.float64(96.57))","(0, np.float64(99.84))","(1, np.float64(99.99))","(1, np.float64(99.98))","(1, np.float64(99.96))",1.0,99.99,1.0,99.99,1.0,99.7,1.0,96.57,0.0,99.84,1.0,99.99,1.0,99.98,1.0,99.96
1,"(1, np.float64(99.99))","(1, np.float64(100.0))","(1, np.float64(100.0))","(1, np.float64(100.0))","(1, np.float64(100.0))","(1, np.float64(100.0))","(1, np.float64(100.0))","(1, np.float64(100.0))",1.0,99.99,1.0,100.0,1.0,100.0,1.0,100.0,1.0,100.0,1.0,100.0,1.0,100.0,1.0,100.0
0,,,,,,,,,,,,,,,,,,,,,,,,
1,"(1, np.float64(100.0))","(1, np.float64(100.0))","(1, np.float64(100.0))","(1, np.float64(100.0))","(1, np.float64(100.0))","(1, np.float64(100.0))","(1, np.float64(100.0))","(1, np.float64(100.0))",1.0,100.0,1.0,100.0,1.0,100.0,1.0,100.0,1.0,100.0,1.0,100.0,1.0,100.0,1.0,100.0
1,"(1, np.float64(100.0))","(1, np.float64(100.0))","(1, np.float64(100.0))","(1, np.float64(100.0))","(1, np.float64(100.0))","(1, np.float64(100.0))","(1, np.float64(100.0))","(1, np.float64(100.0))",1.0,100.0,1.0,100.0,1.0,100.0,1.0,100.0,1.0,100.0,1.0,100.0,1.0,100.0,1.0,100.0
1,"(1, np.float64(100.0))","(1, np.float64(100.0))","(1, np.float64(100.0))","(1, np.float64(100.0))","(1, np.float64(100.0))","(1, np.float64(100.0))","(1, np.float64(100.0))","(1, np.float64(100.0))",1.0,100.0,1.0,100.0,1.0,100.0,1.0,100.0,1.0,100.0,1.0,100.0,1.0,100.0,1.0,100.0
0,,,,,,,,,,,,,,,,,,,,,,,,
1,"(1, np.float64(100.0))","(1, np.float64(100.0))","(1, np.float64(100.0))","(1, np.float64(100.0))","(1, np.float64(100.0))","(1, np.float64(100.0))","(1, np.float64(100.0))","(1, np.float64(100.0))",1.0,100.0,1.0,100.0,1.0,100.0,1.0,100.0,1.0,100.0,1.0,100.0,1.0,100.0,1.0,100.0
0,,,,,,,,,,,,,,,,,,,,,,,,
1,"(1, np.float64(99.2))","(1, np.float64(99.63))","(1, np.float64(99.82))","(0, np.float64(98.85))","(1, np.float64(99.7))","(1, np.float64(100.0))","(1, np.float64(100.0))","(1, np.float64(99.97))",1.0,99.2,1.0,99.63,1.0,99.82,0.0,98.85,1.0,99.7,1.0,100.0,1.0,100.0,1.0,99.97
1,"(1, np.float64(99.98))","(1, np.float64(100.0))","(1, np.float64(100.0))","(1, np.float64(100.0))","(1, np.float64(100.0))","(1, np.float64(100.0))","(1, np.float64(100.0))","(1, np.float64(100.0))",1.0,99.98,1.0,100.0,1.0,100.0,1.0,100.0,1.0,100.0,1.0,100.0,1.0,100.0,1.0,100.0
1,"(1, np.float64(99.79))","(0, np.float64(97.19))","(1, np.float64(99.82))","(1, np.float64(94.4))","(0, np.float64(99.61))","(0, np.float64(99.19))","(0, np.float64(99.98))","(0, np.float64(99.5))",1.0,99.79,0.0,97.19,1.0,99.82,1.0,94.4,0.0,99.61,0.0,99.19,0.0,99.98,0.0,99.5
1,"(1, np.float64(100.0))","(1, np.float64(100.0))","(1, np.float64(100.0))","(1, np.float64(100.0))","(1, np.float64(100.0))","(1, np.float64(99.99))","(1, np.float64(100.0))","(1, np.float64(99.99))",1.0,100.0,1.0,100.0,1.0,100.0,1.0,100.0,1.0,100.0,1.0,99.99,1.0,100.0,1.0,99.99
1,"(1, np.float64(100.0))","(1, np.float64(100.0))","(1, np.float64(100.0))","(1, np.float64(100.0))","(1, np.float64(100.0))","(1, np.float64(100.0))","(1, np.float64(100.0))","(1, np.float64(100.0))",1.0,100.0,1.0,100.0,1.0,100.0,1.0,100.0,1.0,100.0,1.0,100.0,1.0,100.0,1.0,100.0
1,"(1, np.float64(100.0))","(1, np.float64(100.0))","(1, np.float64(100.0))","(1, np.float64(100.0))","(1, np.float64(100.0))","(1, np.float64(100.0))","(1, np.float64(100.0))","(1, np.float64(99.98))",1.0,100.0,1.0,100.0,1.0,100.0,1.0,100.0,1.0,100.0,1.0,100.0,1.0,100.0,1.0,99.98
1,"(1, np.float64(100.0))","(1, np.float64(100.0))","(1, np.float64(100.0))","(1, np.float64(100.0))","(1, np.float64(100.0))","(1, np.float64(100.0))","(1, np.float64(99.99))","(1, np.float64(100.0))",1.0,100.0,1.0,100.0,1.0,100.0,1.0,100.0,1.0,100.0,1.0,100.0,1.0,99.99,1.0,100.0
1,"(1, np.float64(99.99))","(1, np.float64(100.0))","(1, np.float64(100.0))","(1, np.float64(99.99))","(1, np.float64(99.99))","(1, np.float64(100.0))","(1, np.float64(99.99))","(1, np.float64(100.0))",1.0,99.99,1.0,100.0,1.0,100.0,1.0,99.99,1.0,99.99,1.0,100.0,1.0,99.99,1.0,100.0
1,"(1, np.float64(100.0))","(1, np.float64(100.0))","(1, np.float64(100.0))","(1, np.float64(100.0))","(1, np.float64(100.0))","(1, np.float64(100.0))","(1, np.float64(100.0))","(1, np.float64(100.0))",1.0,100.0,1.0,100.0,1.0,100.0,1.0,100.0,1.0,100.0,1.0,100.0,1.0,100.0,1.0,100.0
1,"(1, np.float64(100.0))","(1, np.float64(100.0))","(1, np.float64(100.0))","(1, np.float64(100.0))","(1, np.float64(100.0))","(1, np.float64(100.0))","(1, np.float64(100.0))","(1, np.float64(100.0))",1.0,100.0,1.0,100.0,1.0,100.0,1.0,100.0,1.0,100.0,1.0,100.0,1.0,100.0,1.0,100.0
1,"(1, np.float64(99.99))","(1, np.float64(100.0))","(1, np.float64(100.0))","(1, np.float64(100.0))","(1, np.float64(100.0))","(1, np.float64(100.0))","(1, np.float64(100.0))","(1, np.float64(100.0))",1.0,99.99,1.0,100.0,1.0,100.0,1.0,100.0,1.0,100.0,1.0,100.0,1.0,100.0,1.0,100.0
1,"(1, np.float64(95.28))","(1, np.float64(99.53))","(1, np.float64(99.58))","(1, np.float64(98.43))","(1, np.float64(94.24))","(1, np.float64(99.92))","(1, np.float64(100.0))","(1, np.float64(99.82))",1.0,95.28,1.0,99.53,1.0,99.58,1.0,98.43,1.0,94.24,1.0,99.92,1.0,100.0,1.0,99.82
1,"(1, np.float64(97.73))","(1, np.float64(99.29))","(1, np.float64(98.38))","(0, np.float64(99.63))","(1, np.float64(99.95))","(1, np.float64(99.96))","(1, np.float64(99.94))","(1, np.float64(99.96))",1.0,97.73,1.0,99.29,1.0,98.38,0.0,99.63,1.0,99.95,1.0,99.96,1.0,99.94,1.0,99.96
1,"(1, np.float64(100.0))","(1, np.float64(100.0))","(1, np.float64(100.0))","(1, np.float64(100.0))","(1, np.float64(100.0))","(1, np.float64(100.0))","(1, np.float64(100.0))","(1, np.float64(100.0))",1.0,100.0,1.0,100.0,1.0,100.0,1.0,100.0,1.0,100.0,1.0,100.0,1.0,100.0,1.0,100.0
1,"(1, np.float64(100.0))","(1, np.float64(100.0))","(1, np.float64(100.0))","(1, np.float64(100.0))","(1, np.float64(100.0))","(1, np.float64(100.0))","(1, np.float64(100.0))","(1, np.float64(100.0))",1.0,100.0,1.0,100.0,1.0,100.0,1.0,100.0,1.0,100.0,1.0,100.0,1.0,100.0,1.0,100.0
1,"(0, np.float64(99.14))","(1, np.float64(94.58))","(0, np.float64(92.02))","(0, np.float64(97.76))","(1, np.float64(95.4))","(0, np.float64(93.58))","(0, np.float64(99.99))","(0, np.float64(99.38))",0.0,99.14,1.0,94.58,0.0,92.02,0.0,97.76,1.0,95.4,0.0,93.58,0.0,99.99,0.0,99.38
1,"(1, np.float64(100.0))","(1, np.float64(100.0))","(1, np.float64(100.0))","(1, np.float64(99.54))","(1, np.float64(99.68))","(1, np.float64(99.96))","(1, np.float64(100.0))","(1, np.float64(99.96))",1.0,100.0,1.0,100.0,1.0,100.0,1.0,99.54,1.0,99.68,1.0,99.96,1.0,100.0,1.0,99.96
1,"(1, np.float64(100.0))","(1, np.float64(100.0))","(1, np.float64(100.0))","(1, np.float64(100.0))","(1, np.float64(100.0))","(1, np.float64(100.0))","(1, np.float64(100.0))","(1, np.float64(100.0))",1.0,100.0,1.0,100.0,1.0,100.0,1.0,100.0,1.0,100.0,1.0,100.0,1.0,100.0,1.0,100.0
1,"(1, np.float64(100.0))","(1, np.float64(100.0))","(1, np.float64(100.0))","(1, np.float64(100.0))","(1, np.float64(100.0))","(1, np.float64(99.94))","(1, np.float64(100.0))","(1, np.float64(99.99))",1.0,100.0,1.0,100.0,1.0,100.0,1.0,100.0,1.0,100.0,1.0,99.94,1.0,100.0,1.0,99.99
1,"(1, np.float64(99.54))","(1, np.float64(99.6))","(1, np.float64(97.14))","(0, np.float64(99.42))","(1, np.float64(100.0))","(1, np.float64(100.0))","(1, np.float64(100.0))","(1, np.float64(99.98))",1.0,99.54,1.0,99.6,1.0,97.14,0.0,99.42,1.0,100.0,1.0,100.0,1.0,100.0,1.0,99.98
1,"(1, np.float64(99.98))","(1, np.float64(99.83))","(1, np.float64(99.29))","(0, np.float64(95.4))","(1, np.float64(99.96))","(1, np.float64(99.99))","(1, np.float64(100.0))","(1, np.float64(99.99))",1.0,99.98,1.0,99.83,1.0,99.29,0.0,95.4,1.0,99.96,1.0,99.99,1.0,100.0,1.0,99.99
1,"(1, np.float64(99.99))","(1, np.float64(100.0))","(1, np.float64(100.0))","(1, np.float64(99.85))","(1, np.float64(99.86))","(1, np.float64(99.99))","(1, np.float64(99.99))","(1, np.float64(98.67))",1.0,99.99,1.0,100.0,1.0,100.0,1.0,99.85,1.0,99.86,1.0,99.99,1.0,99.99,1.0,98.67
1,"(1, np.float64(100.0))","(1, np.float64(100.0))","(1, np.float64(100.0))","(1, np.float64(100.0))","(1, np.float64(100.0))","(1, np.float64(100.0))","(1, np.float64(100.0))","(1, np.float64(100.0))",1.0,100.0,1.0,100.0,1.0,100.0,1.0,100.0,1.0,100.0,1.0,100.0,1.0,100.0,1.0,100.0
1,"(1, np.float64(100.0))","(1, np.float64(100.0))","(1, np.float64(100.0))","(1, np.float64(100.0))","(1, np.float64(100.0))","(1, np.float64(100.0))","(1, np.float64(100.0))","(1, np.float64(100.0))",1.0,100.0,1.0,100.0,1.0,100.0,1.0,100.0,1.0,100.0,1.0,100.0,1.0,100.0,1.0,100.0
1,"(1, np.float64(100.0))","(1, np.float64(100.0))","(1, np.float64(100.0))","(1, np.float64(100.0))","(1, np.float64(100.0))","(1, np.float64(100.0))","(1, np.float64(100.0))","(1, np.float64(100.0))",1.0,100.0,1.0,100.0,1.0,100.0,1.0,100.0,1.0,100.0,1.0,100.0,1.0,100.0,1.0,100.0
1,"(1, np.float64(99.99))","(1, np.float64(100.0))","(1, np.float64(100.0))","(1, np.float64(100.0))","(1, np.float64(100.0))","(1, np.float64(100.0))","(1, np.float64(100.0))","(1, np.float64(100.0))",1.0,99.99,1.0,100.0,1.0,100.0,1.0,100.0,1.0,100.0,1.0,100.0,1.0,100.0,1.0,100.0
1,"(1, np.float64(100.0))","(1, np.float64(100.0))","(1, np.float64(100.0))","(1, np.float64(100.0))","(1, np.float64(100.0))","(1, np.float64(100.0))","(1, np.float64(100.0))","(1, np.float64(100.0))",1.0,100.0,1.0,100.0,1.0,100.0,1.0,100.0,1.0,100.0,1.0,100.0,1.0,100.0,1.0,100.0
1,"(1, np.float64(100.0))","(1, np.float64(100.0))","(1, np.float64(100.0))","(1, np.float64(100.0))","(1, np.float64(100.0))","(1, np.float64(100.0))","(1, np.float64(100.0))","(1, np.float64(100.0))",1.0,100.0,1.0,100.0,1.0,100.0,1.0,100.0,1.0,100.0,1.0,100.0,1.0,100.0,1.0,100.0
1,"(1, np.float64(100.0))","(1, np.float64(100.0))","(1, np.float64(100.0))","(1, np.float64(100.0))","(1, np.float64(100.0))","(1, np.float64(100.0))","(1, np.float64(100.0))","(1, np.float64(100.0))",1.0,100.0,1.0,100.0,1.0,100.0,1.0,100.0,1.0,100.0,1.0,100.0,1.0,100.0,1.0,100.0
1,"(1, np.float64(100.0))","(1, np.float64(100.0))","(1, np.float64(100.0))","(1, np.float64(100.0))","(1, np.float64(100.0))","(1, np.float64(100.0))","(1, np.float64(100.0))","(1, np.float64(100.0))",1.0,100.0,1.0,100.0,1.0,100.0,1.0,100.0,1.0,100.0,1.0,100.0,1.0,100.0,1.0,100.0
1,"(0, np.float64(95.36))","(0, np.float64(98.41))","(1, np.float64(99.97))","(0, np.float64(98.73))","(1, np.float64(99.98))","(1, np.float64(95.31))","(1, np.float64(99.98))","(1, np.float64(96.12))",0.0,95.36,0.0,98.41,1.0,99.97,0.0,98.73,1.0,99.98,1.0,95.31,1.0,99.98,1.0,96.12
1,"(1, np.float64(100.0))","(1, np.float64(100.0))","(1, np.float64(100.0))","(1, np.float64(100.0))","(1, np.float64(100.0))","(1, np.float64(100.0))","(1, np.float64(100.0))","(1, np.float64(100.0))",1.0,100.0,1.0,100.0,1.0,100.0,1.0,100.0,1.0,100.0,1.0,100.0,1.0,100.0,1.0,100.0
1,"(1, np.float64(99.88))","(1, np.float64(99.25))","(1, np.float64(97.91))","(0, np.float64(98.96))","(1, np.float64(99.2))","(1, np.float64(100.0))","(1, np.float64(100.0))","(1, np.float64(99.99))",1.0,99.88,1.0,99.25,1.0,97.91,0.0,98.96,1.0,99.2,1.0,100.0,1.0,100.0,1.0,99.99
1,"(1, np.float64(99.97))","(1, np.float64(99.8))","(1, np.float64(99.79))","(1, np.float64(98.01))","(1, np.float64(97.48))","(0, np.float64(99.79))","(0, np.float64(99.94))","(1, np.float64(99.76))",1.0,99.97,1.0,99.8,1.0,99.79,1.0,98.01,1.0,97.48,0.0,99.79,0.0,99.94,1.0,99.76
1,"(1, np.float64(100.0))","(1, np.float64(100.0))","(1, np.float64(100.0))","(1, np.float64(100.0))","(1, np.float64(100.0))","(1, np.float64(100.0))","(1, np.float64(100.0))","(1, np.float64(99.99))",1.0,100.0,1.0,100.0,1.0,100.0,1.0,100.0,1.0,100.0,1.0,100.0,1.0,100.0,1.0,99.99
1,"(1, np.float64(100.0))","(1, np.float64(100.0))","(1, np.float64(100.0))","(1, np.float64(100.0))","(1, np.float64(100.0))","(1, np.float64(100.0))","(1, np.float64(100.0))","(1, np.float64(100.0))",1.0,100.0,1.0,100.0,1.0,100.0,1.0,100.0,1.0,100.0,1.0,100.0,1.0,100.0,1.0,100.0
1,"(1, np.float64(100.0))","(1, np.float64(100.0))","(1, np.float64(100.0))","(1, np.float64(100.0))","(1, np.float64(100.0))","(1, np.float64(100.0))","(1, np.float64(100.0))","(1, np.float64(100.0))",1.0,100.0,1.0,100.0,1.0,100.0,1.0,100.0,1.0,100.0,1.0,100.0,1.0,100.0,1.0,100.0
1,"(1, np.float64(100.0))","(1, np.float64(100.0))","(1, np.float64(100.0))","(1, np.float64(100.0))","(1, np.float64(100.0))","(1, np.float64(100.0))","(1, np.float64(100.0))","(1, np.float64(100.0))",1.0,100.0,1.0,100.0,1.0,100.0,1.0,100.0,1.0,100.0,1.0,100.0,1.0,100.0,1.0,100.0
1,"(1, np.float64(100.0))","(1, np.float64(100.0))","(1, np.float64(100.0))","(1, np.float64(100.0))","(1, np.float64(100.0))","(1, np.float64(100.0))","(1, np.float64(100.0))","(1, np.float64(100.0))",1.0,100.0,1.0,100.0,1.0,100.0,1.0,100.0,1.0,100.0,1.0,100.0,1.0,100.0,1.0,100.0
1,"(1, np.float64(100.0))","(1, np.float64(100.0))","(1, np.float64(100.0))","(1, np.float64(100.0))","(1, np.float64(100.0))","(1, np.float64(100.0))","(1, np.float64(100.0))","(1, np.float64(100.0))",1.0,100.0,1.0,100.0,1.0,100.0,1.0,100.0,1.0,100.0,1.0,100.0,1.0,100.0,1.0,100.0
1,"(1, np.float64(100.0))","(1, np.float64(100.0))","(1, np.float64(100.0))","(1, np.float64(100.0))","(1, np.float64(100.0))","(1, np.float64(100.0))","(1, np.float64(100.0))","(1, np.float64(100.0))",1.0,100.0,1.0,100.0,1.0,100.0,1.0,100.0,1.0,100.0,1.0,100.0,1.0,100.0,1.0,100.0
1,"(1, np.float64(100.0))","(1, np.float64(100.0))","(1, np.float64(100.0))","(1, np.float64(100.0))","(1, np.float64(100.0))","(1, np.float64(100.0))","(1, np.float64(100.0))","(1, np.float64(100.0))",1.0,100.0,1.0,100.0,1.0,100.0,1.0,100.0,1.0,100.0,1.0,100.0,1.0,100.0,1.0,100.0
1,"(1, np.float64(100.0))","(1, np.float64(100.0))","(1, np.float64(100.0))","(1, np.float64(100.0))","(1, np.float64(100.0))","(1, np.float64(99.99))","(1, np.float64(99.99))","(1, np.float64(99.98))",1.0,100.0,1.0,100.0,1.0,100.0,1.0,100.0,1.0,100.0,1.0,99.99,1.0,99.99,1.0,99.98
1,"(1, np.float64(100.0))","(1, np.float64(100.0))","(1, np.float64(100.0))","(1, np.float64(100.0))","(1, np.float64(100.0))","(1, np.float64(99.99))","(1, np.float64(100.0))","(1, np.float64(100.0))",1.0,100.0,1.0,100.0,1.0,100.0,1.0,100.0,1.0,100.0,1.0,99.99,1.0,100.0,1.0,100.0
1,"(1, np.float64(99.91))","(1, np.float64(100.0))","(1, np.float64(100.0))","(1, np.float64(100.0))","(1, np.float64(100.0))","(1, np.float64(100.0))","(1, np.float64(100.0))","(1, np.float64(100.0))",1.0,99.91,1.0,100.0,1.0,100.0,1.0,100.0,1.0,100.0,1.0,100.0,1.0,100.0,1.0,100.0
1,"(1, np.float64(100.0))","(1, np.float64(100.0))","(1, np.float64(100.0))","(1, np.float64(100.0))","(1, np.float64(100.0))","(1, np.float64(100.0))","(1, np.float64(100.0))","(1, np.float64(100.0))",1.0,100.0,1.0,100.0,1.0,100.0,1.0,100.0,1.0,100.0,1.0,100.0,1.0,100.0,1.0,100.0
1,"(1, np.float64(99.99))","(1, np.float64(100.0))","(1, np.float64(100.0))","(1, np.float64(100.0))","(1, np.float64(100.0))","(1, np.float64(100.0))","(1, np.float64(100.0))","(1, np.float64(100.0))",1.0,99.99,1.0,100.0,1.0,100.0,1.0,100.0,1.0,100.0,1.0,100.0,1.0,100.0,1.0,100.0
1,"(1, np.float64(100.0))","(1, np.float64(100.0))","(1, np.float64(100.0))","(1, np.float64(100.0))","(1, np.float64(100.0))","(1, np.float64(100.0))","(1, np.float64(100.0))","(1, np.float64(100.0))",1.0,100.0,1.0,100.0,1.0,100.0,1.0,100.0,1.0,100.0,1.0,100.0,1.0,100.0,1.0,100.0
1,"(1, np.float64(100.0))","(1, np.float64(100.0))","(1, np.float64(100.0))","(1, np.float64(100.0))","(1, np.float64(100.0))","(1, np.float64(99.97))","(1, np.float64(100.0))","(1, np.float64(99.91))",1.0,100.0,1.0,100.0,1.0,100.0,1.0,100.0,1.0,100.0,1.0,99.97,1.0,100.0,1.0,99.91
1,"(1, np.float64(100.0))","(1, np.float64(100.0))","(1, np.float64(100.0))","(1, np.float64(100.0))","(1, np.float64(100.0))","(1, np.float64(100.0))","(1, np.float64(100.0))","(1, np.float64(100.0))",1.0,100.0,1.0,100.0,1.0,100.0,1.0,100.0,1.0,100.0,1.0,100.0,1.0,100.0,1.0,100.0
1,"(1, np.float64(100.0))","(1, np.float64(100.0))","(1, np.float64(100.0))","(1, np.float64(100.0))","(1, np.float64(100.0))","(1, np.float64(100.0))","(1, np.float64(100.0))","(1, np.float64(100.0))",1.0,100.0,1.0,100.0,1.0,100.0,1.0,100.0,1.0,100.0,1.0,100.0,1.0,100.0,1.0,100.0
1,"(1, np.float64(99.92))","(1, np.float64(99.45))","(1, np.float64(98.95))","(1, np.float64(99.24))","(1, np.float64(98.37))","(1, np.float64(99.57))","(1, np.float64(99.98))","(1, np.float64(99.86))",1.0,99.92,1.0,99.45,1.0,98.95,1.0,99.24,1.0,98.37,1.0,99.57,1.0,99.98,1.0,99.86
1,"(1, np.float64(99.99))","(1, np.float64(100.0))","(1, np.float64(100.0))","(1, np.float64(100.0))","(1, np.float64(99.99))","(1, np.float64(99.99))","(1, np.float64(100.0))","(1, np.float64(99.99))",1.0,99.99,1.0,100.0,1.0,100.0,1.0,100.0,1.0,99.99,1.0,99.99,1.0,100.0,1.0,99.99
1,"(1, np.float64(100.0))","(1, np.float64(100.0))","(1, np.float64(100.0))","(1, np.float64(100.0))","(1, np.float64(100.0))","(1, np.float64(100.0))","(1, np.float64(100.0))","(1, np.float64(100.0))",1.0,100.0,1.0,100.0,1.0,100.0,1.0,100.0,1.0,100.0,1.0,100.0,1.0,100.0,1.0,100.0
1,"(1, np.float64(100.0))","(1, np.float64(100.0))","(1, np.float64(100.0))","(1, np.float64(100.0))","(1, np.float64(100.0))","(1, np.float64(99.99))","(1, np.float64(100.0))","(1, np.float64(100.0))",1.0,100.0,1.0,100.0,1.0,100.0,1.0,100.0,1.0,100.0,1.0,99.99,1.0,100.0,1.0,100.0
0,,,,,,,,,,,,,,,,,,,,,,,,
1,"(1, np.float64(99.98))","(1, np.float64(99.97))","(1, np.float64(99.96))","(1, np.float64(99.91))","(1, np.float64(99.87))","(1, np.float64(99.97))","(1, np.float64(100.0))","(1, np.float64(99.97))",1.0,99.98,1.0,99.97,1.0,99.96,1.0,99.91,1.0,99.87,1.0,99.97,1.0,100.0,1.0,99.97
0,,,,,,,,,,,,,,,,,,,,,,,,
1,"(1, np.float64(100.0))","(1, np.float64(100.0))","(1, np.float64(100.0))","(1, np.float64(100.0))","(1, np.float64(100.0))","(1, np.float64(100.0))","(1, np.float64(100.0))","(1, np.float64(100.0))",1.0,100.0,1.0,100.0,1.0,100.0,1.0,100.0,1.0,100.0,1.0,100.0,1.0,100.0,1.0,100.0
1,"(1, np.float64(100.0))","(1, np.float64(100.0))","(1, np.float64(100.0))","(1, np.float64(99.99))","(1, np.float64(99.96))","(1, np.float64(100.0))","(1, np.float64(100.0))","(1, np.float64(99.99))",1.0,100.0,1.0,100.0,1.0,100.0,1.0,99.99,1.0,99.96,1.0,100.0,1.0,100.0,1.0,99.99
1,"(1, np.float64(100.0))","(1, np.float64(100.0))","(1, np.float64(100.0))","(1, np.float64(100.0))","(1, np.float64(100.0))","(1, np.float64(100.0))","(1, np.float64(100.0))","(1, np.float64(100.0))",1.0,100.0,1.0,100.0,1.0,100.0,1.0,100.0,1.0,100.0,1.0,100.0,1.0,100.0,1.0,100.0
1,"(1, np.float64(99.99))","(1, np.float64(99.99))","(1, np.float64(99.99))","(1, np.float64(99.81))","(1, np.float64(99.55))","(1, np.float64(99.93))","(1, np.float64(99.91))","(1, np.float64(98.62))",1.0,99.99,1.0,99.99,1.0,99.99,1.0,99.81,1.0,99.55,1.0,99.93,1.0,99.91,1.0,98.62
1,"(1, np.float64(98.92))","(0, np.float64(97.82))","(1, np.float64(99.76))","(0, np.float64(99.8))","(1, np.float64(99.56))","(1, np.float64(99.82))","(1, np.float64(100.0))","(1, np.float64(99.65))",1.0,98.92,0.0,97.82,1.0,99.76,0.0,99.8,1.0,99.56,1.0,99.82,1.0,100.0,1.0,99.65
1,"(1, np.float64(100.0))","(1, np.float64(100.0))","(1, np.float64(100.0))","(1, np.float64(100.0))","(1, np.float64(100.0))","(1, np.float64(100.0))","(1, np.float64(100.0))","(1, np.float64(100.0))",1.0,100.0,1.0,100.0,1.0,100.0,1.0,100.0,1.0,100.0,1.0,100.0,1.0,100.0,1.0,100.0
1,"(1, np.float64(100.0))","(1, np.float64(100.0))","(1, np.float64(100.0))","(1, np.float64(100.0))","(1, np.float64(100.0))","(1, np.float64(100.0))","(1, np.float64(100.0))","(1, np.float64(100.0))",1.0,100.0,1.0,100.0,1.0,100.0,1.0,100.0,1.0,100.0,1.0,100.0,1.0,100.0,1.0,100.0
0,,,,,,,,,,,,,,,,,,,,,,,,
1,"(1, np.float64(100.0))","(1, np.float64(100.0))","(1, np.float64(100.0))","(1, np.float64(100.0))","(1, np.float64(100.0))","(1, np.float64(100.0))","(1, np.float64(100.0))","(1, np.float64(100.0))",1.0,100.0,1.0,100.0,1.0,100.0,1.0,100.0,1.0,100.0,1.0,100.0,1.0,100.0,1.0,100.0
1,"(1, np.float64(99.93))","(1, np.float64(99.97))","(1, np.float64(99.83))","(1, np.float64(98.73))","(1, np.float64(98.92))","(1, np.float64(99.35))","(1, np.float64(99.98))","(1, np.float64(99.5))",1.0,99.93,1.0,99.97,1.0,99.83,1.0,98.73,1.0,98.92,1.0,99.35,1.0,99.98,1.0,99.5
1,"(1, np.float64(100.0))","(1, np.float64(100.0))","(1, np.float64(100.0))","(1, np.float64(99.99))","(1, np.float64(100.0))","(1, np.float64(100.0))","(1, np.float64(100.0))","(1, np.float64(100.0))",1.0,100.0,1.0,100.0,1.0,100.0,1.0,99.99,1.0,100.0,1.0,100.0,1.0,100.0,1.0,100.0
1,"(1, np.float64(100.0))","(1, np.float64(100.0))","(1, np.float64(100.0))","(1, np.float64(100.0))","(1, np.float64(100.0))","(1, np.float64(100.0))","(1, np.float64(100.0))","(1, np.float64(100.0))",1.0,100.0,1.0,100.0,1.0,100.0,1.0,100.0,1.0,100.0,1.0,100.0,1.0,100.0,1.0,100.0
1,"(1, np.float64(100.0))","(1, np.float64(100.0))","(1, np.float64(100.0))","(1, np.float64(100.0))","(1, np.float64(100.0))","(1, np.float64(100.0))","(1, np.float64(100.0))","(1, np.float64(100.0))",1.0,100.0,1.0,100.0,1.0,100.0,1.0,100.0,1.0,100.0,1.0,100.0,1.0,100.0,1.0,100.0
1,"(1, np.float64(100.0))","(1, np.float64(99.99))","(1, np.float64(99.99))","(1, np.float64(100.0))","(1, np.float64(99.99))","(1, np.float64(100.0))","(1, np.float64(100.0))","(1, np.float64(99.98))",1.0,100.0,1.0,99.99,1.0,99.99,1.0,100.0,1.0,99.99,1.0,100.0,1.0,100.0,1.0,99.98
1,"(1, np.float64(100.0))","(1, np.float64(100.0))","(1, np.float64(100.0))","(1, np.float64(99.99))","(1, np.float64(98.72))","(1, np.float64(97.77))","(1, np.float64(97.77))","(0, np.float64(98.05))",1.0,100.0,1.0,100.0,1.0,100.0,1.0,99.99,1.0,98.72,1.0,97.77,1.0,97.77,0.0,98.05
1,"(1, np.float64(100.0))","(1, np.float64(100.0))","(1, np.float64(100.0))","(1, np.float64(100.0))","(1, np.float64(100.0))","(1, np.float64(100.0))","(1, np.float64(100.0))","(1, np.float64(100.0))",1.0,100.0,1.0,100.0,1.0,100.0,1.0,100.0,1.0,100.0,1.0,100.0,1.0,100.0,1.0,100.0
1,"(1, np.float64(100.0))","(1, np.float64(100.0))","(1, np.float64(100.0))","(1, np.float64(100.0))","(1, np.float64(100.0))","(1, np.float64(100.0))","(1, np.float64(100.0))","(1, np.float64(99.99))",1.0,100.0,1.0,100.0,1.0,100.0,1.0,100.0,1.0,100.0,1.0,100.0,1.0,100.0,1.0,99.99
1,"(1, np.float64(100.0))","(1, np.float64(100.0))","(1, np.float64(100.0))","(1, np.float64(100.0))","(1, np.float64(100.0))","(1, np.float64(99.99))","(1, np.float64(100.0))","(1, np.float64(99.98))",1.0,100.0,1.0,100.0,1.0,100.0,1.0,100.0,1.0,100.0,1.0,99.99,1.0,100.0,1.0,99.98
1,"(1, np.float64(99.72))","(1, np.float64(99.78))","(1, np.float64(99.16))","(0, np.float64(93.88))","(1, np.float64(100.0))","(1, np.float64(99.98))","(1, np.float64(99.98))","(1, np.float64(99.88))",1.0,99.72,1.0,99.78,1.0,99.16,0.0,93.88,1.0,100.0,1.0,99.98,1.0,99.98,1.0,99.88
0,,,,,,,,,,,,,,,,,,,,,,,,
1,"(1, np.float64(100.0))","(1, np.float64(100.0))","(1, np.float64(100.0))","(1, np.float64(99.99))","(1, np.float64(100.0))","(1, np.float64(100.0))","(1, np.float64(100.0))","(1, np.float64(100.0))",1.0,100.0,1.0,100.0,1.0,100.0,1.0,99.99,1.0,100.0,1.0,100.0,1.0,100.0,1.0,100.0
1,"(1, np.float64(100.0))","(1, np.float64(100.0))","(1, np.float64(100.0))","(1, np.float64(100.0))","(1, np.float64(99.99))","(1, np.float64(99.99))","(1, np.float64(100.0))","(1, np.float64(99.99))",1.0,100.0,1.0,100.0,1.0,100.0,1.0,100.0,1.0,99.99,1.0,99.99,1.0,100.0,1.0,99.99
1,"(1, np.float64(100.0))","(1, np.float64(100.0))","(1, np.float64(100.0))","(1, np.float64(100.0))","(1, np.float64(100.0))","(1, np.float64(100.0))","(1, np.float64(99.96))","(1, np.float64(99.98))",1.0,100.0,1.0,100.0,1.0,100.0,1.0,100.0,1.0,100.0,1.0,100.0,1.0,99.96,1.0,99.98
1,"(1, np.float64(100.0))","(1, np.float64(100.0))","(1, np.float64(100.0))","(1, np.float64(99.91))","(1, np.float64(99.84))","(1, np.float64(99.97))","(1, np.float64(100.0))","(1, np.float64(99.97))",1.0,100.0,1.0,100.0,1.0,100.0,1.0,99.91,1.0,99.84,1.0,99.97,1.0,100.0,1.0,99.97
1,"(1, np.float64(99.92))","(1, np.float64(99.93))","(1, np.float64(99.73))","(0, np.float64(92.5))","(1, np.float64(94.77))","(1, np.float64(99.98))","(1, np.float64(100.0))","(1, np.float64(99.97))",1.0,99.92,1.0,99.93,1.0,99.73,0.0,92.5,1.0,94.77,1.0,99.98,1.0,100.0,1.0,99.97
1,"(1, np.float64(100.0))","(1, np.float64(100.0))","(1, np.float64(100.0))","(1, np.float64(100.0))","(1, np.float64(100.0))","(1, np.float64(100.0))","(1, np.float64(100.0))","(1, np.float64(100.0))",1.0,100.0,1.0,100.0,1.0,100.0,1.0,100.0,1.0,100.0,1.0,100.0,1.0,100.0,1.0,100.0
1,"(1, np.float64(99.47))","(0, np.float64(98.35))","(1, np.float64(99.6))","(1, np.float64(98.03))","(1, np.float64(98.06))","(1, np.float64(97.86))","(1, np.float64(99.47))","(1, np.float64(97.62))",1.0,99.47,0.0,98.35,1.0,99.6,1.0,98.03,1.0,98.06,1.0,97.86,1.0,99.47,1.0,97.62
0,,,,,,,,,,,,,,,,,,,,,,,,
1,"(1, np.float64(99.99))","(1, np.float64(100.0))","(1, np.float64(100.0))","(1, np.float64(100.0))","(1, np.float64(100.0))","(1, np.float64(100.0))","(1, np.float64(100.0))","(1, np.float64(100.0))",1.0,99.99,1.0,100.0,1.0,100.0,1.0,100.0,1.0,100.0,1.0,100.0,1.0,100.0,1.0,100.0
1,"(1, np.float64(99.91))","(1, np.float64(100.0))","(1, np.float64(100.0))","(1, np.float64(100.0))","(1, np.float64(100.0))","(1, np.float64(100.0))","(1, np.float64(100.0))","(1, np.float64(100.0))",1.0,99.91,1.0,100.0,1.0,100.0,1.0,100.0,1.0,100.0,1.0,100.0,1.0,100.0,1.0,100.0
1,"(1, np.float64(94.27))","(1, np.float64(97.7))","(0, np.float64(96.45))","(1, np.float64(97.34))","(0, np.float64(95.81))","(0, np.float64(99.93))","(0, np.float64(99.81))","(0, np.float64(97.72))",1.0,94.27,1.0,97.7,0.0,96.45,1.0,97.34,0.0,95.81,0.0,99.93,0.0,99.81,0.0,97.72
1,"(1, np.float64(100.0))","(1, np.float64(100.0))","(1, np.float64(100.0))","(1, np.float64(100.0))","(1, np.float64(100.0))","(1, np.float64(99.97))","(1, np.float64(100.0))","(1, np.float64(100.0))",1.0,100.0,1.0,100.0,1.0,100.0,1.0,100.0,1.0,100.0,1.0,99.97,1.0,100.0,1.0,100.0
1,"(0, np.float64(96.58))","(0, np.float64(94.4))","(1, np.float64(99.9))","(0, np.float64(97.51))","(1, np.float64(99.5))","(1, np.float64(99.98))","(1, np.float64(100.0))","(1, np.float64(97.54))",0.0,96.58,0.0,94.4,1.0,99.9,0.0,97.51,1.0,99.5,1.0,99.98,1.0,100.0,1.0,97.54
1,"(1, np.float64(100.0))","(1, np.float64(100.0))","(1, np.float64(100.0))","(1, np.float64(100.0))","(1, np.float64(100.0))","(1, np.float64(100.0))","(1, np.float64(100.0))","(1, np.float64(100.0))",1.0,100.0,1.0,100.0,1.0,100.0,1.0,100.0,1.0,100.0,1.0,100.0,1.0,100.0,1.0,100.0
1,"(1, np.float64(99.98))","(1, np.float64(99.99))","(1, np.float64(99.98))","(1, np.float64(98.28))","(1, np.float64(99.84))","(1, np.float64(100.0))","(1, np.float64(100.0))","(1, np.float64(100.0))",1.0,99.98,1.0,99.99,1.0,99.98,1.0,98.28,1.0,99.84,1.0,100.0,1.0,100.0,1.0,100.0
1,"(1, np.float64(100.0))","(1, np.float64(100.0))","(1, np.float64(100.0))","(1, np.float64(100.0))","(1, np.float64(100.0))","(1, np.float64(100.0))","(1, np.float64(100.0))","(1, np.float64(100.0))",1.0,100.0,1.0,100.0,1.0,100.0,1.0,100.0,1.0,100.0,1.0,100.0,1.0,100.0,1.0,100.0
1,"(0, np.float64(91.77))","(1, np.float64(99.87))","(1, np.float64(90.43))","(0, np.float64(97.71))","(1, np.float64(98.61))","(1, np.float64(92.8))","(1, np.float64(99.39))","(1, np.float64(99.31))",0.0,91.77,1.0,99.87,1.0,90.43,0.0,97.71,1.0,98.61,1.0,92.8,1.0,99.39,1.0,99.31
1,"(1, np.float64(99.98))","(1, np.float64(99.99))","(1, np.float64(99.99))","(1, np.float64(99.83))","(1, np.float64(99.82))","(1, np.float64(100.0))","(1, np.float64(100.0))","(1, np.float64(100.0))",1.0,99.98,1.0,99.99,1.0,99.99,1.0,99.83,1.0,99.82,1.0,100.0,1.0,100.0,1.0,100.0
1,"(1, np.float64(100.0))","(1, np.float64(100.0))","(1, np.float64(100.0))","(1, np.float64(100.0))","(1, np.float64(100.0))","(1, np.float64(100.0))","(1, np.float64(100.0))","(1, np.float64(100.0))",1.0,100.0,1.0,100.0,1.0,100.0,1.0,100.0,1.0,100.0,1.0,100.0,1.0,100.0,1.0,100.0
1,"(1, np.float64(100.0))","(1, np.float64(100.0))","(1, np.float64(99.96))","(1, np.float64(99.9))","(1, np.float64(99.95))","(1, np.float64(100.0))","(1, np.float64(100.0))","(1, np.float64(100.0))",1.0,100.0,1.0,100.0,1.0,99.96,1.0,99.9,1.0,99.95,1.0,100.0,1.0,100.0,1.0,100.0
1,"(1, np.float64(100.0))","(1, np.float64(100.0))","(1, np.float64(100.0))","(1, np.float64(99.98))","(1, np.float64(99.89))","(1, np.float64(100.0))","(1, np.float64(100.0))","(1, np.float64(100.0))",1.0,100.0,1.0,100.0,1.0,100.0,1.0,99.98,1.0,99.89,1.0,100.0,1.0,100.0,1.0,100.0
1,"(0, np.float64(99.82))","(1, np.float64(94.79))","(0, np.float64(99.78))","(1, np.float64(99.59))","(0, np.float64(98.94))","(0, np.float64(98.66))","(1, np.float64(96.24))","(0, np.float64(99.24))",0.0,99.82,1.0,94.79,0.0,99.78,1.0,99.59,0.0,98.94,0.0,98.66,1.0,96.24,0.0,99.24
1,"(1, np.float64(96.67))","(1, np.float64(99.2))","(1, np.float64(98.99))","(1, np.float64(97.27))","(1, np.float64(96.33))","(1, np.float64(100.0))","(1, np.float64(99.98))","(1, np.float64(99.95))",1.0,96.67,1.0,99.2,1.0,98.99,1.0,97.27,1.0,96.33,1.0,100.0,1.0,99.98,1.0,99.95
1,"(1, np.float64(100.0))","(1, np.float64(100.0))","(1, np.float64(100.0))","(1, np.float64(100.0))","(1, np.float64(100.0))","(1, np.float64(99.99))","(1, np.float64(100.0))","(1, np.float64(99.99))",1.0,100.0,1.0,100.0,1.0,100.0,1.0,100.0,1.0,100.0,1.0,99.99,1.0,100.0,1.0,99.99
1,"(1, np.float64(99.97))","(1, np.float64(100.0))","(1, np.float64(100.0))","(1, np.float64(100.0))","(1, np.float64(100.0))","(1, np.float64(100.0))","(1, np.float64(100.0))","(1, np.float64(100.0))",1.0,99.97,1.0,100.0,1.0,100.0,1.0,100.0,1.0,100.0,1.0,100.0,1.0,100.0,1.0,100.0
1,"(1, np.float64(99.41))","(1, np.float64(99.89))","(1, np.float64(99.94))","(1, np.float64(99.84))","(1, np.float64(99.85))","(1, np.float64(99.89))","(1, np.float64(100.0))","(1, np.float64(99.98))",1.0,99.41,1.0,99.89,1.0,99.94,1.0,99.84,1.0,99.85,1.0,99.89,1.0,100.0,1.0,99.98
1,"(1, np.float64(100.0))","(1, np.float64(100.0))","(1, np.float64(100.0))","(1, np.float64(100.0))","(1, np.float64(99.78))","(1, np.float64(99.96))","(1, np.float64(99.98))","(1, np.float64(98.59))",1.0,100.0,1.0,100.0,1.0,100.0,1.0,100.0,1.0,99.78,1.0,99.96,1.0,99.98,1.0,98.59
1,"(1, np.float64(99.93))","(1, np.float64(99.97))","(1, np.float64(100.0))","(1, np.float64(99.82))","(1, np.float64(99.94))","(1, np.float64(99.99))","(1, np.float64(99.99))","(1, np.float64(99.36))",1.0,99.93,1.0,99.97,1.0,100.0,1.0,99.82,1.0,99.94,1.0,99.99,1.0,99.99,1.0,99.36
1,"(1, np.float64(100.0))","(1, np.float64(100.0))","(1, np.float64(100.0))","(1, np.float64(100.0))","(1, np.float64(100.0))","(1, np.float64(99.99))","(1, np.float64(100.0))","(1, np.float64(99.99))",1.0,100.0,1.0,100.0,1.0,100.0,1.0,100.0,1.0,100.0,1.0,99.99,1.0,100.0,1.0,99.99
1,"(1, np.float64(100.0))","(1, np.float64(100.0))","(1, np.float64(100.0))","(1, np.float64(100.0))","(1, np.float64(99.99))","(1, np.float64(100.0))","(1, np.float64(100.0))","(1, np.float64(99.98))",1.0,100.0,1.0,100.0,1.0,100.0,1.0,100.0,1.0,99.99,1.0,100.0,1.0,100.0,1.0,99.98
1,"(1, np.float64(100.0))","(1, np.float64(100.0))","(1, np.float64(100.0))","(1, np.float64(100.0))","(1, np.float64(100.0))","(1, np.float64(100.0))","(1, np.float64(100.0))","(1, np.float64(100.0))",1.0,100.0,1.0,100.0,1.0,100.0,1.0,100.0,1.0,100.0,1.0,100.0,1.0,100.0,1.0,100.0
1,"(1, np.float64(100.0))","(1, np.float64(100.0))","(1, np.float64(100.0))","(1, np.float64(100.0))","(1, np.float64(100.0))","(1, np.float64(100.0))","(1, np.float64(100.0))","(1, np.float64(100.0))",1.0,100.0,1.0,100.0,1.0,100.0,1.0,100.0,1.0,100.0,1.0,100.0,1.0,100.0,1.0,100.0
1,"(1, np.float64(100.0))","(1, np.float64(100.0))","(1, np.float64(100.0))","(1, np.float64(100.0))","(1, np.float64(100.0))","(1, np.float64(100.0))","(1, np.float64(100.0))","(1, np.float64(100.0))",1.0,100.0,1.0,100.0,1.0,100.0,1.0,100.0,1.0,100.0,1.0,100.0,1.0,100.0,1.0,100.0
1,"(1, np.float64(100.0))","(1, np.float64(99.99))","(1, np.float64(99.82))","(1, np.float64(99.77))","(1, np.float64(98.73))","(1, np.float64(79.09))","(1, np.float64(79.4))","(1, np.float64(95.66))",1.0,100.0,1.0,99.99,1.0,99.82,1.0,99.77,1.0,98.73,1.0,79.09,1.0,79.4,1.0,95.66
1,"(1, np.float64(100.0))","(1, np.float64(100.0))","(1, np.float64(100.0))","(1, np.float64(100.0))","(1, np.float64(100.0))","(1, np.float64(100.0))","(1, np.float64(100.0))","(1, np.float64(100.0))",1.0,100.0,1.0,100.0,1.0,100.0,1.0,100.0,1.0,100.0,1.0,100.0,1.0,100.0,1.0,100.0
1,"(1, np.float64(100.0))","(1, np.float64(100.0))","(1, np.float64(100.0))","(1, np.float64(100.0))","(1, np.float64(100.0))","(1, np.float64(100.0))","(1, np.float64(100.0))","(1, np.float64(100.0))",1.0,100.0,1.0,100.0,1.0,100.0,1.0,100.0,1.0,100.0,1.0,100.0,1.0,100.0,1.0,100.0
1,"(1, np.float64(99.99))","(1, np.float64(100.0))","(1, np.float64(100.0))","(1, np.float64(99.99))","(1, np.float64(100.0))","(1, np.float64(100.0))","(1, np.float64(100.0))","(1, np.float64(100.0))",1.0,99.99,1.0,100.0,1.0,100.0,1.0,99.99,1.0,100.0,1.0,100.0,1.0,100.0,1.0,100.0
1,"(1, np.float64(100.0))","(1, np.float64(100.0))","(1, np.float64(100.0))","(1, np.float64(100.0))","(1, np.float64(100.0))","(1, np.float64(100.0))","(1, np.float64(100.0))","(1, np.float64(100.0))",1.0,100.0,1.0,100.0,1.0,100.0,1.0,100.0,1.0,100.0,1.0,100.0,1.0,100.0,1.0,100.0
1,"(1, np.float64(100.0))","(1, np.float64(100.0))","(1, np.float64(100.0))","(1, np.float64(100.0))","(1, np.float64(100.0))","(1, np.float64(100.0))","(1, np.float64(100.0))","(1, np.float64(100.0))",1.0,100.0,1.0,100.0,1.0,100.0,1.0,100.0,1.0,100.0,1.0,100.0,1.0,100.0,1.0,100.0
1,"(1, np.float64(100.0))","(1, np.float64(100.0))","(1, np.float64(100.0))","(1, np.float64(100.0))","(1, np.float64(100.0))","(1, np.float64(100.0))","(1, np.float64(100.0))","(1, np.float64(100.0))",1.0,100.0,1.0,100.0,1.0,100.0,1.0,100.0,1.0,100.0,1.0,100.0,1.0,100.0,1.0,100.0
1,"(1, np.float64(100.0))","(1, np.float64(100.0))","(1, np.float64(100.0))","(1, np.float64(100.0))","(1, np.float64(100.0))","(1, np.float64(99.99))","(1, np.float64(100.0))","(1, np.float64(100.0))",1.0,100.0,1.0,100.0,1.0,100.0,1.0,100.0,1.0,100.0,1.0,99.99,1.0,100.0,1.0,100.0
1,"(1, np.float64(100.0))","(1, np.float64(100.0))","(1, np.float64(100.0))","(1, np.float64(100.0))","(1, np.float64(100.0))","(1, np.float64(100.0))","(1, np.float64(100.0))","(1, np.float64(100.0))",1.0,100.0,1.0,100.0,1.0,100.0,1.0,100.0,1.0,100.0,1.0,100.0,1.0,100.0,1.0,100.0
1,"(1, np.float64(100.0))","(1, np.float64(100.0))","(1, np.float64(100.0))","(1, np.float64(100.0))","(1, np.float64(100.0))","(1, np.float64(100.0))","(1, np.float64(99.99))","(1, np.float64(100.0))",1.0,100.0,1.0,100.0,1.0,100.0,1.0,100.0,1.0,100.0,1.0,100.0,1.0,99.99,1.0,100.0
1,"(1, np.float64(100.0))","(1, np.float64(100.0))","(1, np.float64(100.0))","(1, np.float64(100.0))","(1, np.float64(99.99))","(1, np.float64(99.99))","(1, np.float64(99.99))","(1, np.float64(99.78))",1.0,100.0,1.0,100.0,1.0,100.0,1.0,100.0,1.0,99.99,1.0,99.99,1.0,99.99,1.0,99.78
1,"(1, np.float64(100.0))","(1, np.float64(100.0))","(1, np.float64(100.0))","(1, np.float64(100.0))","(1, np.float64(100.0))","(1, np.float64(100.0))","(1, np.float64(100.0))","(1, np.float64(100.0))",1.0,100.0,1.0,100.0,1.0,100.0,1.0,100.0,1.0,100.0,1.0,100.0,1.0,100.0,1.0,100.0
0,,,,,,,,,,,,,,,,,,,,,,,,
1,"(1, np.float64(99.78))","(1, np.float64(99.54))","(1, np.float64(99.78))","(1, np.float64(95.73))","(0, np.float64(94.4))","(0, np.float64(99.74))","(0, np.float64(100.0))","(0, np.float64(99.21))",1.0,99.78,1.0,99.54,1.0,99.78,1.0,95.73,0.0,94.4,0.0,99.74,0.0,100.0,0.0,99.21
1,"(1, np.float64(95.78))","(1, np.float64(97.74))","(1, np.float64(99.19))","(0, np.float64(99.34))","(1, np.float64(100.0))","(1, np.float64(100.0))","(1, np.float64(100.0))","(1, np.float64(100.0))",1.0,95.78,1.0,97.74,1.0,99.19,0.0,99.34,1.0,100.0,1.0,100.0,1.0,100.0,1.0,100.0
1,"(1, np.float64(100.0))","(1, np.float64(100.0))","(1, np.float64(100.0))","(1, np.float64(100.0))","(1, np.float64(99.98))","(1, np.float64(99.99))","(1, np.float64(100.0))","(1, np.float64(99.93))",1.0,100.0,1.0,100.0,1.0,100.0,1.0,100.0,1.0,99.98,1.0,99.99,1.0,100.0,1.0,99.93
0,,,,,,,,,,,,,,,,,,,,,,,,
1,"(1, np.float64(99.94))","(1, np.float64(99.19))","(1, np.float64(97.73))","(0, np.float64(97.47))","(1, np.float64(99.92))","(1, np.float64(95.35))","(1, np.float64(99.99))","(1, np.float64(95.35))",1.0,99.94,1.0,99.19,1.0,97.73,0.0,97.47,1.0,99.92,1.0,95.35,1.0,99.99,1.0,95.35
1,"(1, np.float64(99.77))","(1, np.float64(100.0))","(1, np.float64(100.0))","(1, np.float64(100.0))","(1, np.float64(99.99))","(1, np.float64(99.99))","(1, np.float64(100.0))","(1, np.float64(99.98))",1.0,99.77,1.0,100.0,1.0,100.0,1.0,100.0,1.0,99.99,1.0,99.99,1.0,100.0,1.0,99.98
1,"(0, np.float64(96.92))","(1, np.float64(94.4))","(0, np.float64(99.74))","(1, np.float64(99.0))","(0, np.float64(98.02))","(1, np.float64(99.38))","(1, np.float64(100.0))","(1, np.float64(99.3))",0.0,96.92,1.0,94.4,0.0,99.74,1.0,99.0,0.0,98.02,1.0,99.38,1.0,100.0,1.0,99.3
1,"(1, np.float64(100.0))","(1, np.float64(100.0))","(1, np.float64(100.0))","(1, np.float64(100.0))","(1, np.float64(100.0))","(1, np.float64(100.0))","(1, np.float64(100.0))","(1, np.float64(100.0))",1.0,100.0,1.0,100.0,1.0,100.0,1.0,100.0,1.0,100.0,1.0,100.0,1.0,100.0,1.0,100.0
0,,,,,,,,,,,,,,,,,,,,,,,,
1,"(1, np.float64(100.0))","(1, np.float64(100.0))","(1, np.float64(100.0))","(1, np.float64(100.0))","(1, np.float64(100.0))","(1, np.float64(100.0))","(1, np.float64(100.0))","(1, np.float64(100.0))",1.0,100.0,1.0,100.0,1.0,100.0,1.0,100.0,1.0,100.0,1.0,100.0,1.0,100.0,1.0,100.0
1,"(1, np.float64(100.0))","(1, np.float64(100.0))","(1, np.float64(100.0))","(1, np.float64(100.0))","(1, np.float64(100.0))","(1, np.float64(100.0))","(1, np.float64(100.0))","(1, np.float64(100.0))",1.0,100.0,1.0,100.0,1.0,100.0,1.0,100.0,1.0,100.0,1.0,100.0,1.0,100.0,1.0,100.0
1,"(1, np.float64(100.0))","(1, np.float64(100.0))","(1, np.float64(100.0))","(1, np.float64(100.0))","(1, np.float64(100.0))","(1, np.float64(100.0))","(1, np.float64(100.0))","(1, np.float64(100.0))",1.0,100.0,1.0,100.0,1.0,100.0,1.0,100.0,1.0,100.0,1.0,100.0,1.0,100.0,1.0,100.0
1,"(1, np.float64(100.0))","(1, np.float64(100.0))","(1, np.float64(100.0))","(1, np.float64(100.0))","(1, np.float64(100.0))","(1, np.float64(100.0))","(1, np.float64(100.0))","(1, np.float64(100.0))",1.0,100.0,1.0,100.0,1.0,100.0,1.0,100.0,1.0,100.0,1.0,100.0,1.0,100.0,1.0,100.0
1,"(1, np.float64(100.0))","(1, np.float64(100.0))","(1, np.float64(100.0))","(1, np.float64(100.0))","(1, np.float64(100.0))","(1, np.float64(100.0))","(1, np.float64(100.0))","(1, np.float64(100.0))",1.0,100.0,1.0,100.0,1.0,100.0,1.0,100.0,1.0,100.0,1.0,100.0,1.0,100.0,1.0,100.0
1,"(1, np.float64(100.0))","(1, np.float64(100.0))","(1, np.float64(99.98))","(1, np.float64(99.98))","(1, np.float64(99.91))","(1, np.float64(100.0))","(1, np.float64(99.99))","(1, np.float64(99.98))",1.0,100.0,1.0,100.0,1.0,99.98,1.0,99.98,1.0,99.91,1.0,100.0,1.0,99.99,1.0,99.98
0,,,,,,,,,,,,,,,,,,,,,,,,
1,"(1, np.float64(100.0))","(1, np.float64(100.0))","(1, np.float64(100.0))","(1, np.float64(98.22))","(1, np.float64(99.44))","(1, np.float64(100.0))","(1, np.float64(100.0))","(1, np.float64(100.0))",1.0,100.0,1.0,100.0,1.0,100.0,1.0,98.22,1.0,99.44,1.0,100.0,1.0,100.0,1.0,100.0
1,"(1, np.float64(100.0))","(1, np.float64(100.0))","(1, np.float64(100.0))","(1, np.float64(100.0))","(1, np.float64(99.96))","(1, np.float64(100.0))","(1, np.float64(100.0))","(1, np.float64(99.92))",1.0,100.0,1.0,100.0,1.0,100.0,1.0,100.0,1.0,99.96,1.0,100.0,1.0,100.0,1.0,99.92
1,"(1, np.float64(100.0))","(1, np.float64(100.0))","(1, np.float64(100.0))","(1, np.float64(100.0))","(1, np.float64(100.0))","(1, np.float64(100.0))","(1, np.float64(100.0))","(1, np.float64(100.0))",1.0,100.0,1.0,100.0,1.0,100.0,1.0,100.0,1.0,100.0,1.0,100.0,1.0,100.0,1.0,100.0
1,"(1, np.float64(99.5))","(1, np.float64(98.98))","(1, np.float64(94.89))","(0, np.float64(99.87))","(0, np.float64(97.73))","(0, np.float64(99.99))","(0, np.float64(100.0))","(0, np.float64(99.85))",1.0,99.5,1.0,98.98,1.0,94.89,0.0,99.87,0.0,97.73,0.0,99.99,0.0,100.0,0.0,99.85
1,"(1, np.float64(100.0))","(1, np.float64(100.0))","(1, np.float64(100.0))","(1, np.float64(100.0))","(1, np.float64(100.0))","(1, np.float64(99.98))","(1, np.float64(100.0))","(1, np.float64(99.99))",1.0,100.0,1.0,100.0,1.0,100.0,1.0,100.0,1.0,100.0,1.0,99.98,1.0,100.0,1.0,99.99
1,"(0, np.float64(96.84))","(0, np.float64(97.19))","(0, np.float64(94.27))","(1, np.float64(98.0))","(0, np.float64(98.1))","(0, np.float64(97.78))","(0, np.float64(99.83))","(0, np.float64(97.67))",0.0,96.84,0.0,97.19,0.0,94.27,1.0,98.0,0.0,98.1,0.0,97.78,0.0,99.83,0.0,97.67
1,"(1, np.float64(100.0))","(1, np.float64(100.0))","(1, np.float64(100.0))","(1, np.float64(100.0))","(1, np.float64(100.0))","(1, np.float64(100.0))","(1, np.float64(100.0))","(1, np.float64(100.0))",1.0,100.0,1.0,100.0,1.0,100.0,1.0,100.0,1.0,100.0,1.0,100.0,1.0,100.0,1.0,100.0
1,"(1, np.float64(100.0))","(1, np.float64(100.0))","(1, np.float64(100.0))","(1, np.float64(100.0))","(1, np.float64(100.0))","(1, np.float64(100.0))","(1, np.float64(100.0))","(1, np.float64(100.0))",1.0,100.0,1.0,100.0,1.0,100.0,1.0,100.0,1.0,100.0,1.0,100.0,1.0,100.0,1.0,100.0
1,"(1, np.float64(98.2))","(1, np.float64(99.93))","(1, np.float64(99.87))","(1, np.float64(99.69))","(1, np.float64(99.49))","(1, np.float64(99.92))","(1, np.float64(100.0))","(1, np.float64(99.99))",1.0,98.2,1.0,99.93,1.0,99.87,1.0,99.69,1.0,99.49,1.0,99.92,1.0,100.0,1.0,99.99
0,,,,,,,,,,,,,,,,,,,,,,,,
0,,,,,,,,,,,,,,,,,,,,,,,,
1,"(1, np.float64(100.0))","(1, np.float64(100.0))","(1, np.float64(100.0))","(1, np.float64(100.0))","(1, np.float64(100.0))","(1, np.float64(100.0))","(1, np.float64(99.99))","(1, np.float64(100.0))",1.0,100.0,1.0,100.0,1.0,100.0,1.0,100.0,1.0,100.0,1.0,100.0,1.0,99.99,1.0,100.0
1,"(1, np.float64(99.66))","(1, np.float64(99.85))","(1, np.float64(99.7))","(0, np.float64(95.42))","(1, np.float64(100.0))","(1, np.float64(99.99))","(1, np.float64(100.0))","(1, np.float64(99.99))",1.0,99.66,1.0,99.85,1.0,99.7,0.0,95.42,1.0,100.0,1.0,99.99,1.0,100.0,1.0,99.99
1,"(1, np.float64(100.0))","(1, np.float64(100.0))","(1, np.float64(100.0))","(1, np.float64(100.0))","(1, np.float64(100.0))","(1, np.float64(100.0))","(1, np.float64(100.0))","(1, np.float64(100.0))",1.0,100.0,1.0,100.0,1.0,100.0,1.0,100.0,1.0,100.0,1.0,100.0,1.0,100.0,1.0,100.0
1,"(1, np.float64(99.45))","(1, np.float64(99.86))","(1, np.float64(99.62))","(1, np.float64(98.58))","(1, np.float64(99.38))","(1, np.float64(99.9))","(1, np.float64(100.0))","(1, np.float64(99.99))",1.0,99.45,1.0,99.86,1.0,99.62,1.0,98.58,1.0,99.38,1.0,99.9,1.0,100.0,1.0,99.99
1,"(0, np.float64(99.05))","(1, np.float64(99.91))","(0, np.float64(96.23))","(1, np.float64(99.96))","(1, np.float64(99.54))","(1, np.float64(99.96))","(1, np.float64(99.99))","(1, np.float64(99.68))",0.0,99.05,1.0,99.91,0.0,96.23,1.0,99.96,1.0,99.54,1.0,99.96,1.0,99.99,1.0,99.68
0,,,,,,,,,,,,,,,,,,,,,,,,
1,"(0, np.float64(93.71))","(1, np.float64(95.3))","(0, np.float64(99.87))","(1, np.float64(95.35))","(0, np.float64(97.28))","(0, np.float64(99.04))","(0, np.float64(98.78))","(1, np.float64(96.56))",0.0,93.71,1.0,95.3,0.0,99.87,1.0,95.35,0.0,97.28,0.0,99.04,0.0,98.78,1.0,96.56
1,"(1, np.float64(99.98))","(1, np.float64(99.99))","(1, np.float64(100.0))","(1, np.float64(99.99))","(1, np.float64(99.99))","(1, np.float64(100.0))","(1, np.float64(100.0))","(1, np.float64(99.87))",1.0,99.98,1.0,99.99,1.0,100.0,1.0,99.99,1.0,99.99,1.0,100.0,1.0,100.0,1.0,99.87
1,"(1, np.float64(99.73))","(1, np.float64(99.99))","(1, np.float64(99.65))","(1, np.float64(97.97))","(0, np.float64(97.47))","(0, np.float64(98.97))","(0, np.float64(99.29))","(0, np.float64(98.18))",1.0,99.73,1.0,99.99,1.0,99.65,1.0,97.97,0.0,97.47,0.0,98.97,0.0,99.29,0.0,98.18
1,"(1, np.float64(100.0))","(1, np.float64(100.0))","(1, np.float64(100.0))","(1, np.float64(100.0))","(1, np.float64(100.0))","(1, np.float64(100.0))","(1, np.float64(100.0))","(1, np.float64(100.0))",1.0,100.0,1.0,100.0,1.0,100.0,1.0,100.0,1.0,100.0,1.0,100.0,1.0,100.0,1.0,100.0
1,"(1, np.float64(97.42))","(1, np.float64(99.83))","(1, np.float64(96.13))","(0, np.float64(97.23))","(1, np.float64(99.64))","(1, np.float64(100.0))","(1, np.float64(99.99))","(1, np.float64(99.93))",1.0,97.42,1.0,99.83,1.0,96.13,0.0,97.23,1.0,99.64,1.0,100.0,1.0,99.99,1.0,99.93
1,"(0, np.float64(98.99))","(1, np.float64(100.0))","(1, np.float64(94.89))","(1, np.float64(95.75))","(1, np.float64(97.2))","(0, np.float64(98.81))","(1, np.float64(98.74))","(0, np.float64(97.98))",0.0,98.99,1.0,100.0,1.0,94.89,1.0,95.75,1.0,97.2,0.0,98.81,1.0,98.74,0.0,97.98
1,"(1, np.float64(95.8))","(1, np.float64(94.39))","(0, np.float64(92.68))","(1, np.float64(99.87))","(1, np.float64(99.72))","(1, np.float64(99.85))","(1, np.float64(99.99))","(1, np.float64(97.98))",1.0,95.8,1.0,94.39,0.0,92.68,1.0,99.87,1.0,99.72,1.0,99.85,1.0,99.99,1.0,97.98
0,,,,,,,,,,,,,,,,,,,,,,,,
1,"(0, np.float64(99.96))","(1, np.float64(98.91))","(0, np.float64(99.46))","(1, np.float64(99.99))","(0, np.float64(96.58))","(1, np.float64(99.88))","(1, np.float64(99.46))","(0, np.float64(93.8))",0.0,99.96,1.0,98.91,0.0,99.46,1.0,99.99,0.0,96.58,1.0,99.88,1.0,99.46,0.0,93.8
1,"(1, np.float64(100.0))","(1, np.float64(100.0))","(1, np.float64(100.0))","(1, np.float64(100.0))","(1, np.float64(100.0))","(1, np.float64(100.0))","(1, np.float64(100.0))","(1, np.float64(100.0))",1.0,100.0,1.0,100.0,1.0,100.0,1.0,100.0,1.0,100.0,1.0,100.0,1.0,100.0,1.0,100.0
1,"(1, np.float64(100.0))","(1, np.float64(100.0))","(1, np.float64(100.0))","(1, np.float64(100.0))","(1, np.float64(99.99))","(1, np.float64(99.96))","(1, np.float64(99.97))","(1, np.float64(99.93))",1.0,100.0,1.0,100.0,1.0,100.0,1.0,100.0,1.0,99.99,1.0,99.96,1.0,99.97,1.0,99.93
1,"(1, np.float64(100.0))","(1, np.float64(100.0))","(1, np.float64(100.0))","(1, np.float64(100.0))","(1, np.float64(100.0))","(1, np.float64(100.0))","(1, np.float64(100.0))","(1, np.float64(100.0))",1.0,100.0,1.0,100.0,1.0,100.0,1.0,100.0,1.0,100.0,1.0,100.0,1.0,100.0,1.0,100.0
1,"(1, np.float64(100.0))","(1, np.float64(100.0))","(1, np.float64(100.0))","(1, np.float64(100.0))","(1, np.float64(100.0))","(1, np.float64(100.0))","(1, np.float64(100.0))","(1, np.float64(100.0))",1.0,100.0,1.0,100.0,1.0,100.0,1.0,100.0,1.0,100.0,1.0,100.0,1.0,100.0,1.0,100.0
1,"(1, np.float64(100.0))","(1, np.float64(99.99))","(1, np.float64(100.0))","(1, np.float64(99.99))","(1, np.float64(100.0))","(1, np.float64(99.99))","(1, np.float64(100.0))","(1, np.float64(100.0))",1.0,100.0,1.0,99.99,1.0,100.0,1.0,99.99,1.0,100.0,1.0,99.99,1.0,100.0,1.0,100.0
1,"(1, np.float64(99.96))","(1, np.float64(100.0))","(1, np.float64(100.0))","(1, np.float64(99.95))","(1, np.float64(99.99))","(1, np.float64(100.0))","(1, np.float64(100.0))","(1, np.float64(100.0))",1.0,99.96,1.0,100.0,1.0,100.0,1.0,99.95,1.0,99.99,1.0,100.0,1.0,100.0,1.0,100.0
1,"(1, np.float64(99.89))","(1, np.float64(99.46))","(0, np.float64(97.79))","(1, np.float64(99.98))","(1, np.float64(96.9))","(1, np.float64(99.13))","(1, np.float64(99.96))","(1, np.float64(99.86))",1.0,99.89,1.0,99.46,0.0,97.79,1.0,99.98,1.0,96.9,1.0,99.13,1.0,99.96,1.0,99.86
1,"(1, np.float64(100.0))","(1, np.float64(100.0))","(1, np.float64(100.0))","(1, np.float64(100.0))","(1, np.float64(100.0))","(1, np.float64(100.0))","(1, np.float64(100.0))","(1, np.float64(100.0))",1.0,100.0,1.0,100.0,1.0,100.0,1.0,100.0,1.0,100.0,1.0,100.0,1.0,100.0,1.0,100.0
1,"(1, np.float64(100.0))","(1, np.float64(100.0))","(1, np.float64(100.0))","(1, np.float64(100.0))","(1, np.float64(99.95))","(1, np.float64(100.0))","(1, np.float64(99.99))","(1, np.float64(99.73))",1.0,100.0,1.0,100.0,1.0,100.0,1.0,100.0,1.0,99.95,1.0,100.0,1.0,99.99,1.0,99.73
1,"(1, np.float64(100.0))","(1, np.float64(100.0))","(1, np.float64(100.0))","(1, np.float64(100.0))","(1, np.float64(100.0))","(1, np.float64(100.0))","(1, np.float64(100.0))","(1, np.float64(100.0))",1.0,100.0,1.0,100.0,1.0,100.0,1.0,100.0,1.0,100.0,1.0,100.0,1.0,100.0,1.0,100.0
1,"(1, np.float64(99.06))","(1, np.float64(99.99))","(1, np.float64(99.96))","(1, np.float64(97.75))","(1, np.float64(99.59))","(1, np.float64(99.8))","(1, np.float64(100.0))","(1, np.float64(100.0))",1.0,99.06,1.0,99.99,1.0,99.96,1.0,97.75,1.0,99.59,1.0,99.8,1.0,100.0,1.0,100.0
0,,,,,,,,,,,,,,,,,,,,,,,,
1,"(1, np.float64(100.0))","(1, np.float64(100.0))","(1, np.float64(100.0))","(1, np.float64(100.0))","(1, np.float64(100.0))","(1, np.float64(100.0))","(1, np.float64(100.0))","(1, np.float64(100.0))",1.0,100.0,1.0,100.0,1.0,100.0,1.0,100.0,1.0,100.0,1.0,100.0,1.0,100.0,1.0,100.0
0,,,,,,,,,,,,,,,,,,,,,,,,
1,"(1, np.float64(99.99))","(1, np.float64(100.0))","(1, np.float64(100.0))","(1, np.float64(100.0))","(1, np.float64(100.0))","(1, np.float64(100.0))","(1, np.float64(100.0))","(1, np.float64(100.0))",1.0,99.99,1.0,100.0,1.0,100.0,1.0,100.0,1.0,100.0,1.0,100.0,1.0,100.0,1.0,100.0
1,"(1, np.float64(99.78))","(1, np.float64(99.96))","(1, np.float64(99.96))","(1, np.float64(99.83))","(1, np.float64(99.45))","(1, np.float64(99.99))","(1, np.float64(99.99))","(1, np.float64(99.98))",1.0,99.78,1.0,99.96,1.0,99.96,1.0,99.83,1.0,99.45,1.0,99.99,1.0,99.99,1.0,99.98
1,"(1, np.float64(100.0))","(1, np.float64(100.0))","(1, np.float64(99.99))","(1, np.float64(99.98))","(1, np.float64(99.94))","(1, np.float64(99.97))","(1, np.float64(100.0))","(1, np.float64(100.0))",1.0,100.0,1.0,100.0,1.0,99.99,1.0,99.98,1.0,99.94,1.0,99.97,1.0,100.0,1.0,100.0
1,"(1, np.float64(96.07))","(0, np.float64(92.97))","(1, np.float64(99.94))","(1, np.float64(99.17))","(1, np.float64(94.38))","(1, np.float64(99.83))","(1, np.float64(100.0))","(1, np.float64(99.95))",1.0,96.07,0.0,92.97,1.0,99.94,1.0,99.17,1.0,94.38,1.0,99.83,1.0,100.0,1.0,99.95
0,,,,,,,,,,,,,,,,,,,,,,,,
1,"(1, np.float64(99.99))","(1, np.float64(99.98))","(1, np.float64(99.96))","(1, np.float64(99.95))","(1, np.float64(99.91))","(1, np.float64(99.94))","(1, np.float64(99.99))","(1, np.float64(99.99))",1.0,99.99,1.0,99.98,1.0,99.96,1.0,99.95,1.0,99.91,1.0,99.94,1.0,99.99,1.0,99.99
1,"(1, np.float64(100.0))","(1, np.float64(100.0))","(1, np.float64(100.0))","(1, np.float64(100.0))","(1, np.float64(100.0))","(1, np.float64(100.0))","(1, np.float64(100.0))","(1, np.float64(100.0))",1.0,100.0,1.0,100.0,1.0,100.0,1.0,100.0,1.0,100.0,1.0,100.0,1.0,100.0,1.0,100.0
1,"(1, np.float64(99.99))","(1, np.float64(99.99))","(1, np.float64(100.0))","(1, np.float64(99.97))","(1, np.float64(99.98))","(1, np.float64(100.0))","(1, np.float64(100.0))","(1, np.float64(100.0))",1.0,99.99,1.0,99.99,1.0,100.0,1.0,99.97,1.0,99.98,1.0,100.0,1.0,100.0,1.0,100.0
1,"(1, np.float64(100.0))","(1, np.float64(100.0))","(1, np.float64(100.0))","(1, np.float64(100.0))","(1, np.float64(100.0))","(1, np.float64(100.0))","(1, np.float64(100.0))","(1, np.float64(100.0))",1.0,100.0,1.0,100.0,1.0,100.0,1.0,100.0,1.0,100.0,1.0,100.0,1.0,100.0,1.0,100.0
1,"(1, np.float64(99.7))","(1, np.float64(99.52))","(1, np.float64(99.57))","(0, np.float64(96.58))","(1, np.float64(99.99))","(1, np.float64(100.0))","(1, np.float64(100.0))","(1, np.float64(99.99))",1.0,99.7,1.0,99.52,1.0,99.57,0.0,96.58,1.0,99.99,1.0,100.0,1.0,100.0,1.0,99.99
1,"(0, np.float64(99.85))","(1, np.float64(100.0))","(1, np.float64(99.99))","(1, np.float64(97.35))","(1, np.float64(97.07))","(1, np.float64(100.0))","(1, np.float64(99.98))","(1, np.float64(99.87))",0.0,99.85,1.0,100.0,1.0,99.99,1.0,97.35,1.0,97.07,1.0,100.0,1.0,99.98,1.0,99.87
1,"(1, np.float64(99.99))","(1, np.float64(100.0))","(1, np.float64(99.99))","(1, np.float64(99.72))","(1, np.float64(99.84))","(1, np.float64(100.0))","(1, np.float64(100.0))","(1, np.float64(100.0))",1.0,99.99,1.0,100.0,1.0,99.99,1.0,99.72,1.0,99.84,1.0,100.0,1.0,100.0,1.0,100.0
1,"(1, np.float64(98.44))","(1, np.float64(98.51))","(1, np.float64(97.47))","(1, np.float64(97.25))","(1, np.float64(98.59))","(0, np.float64(98.7))","(0, np.float64(97.76))","(1, np.float64(99.26))",1.0,98.44,1.0,98.51,1.0,97.47,1.0,97.25,1.0,98.59,0.0,98.7,0.0,97.76,1.0,99.26
1,"(1, np.float64(100.0))","(1, np.float64(100.0))","(1, np.float64(100.0))","(1, np.float64(100.0))","(1, np.float64(100.0))","(1, np.float64(99.99))","(1, np.float64(100.0))","(1, np.float64(99.99))",1.0,100.0,1.0,100.0,1.0,100.0,1.0,100.0,1.0,100.0,1.0,99.99,1.0,100.0,1.0,99.99
1,"(1, np.float64(100.0))","(1, np.float64(100.0))","(1, np.float64(100.0))","(1, np.float64(100.0))","(1, np.float64(100.0))","(1, np.float64(99.68))","(1, np.float64(99.99))","(1, np.float64(99.87))",1.0,100.0,1.0,100.0,1.0,100.0,1.0,100.0,1.0,100.0,1.0,99.68,1.0,99.99,1.0,99.87
1,"(1, np.float64(100.0))","(1, np.float64(100.0))","(1, np.float64(100.0))","(1, np.float64(100.0))","(1, np.float64(100.0))","(1, np.float64(100.0))","(1, np.float64(100.0))","(1, np.float64(100.0))",1.0,100.0,1.0,100.0,1.0,100.0,1.0,100.0,1.0,100.0,1.0,100.0,1.0,100.0,1.0,100.0
1,"(1, np.float64(100.0))","(1, np.float64(100.0))","(1, np.float64(100.0))","(1, np.float64(100.0))","(1, np.float64(100.0))","(1, np.float64(100.0))","(1, np.float64(100.0))","(1, np.float64(100.0))",1.0,100.0,1.0,100.0,1.0,100.0,1.0,100.0,1.0,100.0,1.0,100.0,1.0,100.0,1.0,100.0
1,"(1, np.float64(100.0))","(1, np.float64(100.0))","(1, np.float64(100.0))","(1, np.float64(100.0))","(1, np.float64(99.97))","(1, np.float64(99.84))","(1, np.float64(100.0))","(1, np.float64(99.99))",1.0,100.0,1.0,100.0,1.0,100.0,1.0,100.0,1.0,99.97,1.0,99.84,1.0,100.0,1.0,99.99
1,"(1, np.float64(100.0))","(1, np.float64(100.0))","(1, np.float64(99.98))","(1, np.float64(99.39))","(1, np.float64(99.85))","(1, np.float64(100.0))","(1, np.float64(100.0))","(1, np.float64(100.0))",1.0,100.0,1.0,100.0,1.0,99.98,1.0,99.39,1.0,99.85,1.0,100.0,1.0,100.0,1.0,100.0
1,"(1, np.float64(100.0))","(1, np.float64(100.0))","(1, np.float64(100.0))","(1, np.float64(100.0))","(1, np.float64(100.0))","(1, np.float64(100.0))","(1, np.float64(100.0))","(1, np.float64(100.0))",1.0,100.0,1.0,100.0,1.0,100.0,1.0,100.0,1.0,100.0,1.0,100.0,1.0,100.0,1.0,100.0
1,"(1, np.float64(100.0))","(1, np.float64(100.0))","(1, np.float64(100.0))","(1, np.float64(100.0))","(1, np.float64(100.0))","(1, np.float64(99.97))","(1, np.float64(100.0))","(1, np.float64(100.0))",1.0,100.0,1.0,100.0,1.0,100.0,1.0,100.0,1.0,100.0,1.0,99.97,1.0,100.0,1.0,100.0
1,"(1, np.float64(100.0))","(1, np.float64(100.0))","(1, np.float64(100.0))","(1, np.float64(100.0))","(1, np.float64(100.0))","(1, np.float64(100.0))","(1, np.float64(100.0))","(1, np.float64(99.97))",1.0,100.0,1.0,100.0,1.0,100.0,1.0,100.0,1.0,100.0,1.0,100.0,1.0,100.0,1.0,99.97
1,"(1, np.float64(100.0))","(1, np.float64(100.0))","(1, np.float64(100.0))","(1, np.float64(100.0))","(1, np.float64(100.0))","(1, np.float64(100.0))","(1, np.float64(100.0))","(1, np.float64(100.0))",1.0,100.0,1.0,100.0,1.0,100.0,1.0,100.0,1.0,100.0,1.0,100.0,1.0,100.0,1.0,100.0
1,"(0, np.float64(99.57))","(0, np.float64(97.72))","(0, np.float64(95.61))","(1, np.float64(95.72))","(0, np.float64(98.45))","(0, np.float64(96.74))","(0, np.float64(97.36))","(0, np.float64(96.94))",0.0,99.57,0.0,97.72,0.0,95.61,1.0,95.72,0.0,98.45,0.0,96.74,0.0,97.36,0.0,96.94
1,"(1, np.float64(99.95))","(1, np.float64(99.92))","(1, np.float64(99.98))","(1, np.float64(99.98))","(1, np.float64(99.98))","(1, np.float64(99.96))","(1, np.float64(100.0))","(1, np.float64(100.0))",1.0,99.95,1.0,99.92,1.0,99.98,1.0,99.98,1.0,99.98,1.0,99.96,1.0,100.0,1.0,100.0
1,"(0, np.float64(99.95))","(1, np.float64(96.2))","(0, np.float64(99.93))","(1, np.float64(99.8))","(0, np.float64(99.93))","(0, np.float64(99.71))","(0, np.float64(98.89))","(1, np.float64(99.77))",0.0,99.95,1.0,96.2,0.0,99.93,1.0,99.8,0.0,99.93,0.0,99.71,0.0,98.89,1.0,99.77
1,"(1, np.float64(100.0))","(1, np.float64(100.0))","(1, np.float64(100.0))","(1, np.float64(100.0))","(1, np.float64(100.0))","(1, np.float64(100.0))","(1, np.float64(100.0))","(1, np.float64(100.0))",1.0,100.0,1.0,100.0,1.0,100.0,1.0,100.0,1.0,100.0,1.0,100.0,1.0,100.0,1.0,100.0
1,"(1, np.float64(99.98))","(1, np.float64(100.0))","(1, np.float64(99.98))","(1, np.float64(98.28))","(1, np.float64(99.32))","(1, np.float64(100.0))","(1, np.float64(100.0))","(1, np.float64(100.0))",1.0,99.98,1.0,100.0,1.0,99.98,1.0,98.28,1.0,99.32,1.0,100.0,1.0,100.0,1.0,100.0
1,"(1, np.float64(100.0))","(1, np.float64(100.0))","(1, np.float64(100.0))","(1, np.float64(100.0))","(1, np.float64(100.0))","(1, np.float64(100.0))","(1, np.float64(100.0))","(1, np.float64(100.0))",1.0,100.0,1.0,100.0,1.0,100.0,1.0,100.0,1.0,100.0,1.0,100.0,1.0,100.0,1.0,100.0
1,"(1, np.float64(100.0))","(1, np.float64(100.0))","(1, np.float64(100.0))","(1, np.float64(99.97))","(1, np.float64(99.78))","(1, np.float64(100.0))","(1, np.float64(100.0))","(1, np.float64(100.0))",1.0,100.0,1.0,100.0,1.0,100.0,1.0,99.97,1.0,99.78,1.0,100.0,1.0,100.0,1.0,100.0
0,,,,,,,,,,,,,,,,,,,,,,,,
1,"(1, np.float64(100.0))","(1, np.float64(100.0))","(1, np.float64(100.0))","(1, np.float64(100.0))","(1, np.float64(100.0))","(1, np.float64(100.0))","(1, np.float64(100.0))","(1, np.float64(100.0))",1.0,100.0,1.0,100.0,1.0,100.0,1.0,100.0,1.0,100.0,1.0,100.0,1.0,100.0,1.0,100.0
1,"(1, np.float64(95.38))","(1, np.float64(96.83))","(1, np.float64(98.38))","(1, np.float64(94.58))","(1, np.float64(93.63))","(1, np.float64(99.0))","(1, np.float64(100.0))","(1, np.float64(99.93))",1.0,95.38,1.0,96.83,1.0,98.38,1.0,94.58,1.0,93.63,1.0,99.0,1.0,100.0,1.0,99.93
1,"(0, np.float64(93.86))","(1, np.float64(98.6))","(0, np.float64(95.57))","(0, np.float64(97.51))","(1, np.float64(98.62))","(1, np.float64(99.72))","(1, np.float64(100.0))","(1, np.float64(99.69))",0.0,93.86,1.0,98.6,0.0,95.57,0.0,97.51,1.0,98.62,1.0,99.72,1.0,100.0,1.0,99.69
1,"(1, np.float64(100.0))","(1, np.float64(100.0))","(1, np.float64(100.0))","(1, np.float64(100.0))","(1, np.float64(99.99))","(1, np.float64(100.0))","(1, np.float64(100.0))","(1, np.float64(100.0))",1.0,100.0,1.0,100.0,1.0,100.0,1.0,100.0,1.0,99.99,1.0,100.0,1.0,100.0,1.0,100.0
1,"(1, np.float64(100.0))","(1, np.float64(100.0))","(1, np.float64(100.0))","(1, np.float64(100.0))","(1, np.float64(100.0))","(1, np.float64(99.99))","(1, np.float64(100.0))","(1, np.float64(100.0))",1.0,100.0,1.0,100.0,1.0,100.0,1.0,100.0,1.0,100.0,1.0,99.99,1.0,100.0,1.0,100.0
1,"(1, np.float64(100.0))","(1, np.float64(100.0))","(1, np.float64(100.0))","(1, np.float64(100.0))","(1, np.float64(100.0))","(1, np.float64(99.98))","(1, np.float64(100.0))","(1, np.float64(100.0))",1.0,100.0,1.0,100.0,1.0,100.0,1.0,100.0,1.0,100.0,1.0,99.98,1.0,100.0,1.0,100.0
1,"(1, np.float64(100.0))","(1, np.float64(100.0))","(1, np.float64(100.0))","(1, np.float64(100.0))","(1, np.float64(100.0))","(1, np.float64(100.0))","(1, np.float64(100.0))","(1, np.float64(100.0))",1.0,100.0,1.0,100.0,1.0,100.0,1.0,100.0,1.0,100.0,1.0,100.0,1.0,100.0,1.0,100.0
1,"(1, np.float64(100.0))","(1, np.float64(100.0))","(1, np.float64(100.0))","(1, np.float64(100.0))","(1, np.float64(100.0))","(1, np.float64(99.99))","(1, np.float64(100.0))","(1, np.float64(99.99))",1.0,100.0,1.0,100.0,1.0,100.0,1.0,100.0,1.0,100.0,1.0,99.99,1.0,100.0,1.0,99.99
0,,,,,,,,,,,,,,,,,,,,,,,,
1,"(1, np.float64(100.0))","(1, np.float64(100.0))","(1, np.float64(100.0))","(1, np.float64(100.0))","(1, np.float64(100.0))","(1, np.float64(100.0))","(1, np.float64(100.0))","(1, np.float64(100.0))",1.0,100.0,1.0,100.0,1.0,100.0,1.0,100.0,1.0,100.0,1.0,100.0,1.0,100.0,1.0,100.0
1,"(1, np.float64(100.0))","(1, np.float64(100.0))","(1, np.float64(100.0))","(1, np.float64(100.0))","(1, np.float64(100.0))","(1, np.float64(100.0))","(1, np.float64(100.0))","(1, np.float64(100.0))",1.0,100.0,1.0,100.0,1.0,100.0,1.0,100.0,1.0,100.0,1.0,100.0,1.0,100.0,1.0,100.0
1,"(0, np.float64(96.55))","(1, np.float64(99.95))","(1, np.float64(98.6))","(0, np.float64(99.92))","(1, np.float64(99.86))","(1, np.float64(99.99))","(1, np.float64(100.0))","(1, np.float64(99.95))",0.0,96.55,1.0,99.95,1.0,98.6,0.0,99.92,1.0,99.86,1.0,99.99,1.0,100.0,1.0,99.95
1,"(0, np.float64(98.38))","(1, np.float64(99.71))","(1, np.float64(97.78))","(0, np.float64(96.54))","(1, np.float64(99.7))","(1, np.float64(100.0))","(1, np.float64(100.0))","(1, np.float64(99.99))",0.0,98.38,1.0,99.71,1.0,97.78,0.0,96.54,1.0,99.7,1.0,100.0,1.0,100.0,1.0,99.99
1,"(1, np.float64(100.0))","(1, np.float64(100.0))","(1, np.float64(100.0))","(1, np.float64(100.0))","(1, np.float64(100.0))","(1, np.float64(100.0))","(1, np.float64(100.0))","(1, np.float64(99.99))",1.0,100.0,1.0,100.0,1.0,100.0,1.0,100.0,1.0,100.0,1.0,100.0,1.0,100.0,1.0,99.99
1,"(1, np.float64(100.0))","(1, np.float64(100.0))","(1, np.float64(100.0))","(1, np.float64(100.0))","(1, np.float64(100.0))","(1, np.float64(99.99))","(1, np.float64(100.0))","(1, np.float64(100.0))",1.0,100.0,1.0,100.0,1.0,100.0,1.0,100.0,1.0,100.0,1.0,99.99,1.0,100.0,1.0,100.0
1,"(1, np.float64(100.0))","(1, np.float64(99.98))","(1, np.float64(99.75))","(1, np.float64(99.75))","(1, np.float64(99.49))","(1, np.float64(99.9))","(1, np.float64(100.0))","(1, np.float64(99.77))",1.0,100.0,1.0,99.98,1.0,99.75,1.0,99.75,1.0,99.49,1.0,99.9,1.0,100.0,1.0,99.77
1,"(1, np.float64(100.0))","(1, np.float64(100.0))","(1, np.float64(100.0))","(1, np.float64(100.0))","(1, np.float64(100.0))","(1, np.float64(100.0))","(1, np.float64(100.0))","(1, np.float64(100.0))",1.0,100.0,1.0,100.0,1.0,100.0,1.0,100.0,1.0,100.0,1.0,100.0,1.0,100.0,1.0,100.0
1,"(1, np.float64(100.0))","(1, np.float64(100.0))","(1, np.float64(100.0))","(1, np.float64(99.99))","(1, np.float64(99.99))","(1, np.float64(100.0))","(1, np.float64(100.0))","(1, np.float64(100.0))",1.0,100.0,1.0,100.0,1.0,100.0,1.0,99.99,1.0,99.99,1.0,100.0,1.0,100.0,1.0,100.0
1,"(1, np.float64(100.0))","(1, np.float64(100.0))","(1, np.float64(100.0))","(1, np.float64(100.0))","(1, np.float64(100.0))","(1, np.float64(100.0))","(1, np.float64(100.0))","(1, np.float64(100.0))",1.0,100.0,1.0,100.0,1.0,100.0,1.0,100.0,1.0,100.0,1.0,100.0,1.0,100.0,1.0,100.0
0,,,,,,,,,,,,,,,,,,,,,,,,
1,"(1, np.float64(100.0))","(1, np.float64(100.0))","(1, np.float64(100.0))","(1, np.float64(100.0))","(1, np.float64(100.0))","(1, np.float64(100.0))","(1, np.float64(100.0))","(1, np.float64(100.0))",1.0,100.0,1.0,100.0,1.0,100.0,1.0,100.0,1.0,100.0,1.0,100.0,1.0,100.0,1.0,100.0
1,"(1, np.float64(100.0))","(1, np.float64(100.0))","(1, np.float64(100.0))","(1, np.float64(99.98))","(1, np.float64(99.99))","(1, np.float64(100.0))","(1, np.float64(100.0))","(1, np.float64(100.0))",1.0,100.0,1.0,100.0,1.0,100.0,1.0,99.98,1.0,99.99,1.0,100.0,1.0,100.0,1.0,100.0
1,"(1, np.float64(100.0))","(1, np.float64(100.0))","(1, np.float64(100.0))","(1, np.float64(100.0))","(1, np.float64(100.0))","(1, np.float64(100.0))","(1, np.float64(100.0))","(1, np.float64(100.0))",1.0,100.0,1.0,100.0,1.0,100.0,1.0,100.0,1.0,100.0,1.0,100.0,1.0,100.0,1.0,100.0
0,,,,,,,,,,,,,,,,,,,,,,,,
1,"(1, np.float64(100.0))","(1, np.float64(100.0))","(1, np.float64(100.0))","(1, np.float64(100.0))","(1, np.float64(100.0))","(1, np.float64(100.0))","(1, np.float64(100.0))","(1, np.float64(100.0))",1.0,100.0,1.0,100.0,1.0,100.0,1.0,100.0,1.0,100.0,1.0,100.0,1.0,100.0,1.0,100.0
1,"(1, np.float64(100.0))","(1, np.float64(100.0))","(1, np.float64(100.0))","(1, np.float64(100.0))","(1, np.float64(100.0))","(1, np.float64(100.0))","(1, np.float64(100.0))","(1, np.float64(100.0))",1.0,100.0,1.0,100.0,1.0,100.0,1.0,100.0,1.0,100.0,1.0,100.0,1.0,100.0,1.0,100.0
1,"(1, np.float64(96.98))","(1, np.float64(97.27))","(1, np.float64(99.61))","(1, np.float64(99.81))","(1, np.float64(99.85))","(1, np.float64(99.91))","(1, np.float64(99.98))","(1, np.float64(99.9))",1.0,96.98,1.0,97.27,1.0,99.61,1.0,99.81,1.0,99.85,1.0,99.91,1.0,99.98,1.0,99.9
1,"(1, np.float64(100.0))","(1, np.float64(100.0))","(1, np.float64(100.0))","(1, np.float64(99.38))","(1, np.float64(96.71))","(1, np.float64(100.0))","(1, np.float64(100.0))","(1, np.float64(99.95))",1.0,100.0,1.0,100.0,1.0,100.0,1.0,99.38,1.0,96.71,1.0,100.0,1.0,100.0,1.0,99.95
1,"(1, np.float64(99.99))","(1, np.float64(99.99))","(1, np.float64(99.99))","(1, np.float64(99.85))","(1, np.float64(99.93))","(1, np.float64(99.99))","(1, np.float64(100.0))","(1, np.float64(100.0))",1.0,99.99,1.0,99.99,1.0,99.99,1.0,99.85,1.0,99.93,1.0,99.99,1.0,100.0,1.0,100.0
1,"(1, np.float64(100.0))","(1, np.float64(100.0))","(1, np.float64(100.0))","(1, np.float64(100.0))","(1, np.float64(100.0))","(1, np.float64(100.0))","(1, np.float64(100.0))","(1, np.float64(100.0))",1.0,100.0,1.0,100.0,1.0,100.0,1.0,100.0,1.0,100.0,1.0,100.0,1.0,100.0,1.0,100.0
1,"(1, np.float64(100.0))","(1, np.float64(100.0))","(1, np.float64(100.0))","(1, np.float64(100.0))","(1, np.float64(100.0))","(1, np.float64(100.0))","(1, np.float64(100.0))","(1, np.float64(99.99))",1.0,100.0,1.0,100.0,1.0,100.0,1.0,100.0,1.0,100.0,1.0,100.0,1.0,100.0,1.0,99.99
0,,,,,,,,,,,,,,,,,,,,,,,,
1,"(1, np.float64(100.0))","(1, np.float64(100.0))","(1, np.float64(100.0))","(1, np.float64(100.0))","(1, np.float64(100.0))","(1, np.float64(100.0))","(1, np.float64(100.0))","(1, np.float64(100.0))",1.0,100.0,1.0,100.0,1.0,100.0,1.0,100.0,1.0,100.0,1.0,100.0,1.0,100.0,1.0,100.0
0,,,,,,,,,,,,,,,,,,,,,,,,
0,,,,,,,,,,,,,,,,,,,,,,,,
1,"(1, np.float64(100.0))","(1, np.float64(100.0))","(1, np.float64(100.0))","(1, np.float64(100.0))","(1, np.float64(100.0))","(1, np.float64(100.0))","(1, np.float64(99.99))","(1, np.float64(99.98))",1.0,100.0,1.0,100.0,1.0,100.0,1.0,100.0,1.0,100.0,1.0,100.0,1.0,99.99,1.0,99.98
1,"(1, np.float64(100.0))","(1, np.float64(100.0))","(1, np.float64(100.0))","(1, np.float64(99.99))","(1, np.float64(99.98))","(1, np.float64(99.86))","(1, np.float64(99.98))","(1, np.float64(99.05))",1.0,100.0,1.0,100.0,1.0,100.0,1.0,99.99,1.0,99.98,1.0,99.86,1.0,99.98,1.0,99.05
1,"(1, np.float64(100.0))","(1, np.float64(100.0))","(1, np.float64(100.0))","(1, np.float64(100.0))","(1, np.float64(100.0))","(1, np.float64(100.0))","(1, np.float64(100.0))","(1, np.float64(100.0))",1.0,100.0,1.0,100.0,1.0,100.0,1.0,100.0,1.0,100.0,1.0,100.0,1.0,100.0,1.0,100.0
1,"(1, np.float64(100.0))","(1, np.float64(100.0))","(1, np.float64(100.0))","(1, np.float64(100.0))","(1, np.float64(100.0))","(1, np.float64(100.0))","(1, np.float64(100.0))","(1, np.float64(100.0))",1.0,100.0,1.0,100.0,1.0,100.0,1.0,100.0,1.0,100.0,1.0,100.0,1.0,100.0,1.0,100.0
0,,,,,,,,,,,,,,,,,,,,,,,,
0,,,,,,,,,,,,,,,,,,,,,,,,
1,"(1, np.float64(96.25))","(1, np.float64(97.43))","(1, np.float64(98.97))","(1, np.float64(97.23))","(1, np.float64(95.96))","(1, np.float64(99.02))","(1, np.float64(99.99))","(1, np.float64(99.95))",1.0,96.25,1.0,97.43,1.0,98.97,1.0,97.23,1.0,95.96,1.0,99.02,1.0,99.99,1.0,99.95
1,"(1, np.float64(100.0))","(1, np.float64(100.0))","(1, np.float64(100.0))","(1, np.float64(100.0))","(1, np.float64(100.0))","(1, np.float64(100.0))","(1, np.float64(100.0))","(1, np.float64(100.0))",1.0,100.0,1.0,100.0,1.0,100.0,1.0,100.0,1.0,100.0,1.0,100.0,1.0,100.0,1.0,100.0
1,"(1, np.float64(100.0))","(1, np.float64(100.0))","(1, np.float64(100.0))","(1, np.float64(100.0))","(1, np.float64(100.0))","(1, np.float64(100.0))","(1, np.float64(100.0))","(1, np.float64(100.0))",1.0,100.0,1.0,100.0,1.0,100.0,1.0,100.0,1.0,100.0,1.0,100.0,1.0,100.0,1.0,100.0
0,,,,,,,,,,,,,,,,,,,,,,,,
0,,,,,,,,,,,,,,,,,,,,,,,,
1,"(1, np.float64(99.96))","(1, np.float64(99.96))","(1, np.float64(99.06))","(1, np.float64(96.01))","(0, np.float64(97.57))","(1, np.float64(99.62))","(1, np.float64(98.67))","(1, np.float64(97.4))",1.0,99.96,1.0,99.96,1.0,99.06,1.0,96.01,0.0,97.57,1.0,99.62,1.0,98.67,1.0,97.4
1,"(1, np.float64(99.99))","(1, np.float64(100.0))","(1, np.float64(99.96))","(1, np.float64(99.61))","(1, np.float64(99.87))","(1, np.float64(98.55))","(1, np.float64(100.0))","(1, np.float64(100.0))",1.0,99.99,1.0,100.0,1.0,99.96,1.0,99.61,1.0,99.87,1.0,98.55,1.0,100.0,1.0,100.0
1,"(1, np.float64(99.99))","(1, np.float64(100.0))","(1, np.float64(100.0))","(1, np.float64(100.0))","(1, np.float64(100.0))","(1, np.float64(100.0))","(1, np.float64(100.0))","(1, np.float64(100.0))",1.0,99.99,1.0,100.0,1.0,100.0,1.0,100.0,1.0,100.0,1.0,100.0,1.0,100.0,1.0,100.0
1,"(1, np.float64(100.0))","(1, np.float64(100.0))","(1, np.float64(100.0))","(1, np.float64(100.0))","(1, np.float64(100.0))","(1, np.float64(100.0))","(1, np.float64(100.0))","(1, np.float64(100.0))",1.0,100.0,1.0,100.0,1.0,100.0,1.0,100.0,1.0,100.0,1.0,100.0,1.0,100.0,1.0,100.0
1,"(0, np.float64(99.99))","(0, np.float64(99.99))","(0, np.float64(99.77))","(0, np.float64(99.69))","(0, np.float64(95.32))","(0, np.float64(98.91))","(0, np.float64(99.95))","(0, np.float64(97.85))",0.0,99.99,0.0,99.99,0.0,99.77,0.0,99.69,0.0,95.32,0.0,98.91,0.0,99.95,0.0,97.85
1,"(1, np.float64(98.36))","(1, np.float64(99.74))","(1, np.float64(97.01))","(0, np.float64(99.99))","(1, np.float64(99.97))","(1, np.float64(99.65))","(1, np.float64(99.98))","(1, np.float64(99.84))",1.0,98.36,1.0,99.74,1.0,97.01,0.0,99.99,1.0,99.97,1.0,99.65,1.0,99.98,1.0,99.84
1,"(1, np.float64(100.0))","(1, np.float64(100.0))","(1, np.float64(100.0))","(1, np.float64(100.0))","(1, np.float64(100.0))","(1, np.float64(100.0))","(1, np.float64(100.0))","(1, np.float64(100.0))",1.0,100.0,1.0,100.0,1.0,100.0,1.0,100.0,1.0,100.0,1.0,100.0,1.0,100.0,1.0,100.0
1,"(1, np.float64(100.0))","(1, np.float64(100.0))","(1, np.float64(100.0))","(1, np.float64(100.0))","(1, np.float64(100.0))","(1, np.float64(100.0))","(1, np.float64(100.0))","(1, np.float64(100.0))",1.0,100.0,1.0,100.0,1.0,100.0,1.0,100.0,1.0,100.0,1.0,100.0,1.0,100.0,1.0,100.0
1,"(0, np.float64(98.98))","(1, np.float64(98.87))","(0, np.float64(99.46))","(1, np.float64(99.72))","(0, np.float64(98.39))","(0, np.float64(96.12))","(0, np.float64(99.98))","(0, np.float64(99.04))",0.0,98.98,1.0,98.87,0.0,99.46,1.0,99.72,0.0,98.39,0.0,96.12,0.0,99.98,0.0,99.04
1,"(1, np.float64(100.0))","(1, np.float64(100.0))","(1, np.float64(100.0))","(1, np.float64(100.0))","(1, np.float64(100.0))","(1, np.float64(100.0))","(1, np.float64(100.0))","(1, np.float64(100.0))",1.0,100.0,1.0,100.0,1.0,100.0,1.0,100.0,1.0,100.0,1.0,100.0,1.0,100.0,1.0,100.0
0,,,,,,,,,,,,,,,,,,,,,,,,
1,"(0, np.float64(98.61))","(1, np.float64(99.95))","(1, np.float64(96.54))","(0, np.float64(99.51))","(1, np.float64(99.19))","(1, np.float64(99.56))","(1, np.float64(99.81))","(1, np.float64(97.47))",0.0,98.61,1.0,99.95,1.0,96.54,0.0,99.51,1.0,99.19,1.0,99.56,1.0,99.81,1.0,97.47
0,,,,,,,,,,,,,,,,,,,,,,,,
1,"(1, np.float64(100.0))","(1, np.float64(100.0))","(1, np.float64(100.0))","(1, np.float64(100.0))","(1, np.float64(100.0))","(1, np.float64(100.0))","(1, np.float64(100.0))","(1, np.float64(100.0))",1.0,100.0,1.0,100.0,1.0,100.0,1.0,100.0,1.0,100.0,1.0,100.0,1.0,100.0,1.0,100.0
1,"(1, np.float64(100.0))","(1, np.float64(100.0))","(1, np.float64(100.0))","(1, np.float64(100.0))","(1, np.float64(100.0))","(1, np.float64(100.0))","(1, np.float64(100.0))","(1, np.float64(100.0))",1.0,100.0,1.0,100.0,1.0,100.0,1.0,100.0,1.0,100.0,1.0,100.0,1.0,100.0,1.0,100.0
0,,,,,,,,,,,,,,,,,,,,,,,,
1,"(1, np.float64(100.0))","(1, np.float64(100.0))","(1, np.float64(100.0))","(1, np.float64(100.0))","(1, np.float64(100.0))","(1, np.float64(100.0))","(1, np.float64(100.0))","(1, np.float64(100.0))",1.0,100.0,1.0,100.0,1.0,100.0,1.0,100.0,1.0,100.0,1.0,100.0,1.0,100.0,1.0,100.0
0,,,,,,,,,,,,,,,,,,,,,,,,
1,"(1, np.float64(100.0))","(1, np.float64(100.0))","(1, np.float64(100.0))","(1, np.float64(100.0))","(1, np.float64(100.0))","(1, np.float64(100.0))","(1, np.float64(100.0))","(1, np.float64(100.0))",1.0,100.0,1.0,100.0,1.0,100.0,1.0,100.0,1.0,100.0,1.0,100.0,1.0,100.0,1.0,100.0
1,"(1, np.float64(100.0))","(1, np.float64(100.0))","(1, np.float64(100.0))","(1, np.float64(100.0))","(1, np.float64(100.0))","(1, np.float64(100.0))","(1, np.float64(100.0))","(1, np.float64(100.0))",1.0,100.0,1.0,100.0,1.0,100.0,1.0,100.0,1.0,100.0,1.0,100.0,1.0,100.0,1.0,100.0
1,"(1, np.float64(98.75))","(1, np.float64(99.02))","(1, np.float64(95.74))","(0, np.float64(99.09))","(1, np.float64(98.6))","(1, np.float64(100.0))","(1, np.float64(100.0))","(1, np.float64(99.92))",1.0,98.75,1.0,99.02,1.0,95.74,0.0,99.09,1.0,98.6,1.0,100.0,1.0,100.0,1.0,99.92
1,"(0, np.float64(99.21))","(0, np.float64(96.91))","(1, np.float64(99.92))","(0, np.float64(97.76))","(1, np.float64(99.73))","(1, np.float64(99.5))","(1, np.float64(98.85))","(1, np.float64(97.74))",0.0,99.21,0.0,96.91,1.0,99.92,0.0,97.76,1.0,99.73,1.0,99.5,1.0,98.85,1.0,97.74
1,"(1, np.float64(100.0))","(1, np.float64(100.0))","(1, np.float64(100.0))","(1, np.float64(100.0))","(1, np.float64(100.0))","(1, np.float64(100.0))","(1, np.float64(100.0))","(1, np.float64(100.0))",1.0,100.0,1.0,100.0,1.0,100.0,1.0,100.0,1.0,100.0,1.0,100.0,1.0,100.0,1.0,100.0
1,"(1, np.float64(100.0))","(1, np.float64(100.0))","(1, np.float64(100.0))","(1, np.float64(99.99))","(1, np.float64(99.99))","(1, np.float64(100.0))","(1, np.float64(100.0))","(1, np.float64(100.0))",1.0,100.0,1.0,100.0,1.0,100.0,1.0,99.99,1.0,99.99,1.0,100.0,1.0,100.0,1.0,100.0
1,"(1, np.float64(99.98))","(1, np.float64(100.0))","(1, np.float64(100.0))","(1, np.float64(99.82))","(1, np.float64(99.98))","(1, np.float64(99.87))","(1, np.float64(100.0))","(1, np.float64(100.0))",1.0,99.98,1.0,100.0,1.0,100.0,1.0,99.82,1.0,99.98,1.0,99.87,1.0,100.0,1.0,100.0
1,"(1, np.float64(98.89))","(1, np.float64(99.58))","(1, np.float64(97.51))","(0, np.float64(92.1))","(1, np.float64(99.95))","(1, np.float64(99.87))","(1, np.float64(99.98))","(1, np.float64(99.86))",1.0,98.89,1.0,99.58,1.0,97.51,0.0,92.1,1.0,99.95,1.0,99.87,1.0,99.98,1.0,99.86
1,"(1, np.float64(99.91))","(1, np.float64(99.95))","(1, np.float64(99.95))","(0, np.float64(95.37))","(1, np.float64(100.0))","(1, np.float64(100.0))","(1, np.float64(100.0))","(1, np.float64(100.0))",1.0,99.91,1.0,99.95,1.0,99.95,0.0,95.37,1.0,100.0,1.0,100.0,1.0,100.0,1.0,100.0
1,"(0, np.float64(99.35))","(1, np.float64(99.88))","(1, np.float64(93.89))","(0, np.float64(99.44))","(1, np.float64(99.89))","(1, np.float64(99.99))","(1, np.float64(100.0))","(1, np.float64(99.95))",0.0,99.35,1.0,99.88,1.0,93.89,0.0,99.44,1.0,99.89,1.0,99.99,1.0,100.0,1.0,99.95
1,"(1, np.float64(100.0))","(1, np.float64(100.0))","(1, np.float64(99.99))","(1, np.float64(99.99))","(1, np.float64(100.0))","(1, np.float64(99.98))","(1, np.float64(100.0))","(1, np.float64(99.99))",1.0,100.0,1.0,100.0,1.0,99.99,1.0,99.99,1.0,100.0,1.0,99.98,1.0,100.0,1.0,99.99
0,,,,,,,,,,,,,,,,,,,,,,,,
1,"(1, np.float64(99.84))","(0, np.float64(97.44))","(1, np.float64(100.0))","(1, np.float64(99.47))","(0, np.float64(98.13))","(1, np.float64(99.33))","(1, np.float64(99.93))","(1, np.float64(98.94))",1.0,99.84,0.0,97.44,1.0,100.0,1.0,99.47,0.0,98.13,1.0,99.33,1.0,99.93,1.0,98.94
1,"(1, np.float64(100.0))","(1, np.float64(100.0))","(1, np.float64(100.0))","(1, np.float64(100.0))","(1, np.float64(100.0))","(1, np.float64(100.0))","(1, np.float64(100.0))","(1, np.float64(100.0))",1.0,100.0,1.0,100.0,1.0,100.0,1.0,100.0,1.0,100.0,1.0,100.0,1.0,100.0,1.0,100.0
1,"(1, np.float64(100.0))","(1, np.float64(100.0))","(1, np.float64(100.0))","(1, np.float64(100.0))","(1, np.float64(100.0))","(1, np.float64(100.0))","(1, np.float64(100.0))","(1, np.float64(100.0))",1.0,100.0,1.0,100.0,1.0,100.0,1.0,100.0,1.0,100.0,1.0,100.0,1.0,100.0,1.0,100.0
1,"(0, np.float64(99.95))","(0, np.float64(100.0))","(0, np.float64(99.95))","(0, np.float64(99.95))","(0, np.float64(96.57))","(0, np.float64(99.96))","(0, np.float64(99.89))","(0, np.float64(99.94))",0.0,99.95,0.0,100.0,0.0,99.95,0.0,99.95,0.0,96.57,0.0,99.96,0.0,99.89,0.0,99.94
1,"(0, np.float64(93.87))","(1, np.float64(100.0))","(1, np.float64(99.92))","(1, np.float64(94.86))","(1, np.float64(94.35))","(1, np.float64(98.6))","(1, np.float64(99.95))","(1, np.float64(99.1))",0.0,93.87,1.0,100.0,1.0,99.92,1.0,94.86,1.0,94.35,1.0,98.6,1.0,99.95,1.0,99.1
1,"(1, np.float64(100.0))","(1, np.float64(100.0))","(1, np.float64(100.0))","(1, np.float64(100.0))","(1, np.float64(100.0))","(1, np.float64(100.0))","(1, np.float64(100.0))","(1, np.float64(100.0))",1.0,100.0,1.0,100.0,1.0,100.0,1.0,100.0,1.0,100.0,1.0,100.0,1.0,100.0,1.0,100.0
1,"(0, np.float64(93.67))","(1, np.float64(99.76))","(0, np.float64(96.9))","(1, np.float64(99.98))","(1, np.float64(98.74))","(1, np.float64(99.21))","(1, np.float64(99.99))","(1, np.float64(99.86))",0.0,93.67,1.0,99.76,0.0,96.9,1.0,99.98,1.0,98.74,1.0,99.21,1.0,99.99,1.0,99.86
1,"(1, np.float64(100.0))","(1, np.float64(100.0))","(1, np.float64(100.0))","(1, np.float64(100.0))","(1, np.float64(100.0))","(1, np.float64(99.99))","(1, np.float64(100.0))","(1, np.float64(100.0))",1.0,100.0,1.0,100.0,1.0,100.0,1.0,100.0,1.0,100.0,1.0,99.99,1.0,100.0,1.0,100.0
1,"(1, np.float64(100.0))","(1, np.float64(100.0))","(1, np.float64(100.0))","(1, np.float64(100.0))","(1, np.float64(99.99))","(1, np.float64(99.98))","(1, np.float64(100.0))","(1, np.float64(99.96))",1.0,100.0,1.0,100.0,1.0,100.0,1.0,100.0,1.0,99.99,1.0,99.98,1.0,100.0,1.0,99.96
1,"(1, np.float64(100.0))","(1, np.float64(100.0))","(1, np.float64(100.0))","(1, np.float64(99.99))","(1, np.float64(100.0))","(1, np.float64(100.0))","(1, np.float64(100.0))","(1, np.float64(99.95))",1.0,100.0,1.0,100.0,1.0,100.0,1.0,99.99,1.0,100.0,1.0,100.0,1.0,100.0,1.0,99.95
1,"(1, np.float64(100.0))","(1, np.float64(100.0))","(1, np.float64(100.0))","(1, np.float64(100.0))","(1, np.float64(100.0))","(1, np.float64(100.0))","(1, np.float64(100.0))","(1, np.float64(100.0))",1.0,100.0,1.0,100.0,1.0,100.0,1.0,100.0,1.0,100.0,1.0,100.0,1.0,100.0,1.0,100.0
1,"(0, np.float64(95.37))","(1, np.float64(96.09))","(0, np.float64(95.65))","(1, np.float64(97.75))","(1, np.float64(98.9))","(1, np.float64(100.0))","(1, np.float64(100.0))","(1, np.float64(100.0))",0.0,95.37,1.0,96.09,0.0,95.65,1.0,97.75,1.0,98.9,1.0,100.0,1.0,100.0,1.0,100.0
1,"(1, np.float64(100.0))","(1, np.float64(100.0))","(1, np.float64(100.0))","(1, np.float64(100.0))","(1, np.float64(100.0))","(1, np.float64(100.0))","(1, np.float64(100.0))","(1, np.float64(100.0))",1.0,100.0,1.0,100.0,1.0,100.0,1.0,100.0,1.0,100.0,1.0,100.0,1.0,100.0,1.0,100.0
1,"(1, np.float64(100.0))","(1, np.float64(100.0))","(1, np.float64(100.0))","(1, np.float64(99.99))","(1, np.float64(99.99))","(1, np.float64(100.0))","(1, np.float64(100.0))","(1, np.float64(100.0))",1.0,100.0,1.0,100.0,1.0,100.0,1.0,99.99,1.0,99.99,1.0,100.0,1.0,100.0,1.0,100.0
1,"(1, np.float64(100.0))","(1, np.float64(100.0))","(1, np.float64(100.0))","(1, np.float64(100.0))","(1, np.float64(100.0))","(1, np.float64(100.0))","(1, np.float64(100.0))","(1, np.float64(100.0))",1.0,100.0,1.0,100.0,1.0,100.0,1.0,100.0,1.0,100.0,1.0,100.0,1.0,100.0,1.0,100.0
1,"(1, np.float64(100.0))","(1, np.float64(100.0))","(1, np.float64(100.0))","(1, np.float64(100.0))","(1, np.float64(100.0))","(1, np.float64(100.0))","(1, np.float64(100.0))","(1, np.float64(100.0))",1.0,100.0,1.0,100.0,1.0,100.0,1.0,100.0,1.0,100.0,1.0,100.0,1.0,100.0,1.0,100.0
1,"(1, np.float64(99.99))","(1, np.float64(100.0))","(1, np.float64(100.0))","(1, np.float64(100.0))","(1, np.float64(100.0))","(1, np.float64(100.0))","(1, np.float64(100.0))","(1, np.float64(100.0))",1.0,99.99,1.0,100.0,1.0,100.0,1.0,100.0,1.0,100.0,1.0,100.0,1.0,100.0,1.0,100.0
1,"(1, np.float64(100.0))","(1, np.float64(100.0))","(1, np.float64(100.0))","(1, np.float64(100.0))","(1, np.float64(100.0))","(1, np.float64(100.0))","(1, np.float64(100.0))","(1, np.float64(100.0))",1.0,100.0,1.0,100.0,1.0,100.0,1.0,100.0,1.0,100.0,1.0,100.0,1.0,100.0,1.0,100.0
1,"(1, np.float64(99.99))","(1, np.float64(99.96))","(1, np.float64(99.96))","(1, np.float64(99.96))","(1, np.float64(99.86))","(1, np.float64(99.96))","(1, np.float64(100.0))","(1, np.float64(99.96))",1.0,99.99,1.0,99.96,1.0,99.96,1.0,99.96,1.0,99.86,1.0,99.96,1.0,100.0,1.0,99.96
1,"(1, np.float64(97.27))","(0, np.float64(96.42))","(1, np.float64(100.0))","(1, np.float64(99.79))","(1, np.float64(98.99))","(1, np.float64(99.9))","(1, np.float64(100.0))","(1, np.float64(99.98))",1.0,97.27,0.0,96.42,1.0,100.0,1.0,99.79,1.0,98.99,1.0,99.9,1.0,100.0,1.0,99.98
1,"(1, np.float64(100.0))","(1, np.float64(100.0))","(1, np.float64(100.0))","(1, np.float64(100.0))","(1, np.float64(99.97))","(1, np.float64(100.0))","(1, np.float64(100.0))","(1, np.float64(100.0))",1.0,100.0,1.0,100.0,1.0,100.0,1.0,100.0,1.0,99.97,1.0,100.0,1.0,100.0,1.0,100.0
1,"(1, np.float64(100.0))","(1, np.float64(100.0))","(1, np.float64(100.0))","(1, np.float64(100.0))","(1, np.float64(100.0))","(1, np.float64(100.0))","(1, np.float64(100.0))","(1, np.float64(100.0))",1.0,100.0,1.0,100.0,1.0,100.0,1.0,100.0,1.0,100.0,1.0,100.0,1.0,100.0,1.0,100.0
0,,,,,,,,,,,,,,,,,,,,,,,,
1,"(1, np.float64(99.83))","(1, np.float64(99.87))","(1, np.float64(99.36))","(0, np.float64(93.71))","(1, np.float64(99.97))","(1, np.float64(99.99))","(1, np.float64(100.0))","(1, np.float64(99.5))",1.0,99.83,1.0,99.87,1.0,99.36,0.0,93.71,1.0,99.97,1.0,99.99,1.0,100.0,1.0,99.5
1,"(1, np.float64(100.0))","(1, np.float64(100.0))","(1, np.float64(100.0))","(1, np.float64(100.0))","(1, np.float64(100.0))","(1, np.float64(100.0))","(1, np.float64(100.0))","(1, np.float64(100.0))",1.0,100.0,1.0,100.0,1.0,100.0,1.0,100.0,1.0,100.0,1.0,100.0,1.0,100.0,1.0,100.0
1,"(0, np.float64(98.74))","(1, np.float64(99.97))","(1, np.float64(99.09))","(1, np.float64(94.41))","(1, np.float64(95.35))","(1, np.float64(99.94))","(1, np.float64(100.0))","(1, np.float64(99.36))",0.0,98.74,1.0,99.97,1.0,99.09,1.0,94.41,1.0,95.35,1.0,99.94,1.0,100.0,1.0,99.36
1,"(1, np.float64(100.0))","(1, np.float64(100.0))","(1, np.float64(100.0))","(1, np.float64(100.0))","(1, np.float64(100.0))","(1, np.float64(100.0))","(1, np.float64(100.0))","(1, np.float64(100.0))",1.0,100.0,1.0,100.0,1.0,100.0,1.0,100.0,1.0,100.0,1.0,100.0,1.0,100.0,1.0,100.0
1,"(1, np.float64(100.0))","(1, np.float64(100.0))","(1, np.float64(100.0))","(1, np.float64(100.0))","(1, np.float64(100.0))","(1, np.float64(100.0))","(1, np.float64(100.0))","(1, np.float64(100.0))",1.0,100.0,1.0,100.0,1.0,100.0,1.0,100.0,1.0,100.0,1.0,100.0,1.0,100.0,1.0,100.0
1,"(0, np.float64(91.74))","(0, np.float64(96.52))","(0, np.float64(86.47))","(1, np.float64(93.82))","(0, np.float64(77.86))","(0, np.float64(93.22))","(0, np.float64(91.32))","(0, np.float64(83.18))",0.0,91.74,0.0,96.52,0.0,86.47,1.0,93.82,0.0,77.86,0.0,93.22,0.0,91.32,0.0,83.18
1,"(1, np.float64(100.0))","(1, np.float64(100.0))","(1, np.float64(99.98))","(1, np.float64(99.83))","(1, np.float64(99.94))","(1, np.float64(99.99))","(1, np.float64(99.99))","(1, np.float64(99.98))",1.0,100.0,1.0,100.0,1.0,99.98,1.0,99.83,1.0,99.94,1.0,99.99,1.0,99.99,1.0,99.98
1,"(1, np.float64(100.0))","(1, np.float64(100.0))","(1, np.float64(100.0))","(1, np.float64(100.0))","(1, np.float64(100.0))","(1, np.float64(100.0))","(1, np.float64(100.0))","(1, np.float64(100.0))",1.0,100.0,1.0,100.0,1.0,100.0,1.0,100.0,1.0,100.0,1.0,100.0,1.0,100.0,1.0,100.0
1,"(1, np.float64(100.0))","(1, np.float64(100.0))","(1, np.float64(100.0))","(1, np.float64(100.0))","(1, np.float64(100.0))","(1, np.float64(100.0))","(1, np.float64(100.0))","(1, np.float64(100.0))",1.0,100.0,1.0,100.0,1.0,100.0,1.0,100.0,1.0,100.0,1.0,100.0,1.0,100.0,1.0,100.0
1,"(1, np.float64(100.0))","(1, np.float64(100.0))","(1, np.float64(100.0))","(1, np.float64(100.0))","(1, np.float64(100.0))","(1, np.float64(100.0))","(1, np.float64(100.0))","(1, np.float64(100.0))",1.0,100.0,1.0,100.0,1.0,100.0,1.0,100.0,1.0,100.0,1.0,100.0,1.0,100.0,1.0,100.0
1,"(1, np.float64(99.99))","(1, np.float64(99.99))","(1, np.float64(99.9))","(1, np.float64(99.77))","(1, np.float64(99.93))","(1, np.float64(99.95))","(1, np.float64(99.97))","(1, np.float64(99.91))",1.0,99.99,1.0,99.99,1.0,99.9,1.0,99.77,1.0,99.93,1.0,99.95,1.0,99.97,1.0,99.91
1,"(1, np.float64(100.0))","(1, np.float64(100.0))","(1, np.float64(100.0))","(1, np.float64(100.0))","(1, np.float64(99.99))","(1, np.float64(99.99))","(1, np.float64(99.99))","(1, np.float64(99.98))",1.0,100.0,1.0,100.0,1.0,100.0,1.0,100.0,1.0,99.99,1.0,99.99,1.0,99.99,1.0,99.98
1,"(1, np.float64(99.95))","(1, np.float64(100.0))","(1, np.float64(100.0))","(1, np.float64(100.0))","(1, np.float64(100.0))","(1, np.float64(100.0))","(1, np.float64(100.0))","(1, np.float64(100.0))",1.0,99.95,1.0,100.0,1.0,100.0,1.0,100.0,1.0,100.0,1.0,100.0,1.0,100.0,1.0,100.0
1,"(1, np.float64(99.97))","(1, np.float64(99.84))","(1, np.float64(99.25))","(1, np.float64(97.7))","(1, np.float64(98.33))","(1, np.float64(99.99))","(1, np.float64(99.99))","(1, np.float64(99.76))",1.0,99.97,1.0,99.84,1.0,99.25,1.0,97.7,1.0,98.33,1.0,99.99,1.0,99.99,1.0,99.76
1,"(1, np.float64(99.97))","(1, np.float64(99.95))","(1, np.float64(96.92))","(0, np.float64(99.34))","(1, np.float64(92.56))","(1, np.float64(99.69))","(1, np.float64(93.21))","(0, np.float64(98.13))",1.0,99.97,1.0,99.95,1.0,96.92,0.0,99.34,1.0,92.56,1.0,99.69,1.0,93.21,0.0,98.13
1,"(1, np.float64(100.0))","(1, np.float64(100.0))","(1, np.float64(100.0))","(1, np.float64(100.0))","(1, np.float64(100.0))","(1, np.float64(99.99))","(1, np.float64(99.99))","(1, np.float64(99.99))",1.0,100.0,1.0,100.0,1.0,100.0,1.0,100.0,1.0,100.0,1.0,99.99,1.0,99.99,1.0,99.99
1,"(1, np.float64(100.0))","(1, np.float64(100.0))","(1, np.float64(100.0))","(1, np.float64(100.0))","(1, np.float64(100.0))","(1, np.float64(100.0))","(1, np.float64(100.0))","(1, np.float64(100.0))",1.0,100.0,1.0,100.0,1.0,100.0,1.0,100.0,1.0,100.0,1.0,100.0,1.0,100.0,1.0,100.0
1,"(1, np.float64(99.72))","(1, np.float64(99.93))","(1, np.float64(99.47))","(1, np.float64(92.1))","(1, np.float64(89.44))","(1, np.float64(99.95))","(1, np.float64(100.0))","(1, np.float64(99.99))",1.0,99.72,1.0,99.93,1.0,99.47,1.0,92.1,1.0,89.44,1.0,99.95,1.0,100.0,1.0,99.99
1,"(1, np.float64(100.0))","(1, np.float64(100.0))","(1, np.float64(100.0))","(1, np.float64(99.99))","(1, np.float64(99.9))","(1, np.float64(99.98))","(1, np.float64(99.99))","(1, np.float64(99.95))",1.0,100.0,1.0,100.0,1.0,100.0,1.0,99.99,1.0,99.9,1.0,99.98,1.0,99.99,1.0,99.95
1,"(1, np.float64(100.0))","(1, np.float64(100.0))","(1, np.float64(100.0))","(1, np.float64(100.0))","(1, np.float64(100.0))","(1, np.float64(100.0))","(1, np.float64(100.0))","(1, np.float64(100.0))",1.0,100.0,1.0,100.0,1.0,100.0,1.0,100.0,1.0,100.0,1.0,100.0,1.0,100.0,1.0,100.0
1,"(0, np.float64(99.67))","(1, np.float64(99.91))","(0, np.float64(98.89))","(1, np.float64(99.92))","(0, np.float64(98.21))","(0, np.float64(96.58))","(0, np.float64(99.93))","(1, np.float64(99.73))",0.0,99.67,1.0,99.91,0.0,98.89,1.0,99.92,0.0,98.21,0.0,96.58,0.0,99.93,1.0,99.73
1,"(1, np.float64(100.0))","(1, np.float64(100.0))","(1, np.float64(100.0))","(1, np.float64(99.84))","(1, np.float64(99.66))","(1, np.float64(100.0))","(1, np.float64(100.0))","(1, np.float64(100.0))",1.0,100.0,1.0,100.0,1.0,100.0,1.0,99.84,1.0,99.66,1.0,100.0,1.0,100.0,1.0,100.0
1,"(1, np.float64(100.0))","(1, np.float64(100.0))","(1, np.float64(100.0))","(1, np.float64(100.0))","(1, np.float64(100.0))","(1, np.float64(100.0))","(1, np.float64(100.0))","(1, np.float64(100.0))",1.0,100.0,1.0,100.0,1.0,100.0,1.0,100.0,1.0,100.0,1.0,100.0,1.0,100.0,1.0,100.0
1,"(1, np.float64(99.99))","(1, np.float64(100.0))","(1, np.float64(100.0))","(1, np.float64(99.99))","(1, np.float64(100.0))","(1, np.float64(100.0))","(1, np.float64(100.0))","(1, np.float64(100.0))",1.0,99.99,1.0,100.0,1.0,100.0,1.0,99.99,1.0,100.0,1.0,100.0,1.0,100.0,1.0,100.0
1,"(1, np.float64(100.0))","(1, np.float64(100.0))","(1, np.float64(100.0))","(1, np.float64(100.0))","(1, np.float64(100.0))","(1, np.float64(100.0))","(1, np.float64(100.0))","(1, np.float64(100.0))",1.0,100.0,1.0,100.0,1.0,100.0,1.0,100.0,1.0,100.0,1.0,100.0,1.0,100.0,1.0,100.0
1,"(1, np.float64(100.0))","(1, np.float64(99.53))","(1, np.float64(99.99))","(1, np.float64(99.99))","(1, np.float64(99.93))","(1, np.float64(99.88))","(1, np.float64(99.99))","(1, np.float64(99.9))",1.0,100.0,1.0,99.53,1.0,99.99,1.0,99.99,1.0,99.93,1.0,99.88,1.0,99.99,1.0,99.9
1,"(1, np.float64(100.0))","(1, np.float64(100.0))","(1, np.float64(100.0))","(1, np.float64(100.0))","(1, np.float64(100.0))","(1, np.float64(100.0))","(1, np.float64(100.0))","(1, np.float64(100.0))",1.0,100.0,1.0,100.0,1.0,100.0,1.0,100.0,1.0,100.0,1.0,100.0,1.0,100.0,1.0,100.0
1,"(1, np.float64(99.99))","(1, np.float64(100.0))","(1, np.float64(100.0))","(1, np.float64(100.0))","(1, np.float64(100.0))","(1, np.float64(100.0))","(1, np.float64(100.0))","(1, np.float64(100.0))",1.0,99.99,1.0,100.0,1.0,100.0,1.0,100.0,1.0,100.0,1.0,100.0,1.0,100.0,1.0,100.0
1,"(1, np.float64(100.0))","(1, np.float64(100.0))","(1, np.float64(100.0))","(1, np.float64(100.0))","(1, np.float64(100.0))","(1, np.float64(100.0))","(1, np.float64(100.0))","(1, np.float64(100.0))",1.0,100.0,1.0,100.0,1.0,100.0,1.0,100.0,1.0,100.0,1.0,100.0,1.0,100.0,1.0,100.0
1,"(1, np.float64(100.0))","(1, np.float64(100.0))","(1, np.float64(100.0))","(1, np.float64(99.98))","(1, np.float64(99.95))","(1, np.float64(99.95))","(1, np.float64(100.0))","(1, np.float64(99.74))",1.0,100.0,1.0,100.0,1.0,100.0,1.0,99.98,1.0,99.95,1.0,99.95,1.0,100.0,1.0,99.74
1,"(1, np.float64(97.28))","(1, np.float64(99.33))","(1, np.float64(99.59))","(1, np.float64(98.53))","(1, np.float64(97.98))","(1, np.float64(99.97))","(1, np.float64(99.99))","(1, np.float64(99.84))",1.0,97.28,1.0,99.33,1.0,99.59,1.0,98.53,1.0,97.98,1.0,99.97,1.0,99.99,1.0,99.84
1,"(1, np.float64(100.0))","(1, np.float64(100.0))","(1, np.float64(100.0))","(1, np.float64(100.0))","(1, np.float64(100.0))","(1, np.float64(100.0))","(1, np.float64(100.0))","(1, np.float64(100.0))",1.0,100.0,1.0,100.0,1.0,100.0,1.0,100.0,1.0,100.0,1.0,100.0,1.0,100.0,1.0,100.0
1,"(0, np.float64(98.74))","(0, np.float64(99.0))","(1, np.float64(99.97))","(1, np.float64(97.51))","(0, np.float64(97.23))","(0, np.float64(99.3))","(0, np.float64(100.0))","(1, np.float64(95.28))",0.0,98.74,0.0,99.0,1.0,99.97,1.0,97.51,0.0,97.23,0.0,99.3,0.0,100.0,1.0,95.28
1,"(1, np.float64(100.0))","(1, np.float64(100.0))","(1, np.float64(100.0))","(1, np.float64(100.0))","(1, np.float64(100.0))","(1, np.float64(100.0))","(1, np.float64(100.0))","(1, np.float64(100.0))",1.0,100.0,1.0,100.0,1.0,100.0,1.0,100.0,1.0,100.0,1.0,100.0,1.0,100.0,1.0,100.0
1,"(1, np.float64(100.0))","(1, np.float64(100.0))","(1, np.float64(100.0))","(1, np.float64(100.0))","(1, np.float64(100.0))","(1, np.float64(100.0))","(1, np.float64(100.0))","(1, np.float64(100.0))",1.0,100.0,1.0,100.0,1.0,100.0,1.0,100.0,1.0,100.0,1.0,100.0,1.0,100.0,1.0,100.0
1,"(1, np.float64(100.0))","(1, np.float64(100.0))","(1, np.float64(100.0))","(1, np.float64(100.0))","(1, np.float64(100.0))","(1, np.float64(100.0))","(1, np.float64(100.0))","(1, np.float64(100.0))",1.0,100.0,1.0,100.0,1.0,100.0,1.0,100.0,1.0,100.0,1.0,100.0,1.0,100.0,1.0,100.0
1,"(1, np.float64(100.0))","(1, np.float64(100.0))","(1, np.float64(100.0))","(1, np.float64(100.0))","(1, np.float64(100.0))","(1, np.float64(100.0))","(1, np.float64(100.0))","(1, np.float64(100.0))",1.0,100.0,1.0,100.0,1.0,100.0,1.0,100.0,1.0,100.0,1.0,100.0,1.0,100.0,1.0,100.0
1,"(1, np.float64(100.0))","(1, np.float64(100.0))","(1, np.float64(100.0))","(1, np.float64(100.0))","(1, np.float64(100.0))","(1, np.float64(100.0))","(1, np.float64(100.0))","(1, np.float64(100.0))",1.0,100.0,1.0,100.0,1.0,100.0,1.0,100.0,1.0,100.0,1.0,100.0,1.0,100.0,1.0,100.0
1,"(1, np.float64(100.0))","(1, np.float64(100.0))","(1, np.float64(100.0))","(1, np.float64(100.0))","(1, np.float64(100.0))","(1, np.float64(100.0))","(1, np.float64(100.0))","(1, np.float64(100.0))",1.0,100.0,1.0,100.0,1.0,100.0,1.0,100.0,1.0,100.0,1.0,100.0,1.0,100.0,1.0,100.0
1,"(1, np.float64(99.95))","(1, np.float64(100.0))","(1, np.float64(100.0))","(1, np.float64(100.0))","(1, np.float64(100.0))","(1, np.float64(99.94))","(1, np.float64(100.0))","(1, np.float64(99.99))",1.0,99.95,1.0,100.0,1.0,100.0,1.0,100.0,1.0,100.0,1.0,99.94,1.0,100.0,1.0,99.99
1,"(1, np.float64(100.0))","(1, np.float64(100.0))","(1, np.float64(100.0))","(1, np.float64(100.0))","(1, np.float64(100.0))","(1, np.float64(99.99))","(1, np.float64(100.0))","(1, np.float64(99.99))",1.0,100.0,1.0,100.0,1.0,100.0,1.0,100.0,1.0,100.0,1.0,99.99,1.0,100.0,1.0,99.99
1,"(1, np.float64(100.0))","(1, np.float64(100.0))","(1, np.float64(100.0))","(1, np.float64(100.0))","(1, np.float64(100.0))","(1, np.float64(100.0))","(1, np.float64(100.0))","(1, np.float64(100.0))",1.0,100.0,1.0,100.0,1.0,100.0,1.0,100.0,1.0,100.0,1.0,100.0,1.0,100.0,1.0,100.0
0,,,,,,,,,,,,,,,,,,,,,,,,
1,"(1, np.float64(100.0))","(1, np.float64(100.0))","(1, np.float64(100.0))","(1, np.float64(100.0))","(1, np.float64(100.0))","(1, np.float64(100.0))","(1, np.float64(100.0))","(1, np.float64(99.99))",1.0,100.0,1.0,100.0,1.0,100.0,1.0,100.0,1.0,100.0,1.0,100.0,1.0,100.0,1.0,99.99
0,,,,,,,,,,,,,,,,,,,,,,,,
0,,,,,,,,,,,,,,,,,,,,,,,,
1,"(1, np.float64(96.7))","(1, np.float64(98.62))","(1, np.float64(95.72))","(0, np.float64(96.92))","(1, np.float64(95.26))","(1, np.float64(99.99))","(1, np.float64(100.0))","(1, np.float64(99.93))",1.0,96.7,1.0,98.62,1.0,95.72,0.0,96.92,1.0,95.26,1.0,99.99,1.0,100.0,1.0,99.93
1,"(1, np.float64(100.0))","(1, np.float64(100.0))","(1, np.float64(100.0))","(1, np.float64(100.0))","(1, np.float64(100.0))","(1, np.float64(100.0))","(1, np.float64(100.0))","(1, np.float64(100.0))",1.0,100.0,1.0,100.0,1.0,100.0,1.0,100.0,1.0,100.0,1.0,100.0,1.0,100.0,1.0,100.0
1,"(1, np.float64(99.98))","(1, np.float64(99.99))","(1, np.float64(99.97))","(1, np.float64(99.85))","(1, np.float64(99.91))","(1, np.float64(100.0))","(1, np.float64(100.0))","(1, np.float64(100.0))",1.0,99.98,1.0,99.99,1.0,99.97,1.0,99.85,1.0,99.91,1.0,100.0,1.0,100.0,1.0,100.0
1,"(1, np.float64(99.39))","(0, np.float64(96.92))","(1, np.float64(99.99))","(1, np.float64(99.46))","(1, np.float64(99.71))","(1, np.float64(100.0))","(1, np.float64(100.0))","(1, np.float64(99.99))",1.0,99.39,0.0,96.92,1.0,99.99,1.0,99.46,1.0,99.71,1.0,100.0,1.0,100.0,1.0,99.99
1,"(1, np.float64(100.0))","(1, np.float64(100.0))","(1, np.float64(100.0))","(1, np.float64(100.0))","(1, np.float64(100.0))","(1, np.float64(99.99))","(1, np.float64(100.0))","(1, np.float64(99.98))",1.0,100.0,1.0,100.0,1.0,100.0,1.0,100.0,1.0,100.0,1.0,99.99,1.0,100.0,1.0,99.98
1,"(1, np.float64(100.0))","(1, np.float64(100.0))","(1, np.float64(100.0))","(1, np.float64(100.0))","(1, np.float64(100.0))","(1, np.float64(100.0))","(1, np.float64(100.0))","(1, np.float64(100.0))",1.0,100.0,1.0,100.0,1.0,100.0,1.0,100.0,1.0,100.0,1.0,100.0,1.0,100.0,1.0,100.0
1,"(1, np.float64(98.93))","(1, np.float64(98.65))","(0, np.float64(97.04))","(1, np.float64(100.0))","(1, np.float64(99.56))","(0, np.float64(97.61))","(0, np.float64(98.45))","(1, np.float64(99.98))",1.0,98.93,1.0,98.65,0.0,97.04,1.0,100.0,1.0,99.56,0.0,97.61,0.0,98.45,1.0,99.98
1,"(1, np.float64(100.0))","(1, np.float64(100.0))","(1, np.float64(99.8))","(0, np.float64(97.17))","(1, np.float64(99.99))","(1, np.float64(100.0))","(1, np.float64(100.0))","(1, np.float64(100.0))",1.0,100.0,1.0,100.0,1.0,99.8,0.0,97.17,1.0,99.99,1.0,100.0,1.0,100.0,1.0,100.0
1,"(1, np.float64(100.0))","(1, np.float64(100.0))","(1, np.float64(100.0))","(1, np.float64(100.0))","(1, np.float64(100.0))","(1, np.float64(99.97))","(1, np.float64(100.0))","(1, np.float64(99.99))",1.0,100.0,1.0,100.0,1.0,100.0,1.0,100.0,1.0,100.0,1.0,99.97,1.0,100.0,1.0,99.99
1,"(1, np.float64(100.0))","(1, np.float64(100.0))","(1, np.float64(100.0))","(1, np.float64(100.0))","(1, np.float64(100.0))","(1, np.float64(100.0))","(1, np.float64(100.0))","(1, np.float64(100.0))",1.0,100.0,1.0,100.0,1.0,100.0,1.0,100.0,1.0,100.0,1.0,100.0,1.0,100.0,1.0,100.0
1,"(1, np.float64(99.99))","(1, np.float64(99.99))","(1, np.float64(100.0))","(1, np.float64(99.97))","(1, np.float64(100.0))","(1, np.float64(99.99))","(1, np.float64(100.0))","(1, np.float64(100.0))",1.0,99.99,1.0,99.99,1.0,100.0,1.0,99.97,1.0,100.0,1.0,99.99,1.0,100.0,1.0,100.0
0,,,,,,,,,,,,,,,,,,,,,,,,
1,"(0, np.float64(95.35))","(1, np.float64(99.95))","(1, np.float64(99.57))","(1, np.float64(95.8))","(0, np.float64(95.36))","(0, np.float64(96.88))","(0, np.float64(99.99))","(0, np.float64(98.55))",0.0,95.35,1.0,99.95,1.0,99.57,1.0,95.8,0.0,95.36,0.0,96.88,0.0,99.99,0.0,98.55
1,"(1, np.float64(100.0))","(1, np.float64(100.0))","(1, np.float64(100.0))","(1, np.float64(100.0))","(1, np.float64(100.0))","(1, np.float64(100.0))","(1, np.float64(100.0))","(1, np.float64(100.0))",1.0,100.0,1.0,100.0,1.0,100.0,1.0,100.0,1.0,100.0,1.0,100.0,1.0,100.0,1.0,100.0
0,,,,,,,,,,,,,,,,,,,,,,,,
1,"(1, np.float64(100.0))","(1, np.float64(100.0))","(1, np.float64(100.0))","(1, np.float64(100.0))","(1, np.float64(100.0))","(1, np.float64(100.0))","(1, np.float64(100.0))","(1, np.float64(100.0))",1.0,100.0,1.0,100.0,1.0,100.0,1.0,100.0,1.0,100.0,1.0,100.0,1.0,100.0,1.0,100.0
1,"(1, np.float64(100.0))","(1, np.float64(100.0))","(1, np.float64(100.0))","(1, np.float64(100.0))","(1, np.float64(100.0))","(1, np.float64(100.0))","(1, np.float64(100.0))","(1, np.float64(100.0))",1.0,100.0,1.0,100.0,1.0,100.0,1.0,100.0,1.0,100.0,1.0,100.0,1.0,100.0,1.0,100.0
0,,,,,,,,,,,,,,,,,,,,,,,,
1,"(1, np.float64(99.99))","(1, np.float64(100.0))","(1, np.float64(99.97))","(1, np.float64(98.61))","(0, np.float64(96.7))","(1, np.float64(99.97))","(1, np.float64(100.0))","(1, np.float64(99.95))",1.0,99.99,1.0,100.0,1.0,99.97,1.0,98.61,0.0,96.7,1.0,99.97,1.0,100.0,1.0,99.95
1,"(1, np.float64(99.96))","(1, np.float64(100.0))","(1, np.float64(99.98))","(1, np.float64(99.85))","(1, np.float64(99.79))","(1, np.float64(100.0))","(1, np.float64(100.0))","(1, np.float64(100.0))",1.0,99.96,1.0,100.0,1.0,99.98,1.0,99.85,1.0,99.79,1.0,100.0,1.0,100.0,1.0,100.0
1,"(1, np.float64(100.0))","(1, np.float64(100.0))","(1, np.float64(100.0))","(1, np.float64(100.0))","(1, np.float64(100.0))","(1, np.float64(100.0))","(1, np.float64(100.0))","(1, np.float64(100.0))",1.0,100.0,1.0,100.0,1.0,100.0,1.0,100.0,1.0,100.0,1.0,100.0,1.0,100.0,1.0,100.0
1,"(1, np.float64(100.0))","(1, np.float64(100.0))","(1, np.float64(100.0))","(1, np.float64(100.0))","(1, np.float64(100.0))","(1, np.float64(99.99))","(1, np.float64(100.0))","(1, np.float64(100.0))",1.0,100.0,1.0,100.0,1.0,100.0,1.0,100.0,1.0,100.0,1.0,99.99,1.0,100.0,1.0,100.0
0,,,,,,,,,,,,,,,,,,,,,,,,
1,"(1, np.float64(100.0))","(1, np.float64(100.0))","(1, np.float64(100.0))","(1, np.float64(100.0))","(1, np.float64(100.0))","(1, np.float64(100.0))","(1, np.float64(100.0))","(1, np.float64(100.0))",1.0,100.0,1.0,100.0,1.0,100.0,1.0,100.0,1.0,100.0,1.0,100.0,1.0,100.0,1.0,100.0
1,"(1, np.float64(100.0))","(1, np.float64(99.99))","(1, np.float64(99.99))","(1, np.float64(99.97))","(1, np.float64(99.92))","(1, np.float64(99.98))","(1, np.float64(100.0))","(1, np.float64(100.0))",1.0,100.0,1.0,99.99,1.0,99.99,1.0,99.97,1.0,99.92,1.0,99.98,1.0,100.0,1.0,100.0
1,"(1, np.float64(99.48))","(1, np.float64(99.92))","(1, np.float64(99.99))","(1, np.float64(99.97))","(1, np.float64(99.99))","(1, np.float64(100.0))","(1, np.float64(100.0))","(1, np.float64(100.0))",1.0,99.48,1.0,99.92,1.0,99.99,1.0,99.97,1.0,99.99,1.0,100.0,1.0,100.0,1.0,100.0
0,,,,,,,,,,,,,,,,,,,,,,,,
1,"(1, np.float64(100.0))","(1, np.float64(100.0))","(1, np.float64(100.0))","(1, np.float64(100.0))","(1, np.float64(100.0))","(1, np.float64(100.0))","(1, np.float64(100.0))","(1, np.float64(99.99))",1.0,100.0,1.0,100.0,1.0,100.0,1.0,100.0,1.0,100.0,1.0,100.0,1.0,100.0,1.0,99.99
1,"(1, np.float64(99.99))","(1, np.float64(99.99))","(1, np.float64(99.98))","(1, np.float64(99.96))","(1, np.float64(99.95))","(1, np.float64(99.83))","(1, np.float64(100.0))","(1, np.float64(99.99))",1.0,99.99,1.0,99.99,1.0,99.98,1.0,99.96,1.0,99.95,1.0,99.83,1.0,100.0,1.0,99.99
1,"(1, np.float64(100.0))","(1, np.float64(100.0))","(1, np.float64(100.0))","(1, np.float64(100.0))","(1, np.float64(100.0))","(1, np.float64(100.0))","(1, np.float64(100.0))","(1, np.float64(100.0))",1.0,100.0,1.0,100.0,1.0,100.0,1.0,100.0,1.0,100.0,1.0,100.0,1.0,100.0,1.0,100.0
1,"(1, np.float64(100.0))","(1, np.float64(100.0))","(1, np.float64(100.0))","(1, np.float64(100.0))","(1, np.float64(100.0))","(1, np.float64(99.99))","(1, np.float64(100.0))","(1, np.float64(100.0))",1.0,100.0,1.0,100.0,1.0,100.0,1.0,100.0,1.0,100.0,1.0,99.99,1.0,100.0,1.0,100.0
1,"(1, np.float64(99.96))","(1, np.float64(99.96))","(1, np.float64(99.76))","(1, np.float64(98.21))","(1, np.float64(98.57))","(1, np.float64(99.59))","(1, np.float64(100.0))","(1, np.float64(100.0))",1.0,99.96,1.0,99.96,1.0,99.76,1.0,98.21,1.0,98.57,1.0,99.59,1.0,100.0,1.0,100.0
1,"(1, np.float64(100.0))","(1, np.float64(100.0))","(1, np.float64(100.0))","(1, np.float64(100.0))","(1, np.float64(100.0))","(1, np.float64(100.0))","(1, np.float64(100.0))","(1, np.float64(99.98))",1.0,100.0,1.0,100.0,1.0,100.0,1.0,100.0,1.0,100.0,1.0,100.0,1.0,100.0,1.0,99.98
0,,,,,,,,,,,,,,,,,,,,,,,,
1,"(1, np.float64(100.0))","(1, np.float64(100.0))","(1, np.float64(100.0))","(1, np.float64(100.0))","(1, np.float64(100.0))","(1, np.float64(100.0))","(1, np.float64(100.0))","(1, np.float64(100.0))",1.0,100.0,1.0,100.0,1.0,100.0,1.0,100.0,1.0,100.0,1.0,100.0,1.0,100.0,1.0,100.0
1,"(1, np.float64(100.0))","(1, np.float64(100.0))","(1, np.float64(100.0))","(1, np.float64(100.0))","(1, np.float64(100.0))","(1, np.float64(100.0))","(1, np.float64(100.0))","(1, np.float64(100.0))",1.0,100.0,1.0,100.0,1.0,100.0,1.0,100.0,1.0,100.0,1.0,100.0,1.0,100.0,1.0,100.0
0,,,,,,,,,,,,,,,,,,,,,,,,
1,"(1, np.float64(99.91))","(1, np.float64(100.0))","(1, np.float64(100.0))","(1, np.float64(100.0))","(1, np.float64(100.0))","(1, np.float64(100.0))","(1, np.float64(100.0))","(1, np.float64(100.0))",1.0,99.91,1.0,100.0,1.0,100.0,1.0,100.0,1.0,100.0,1.0,100.0,1.0,100.0,1.0,100.0
0,,,,,,,,,,,,,,,,,,,,,,,,
1,"(1, np.float64(100.0))","(1, np.float64(100.0))","(1, np.float64(100.0))","(1, np.float64(99.95))","(1, np.float64(99.97))","(1, np.float64(99.99))","(1, np.float64(100.0))","(1, np.float64(100.0))",1.0,100.0,1.0,100.0,1.0,100.0,1.0,99.95,1.0,99.97,1.0,99.99,1.0,100.0,1.0,100.0
1,"(1, np.float64(100.0))","(1, np.float64(100.0))","(1, np.float64(100.0))","(1, np.float64(100.0))","(1, np.float64(100.0))","(1, np.float64(100.0))","(1, np.float64(100.0))","(1, np.float64(100.0))",1.0,100.0,1.0,100.0,1.0,100.0,1.0,100.0,1.0,100.0,1.0,100.0,1.0,100.0,1.0,100.0
1,"(0, np.float64(99.97))","(0, np.float64(98.36))","(1, np.float64(97.19))","(0, np.float64(98.95))","(1, np.float64(97.74))","(0, np.float64(99.68))","(0, np.float64(99.85))","(0, np.float64(97.25))",0.0,99.97,0.0,98.36,1.0,97.19,0.0,98.95,1.0,97.74,0.0,99.68,0.0,99.85,0.0,97.25
0,,,,,,,,,,,,,,,,,,,,,,,,
1,"(1, np.float64(100.0))","(1, np.float64(100.0))","(1, np.float64(100.0))","(1, np.float64(100.0))","(1, np.float64(100.0))","(1, np.float64(100.0))","(1, np.float64(100.0))","(1, np.float64(100.0))",1.0,100.0,1.0,100.0,1.0,100.0,1.0,100.0,1.0,100.0,1.0,100.0,1.0,100.0,1.0,100.0
1,"(1, np.float64(100.0))","(1, np.float64(100.0))","(1, np.float64(100.0))","(1, np.float64(100.0))","(1, np.float64(99.99))","(1, np.float64(99.97))","(1, np.float64(100.0))","(1, np.float64(100.0))",1.0,100.0,1.0,100.0,1.0,100.0,1.0,100.0,1.0,99.99,1.0,99.97,1.0,100.0,1.0,100.0
1,"(1, np.float64(100.0))","(1, np.float64(100.0))","(1, np.float64(100.0))","(1, np.float64(100.0))","(1, np.float64(100.0))","(1, np.float64(100.0))","(1, np.float64(100.0))","(1, np.float64(100.0))",1.0,100.0,1.0,100.0,1.0,100.0,1.0,100.0,1.0,100.0,1.0,100.0,1.0,100.0,1.0,100.0
1,"(1, np.float64(99.98))","(1, np.float64(99.97))","(1, np.float64(99.89))","(0, np.float64(97.92))","(1, np.float64(100.0))","(1, np.float64(99.99))","(1, np.float64(100.0))","(1, np.float64(99.96))",1.0,99.98,1.0,99.97,1.0,99.89,0.0,97.92,1.0,100.0,1.0,99.99,1.0,100.0,1.0,99.96
1,"(1, np.float64(100.0))","(1, np.float64(100.0))","(1, np.float64(100.0))","(1, np.float64(100.0))","(1, np.float64(100.0))","(1, np.float64(100.0))","(1, np.float64(100.0))","(1, np.float64(100.0))",1.0,100.0,1.0,100.0,1.0,100.0,1.0,100.0,1.0,100.0,1.0,100.0,1.0,100.0,1.0,100.0
1,"(1, np.float64(100.0))","(1, np.float64(100.0))","(1, np.float64(100.0))","(1, np.float64(100.0))","(1, np.float64(100.0))","(1, np.float64(100.0))","(1, np.float64(100.0))","(1, np.float64(100.0))",1.0,100.0,1.0,100.0,1.0,100.0,1.0,100.0,1.0,100.0,1.0,100.0,1.0,100.0,1.0,100.0
1,"(1, np.float64(100.0))","(1, np.float64(100.0))","(1, np.float64(100.0))","(1, np.float64(99.99))","(1, np.float64(99.98))","(1, np.float64(99.98))","(1, np.float64(99.98))","(1, np.float64(99.94))",1.0,100.0,1.0,100.0,1.0,100.0,1.0,99.99,1.0,99.98,1.0,99.98,1.0,99.98,1.0,99.94
1,"(1, np.float64(99.87))","(1, np.float64(99.62))","(1, np.float64(99.62))","(1, np.float64(95.8))","(1, np.float64(94.4))","(1, np.float64(100.0))","(1, np.float64(100.0))","(1, np.float64(100.0))",1.0,99.87,1.0,99.62,1.0,99.62,1.0,95.8,1.0,94.4,1.0,100.0,1.0,100.0,1.0,100.0
1,"(1, np.float64(100.0))","(1, np.float64(100.0))","(1, np.float64(100.0))","(1, np.float64(100.0))","(1, np.float64(100.0))","(1, np.float64(100.0))","(1, np.float64(100.0))","(1, np.float64(100.0))",1.0,100.0,1.0,100.0,1.0,100.0,1.0,100.0,1.0,100.0,1.0,100.0,1.0,100.0,1.0,100.0
1,"(1, np.float64(93.1))","(0, np.float64(95.26))","(1, np.float64(98.6))","(1, np.float64(93.8))","(1, np.float64(96.53))","(0, np.float64(99.77))","(0, np.float64(99.52))","(1, np.float64(99.57))",1.0,93.1,0.0,95.26,1.0,98.6,1.0,93.8,1.0,96.53,0.0,99.77,0.0,99.52,1.0,99.57
1,"(1, np.float64(100.0))","(1, np.float64(100.0))","(1, np.float64(100.0))","(1, np.float64(100.0))","(1, np.float64(100.0))","(1, np.float64(99.99))","(1, np.float64(100.0))","(1, np.float64(100.0))",1.0,100.0,1.0,100.0,1.0,100.0,1.0,100.0,1.0,100.0,1.0,99.99,1.0,100.0,1.0,100.0
1,"(1, np.float64(100.0))","(1, np.float64(100.0))","(1, np.float64(100.0))","(1, np.float64(100.0))","(1, np.float64(100.0))","(1, np.float64(100.0))","(1, np.float64(100.0))","(1, np.float64(100.0))",1.0,100.0,1.0,100.0,1.0,100.0,1.0,100.0,1.0,100.0,1.0,100.0,1.0,100.0,1.0,100.0
1,"(1, np.float64(100.0))","(1, np.float64(100.0))","(1, np.float64(100.0))","(1, np.float64(100.0))","(1, np.float64(100.0))","(1, np.float64(100.0))","(1, np.float64(100.0))","(1, np.float64(100.0))",1.0,100.0,1.0,100.0,1.0,100.0,1.0,100.0,1.0,100.0,1.0,100.0,1.0,100.0,1.0,100.0
1,"(1, np.float64(100.0))","(1, np.float64(100.0))","(1, np.float64(100.0))","(1, np.float64(100.0))","(1, np.float64(100.0))","(1, np.float64(99.99))","(1, np.float64(99.99))","(1, np.float64(99.76))",1.0,100.0,1.0,100.0,1.0,100.0,1.0,100.0,1.0,100.0,1.0,99.99,1.0,99.99,1.0,99.76
0,,,,,,,,,,,,,,,,,,,,,,,,
1,"(1, np.float64(100.0))","(1, np.float64(100.0))","(1, np.float64(100.0))","(1, np.float64(100.0))","(1, np.float64(100.0))","(1, np.float64(100.0))","(1, np.float64(100.0))","(1, np.float64(100.0))",1.0,100.0,1.0,100.0,1.0,100.0,1.0,100.0,1.0,100.0,1.0,100.0,1.0,100.0,1.0,100.0
1,"(1, np.float64(99.94))","(1, np.float64(99.94))","(1, np.float64(100.0))","(1, np.float64(99.98))","(1, np.float64(100.0))","(1, np.float64(99.99))","(1, np.float64(100.0))","(1, np.float64(100.0))",1.0,99.94,1.0,99.94,1.0,100.0,1.0,99.98,1.0,100.0,1.0,99.99,1.0,100.0,1.0,100.0
0,,,,,,,,,,,,,,,,,,,,,,,,
0,,,,,,,,,,,,,,,,,,,,,,,,
1,"(0, np.float64(99.41))","(0, np.float64(97.48))","(1, np.float64(99.89))","(0, np.float64(93.99))","(1, np.float64(98.81))","(1, np.float64(100.0))","(1, np.float64(100.0))","(1, np.float64(100.0))",0.0,99.41,0.0,97.48,1.0,99.89,0.0,93.99,1.0,98.81,1.0,100.0,1.0,100.0,1.0,100.0
1,"(1, np.float64(100.0))","(1, np.float64(100.0))","(1, np.float64(100.0))","(1, np.float64(100.0))","(1, np.float64(100.0))","(1, np.float64(100.0))","(1, np.float64(100.0))","(1, np.float64(100.0))",1.0,100.0,1.0,100.0,1.0,100.0,1.0,100.0,1.0,100.0,1.0,100.0,1.0,100.0,1.0,100.0
1,"(1, np.float64(100.0))","(1, np.float64(100.0))","(1, np.float64(100.0))","(1, np.float64(100.0))","(1, np.float64(100.0))","(1, np.float64(100.0))","(1, np.float64(100.0))","(1, np.float64(100.0))",1.0,100.0,1.0,100.0,1.0,100.0,1.0,100.0,1.0,100.0,1.0,100.0,1.0,100.0,1.0,100.0
1,"(1, np.float64(100.0))","(1, np.float64(100.0))","(1, np.float64(100.0))","(1, np.float64(99.95))","(1, np.float64(99.99))","(1, np.float64(100.0))","(1, np.float64(100.0))","(1, np.float64(100.0))",1.0,100.0,1.0,100.0,1.0,100.0,1.0,99.95,1.0,99.99,1.0,100.0,1.0,100.0,1.0,100.0
1,"(1, np.float64(100.0))","(1, np.float64(100.0))","(1, np.float64(100.0))","(1, np.float64(100.0))","(1, np.float64(100.0))","(1, np.float64(100.0))","(1, np.float64(100.0))","(1, np.float64(99.99))",1.0,100.0,1.0,100.0,1.0,100.0,1.0,100.0,1.0,100.0,1.0,100.0,1.0,100.0,1.0,99.99
1,"(1, np.float64(100.0))","(1, np.float64(100.0))","(1, np.float64(100.0))","(1, np.float64(100.0))","(1, np.float64(100.0))","(1, np.float64(100.0))","(1, np.float64(100.0))","(1, np.float64(100.0))",1.0,100.0,1.0,100.0,1.0,100.0,1.0,100.0,1.0,100.0,1.0,100.0,1.0,100.0,1.0,100.0
1,"(1, np.float64(99.99))","(1, np.float64(100.0))","(1, np.float64(99.99))","(1, np.float64(99.08))","(1, np.float64(98.25))","(1, np.float64(100.0))","(1, np.float64(99.99))","(1, np.float64(99.96))",1.0,99.99,1.0,100.0,1.0,99.99,1.0,99.08,1.0,98.25,1.0,100.0,1.0,99.99,1.0,99.96
1,"(1, np.float64(100.0))","(1, np.float64(100.0))","(1, np.float64(100.0))","(1, np.float64(100.0))","(1, np.float64(100.0))","(1, np.float64(100.0))","(1, np.float64(100.0))","(1, np.float64(100.0))",1.0,100.0,1.0,100.0,1.0,100.0,1.0,100.0,1.0,100.0,1.0,100.0,1.0,100.0,1.0,100.0
1,"(1, np.float64(100.0))","(1, np.float64(100.0))","(1, np.float64(100.0))","(1, np.float64(99.92))","(1, np.float64(99.9))","(1, np.float64(99.9))","(1, np.float64(100.0))","(1, np.float64(99.9))",1.0,100.0,1.0,100.0,1.0,100.0,1.0,99.92,1.0,99.9,1.0,99.9,1.0,100.0,1.0,99.9
1,"(1, np.float64(98.12))","(1, np.float64(96.18))","(1, np.float64(97.38))","(0, np.float64(97.2))","(1, np.float64(99.98))","(1, np.float64(99.84))","(1, np.float64(100.0))","(1, np.float64(99.97))",1.0,98.12,1.0,96.18,1.0,97.38,0.0,97.2,1.0,99.98,1.0,99.84,1.0,100.0,1.0,99.97
1,"(1, np.float64(100.0))","(1, np.float64(100.0))","(1, np.float64(100.0))","(1, np.float64(100.0))","(1, np.float64(100.0))","(1, np.float64(100.0))","(1, np.float64(100.0))","(1, np.float64(100.0))",1.0,100.0,1.0,100.0,1.0,100.0,1.0,100.0,1.0,100.0,1.0,100.0,1.0,100.0,1.0,100.0
1,"(1, np.float64(100.0))","(1, np.float64(100.0))","(1, np.float64(100.0))","(1, np.float64(100.0))","(1, np.float64(99.99))","(1, np.float64(99.94))","(1, np.float64(100.0))","(1, np.float64(100.0))",1.0,100.0,1.0,100.0,1.0,100.0,1.0,100.0,1.0,99.99,1.0,99.94,1.0,100.0,1.0,100.0
1,"(1, np.float64(99.85))","(1, np.float64(97.47))","(1, np.float64(97.37))","(0, np.float64(96.25))","(1, np.float64(99.96))","(1, np.float64(98.4))","(0, np.float64(99.28))","(0, np.float64(97.7))",1.0,99.85,1.0,97.47,1.0,97.37,0.0,96.25,1.0,99.96,1.0,98.4,0.0,99.28,0.0,97.7
1,"(1, np.float64(100.0))","(1, np.float64(100.0))","(1, np.float64(100.0))","(1, np.float64(100.0))","(1, np.float64(99.99))","(1, np.float64(100.0))","(1, np.float64(100.0))","(1, np.float64(100.0))",1.0,100.0,1.0,100.0,1.0,100.0,1.0,100.0,1.0,99.99,1.0,100.0,1.0,100.0,1.0,100.0
1,"(0, np.float64(95.66))","(1, np.float64(100.0))","(1, np.float64(99.99))","(1, np.float64(100.0))","(1, np.float64(99.98))","(1, np.float64(100.0))","(1, np.float64(100.0))","(1, np.float64(100.0))",0.0,95.66,1.0,100.0,1.0,99.99,1.0,100.0,1.0,99.98,1.0,100.0,1.0,100.0,1.0,100.0
1,"(1, np.float64(100.0))","(1, np.float64(100.0))","(1, np.float64(100.0))","(1, np.float64(100.0))","(1, np.float64(100.0))","(1, np.float64(100.0))","(1, np.float64(100.0))","(1, np.float64(100.0))",1.0,100.0,1.0,100.0,1.0,100.0,1.0,100.0,1.0,100.0,1.0,100.0,1.0,100.0,1.0,100.0
1,"(1, np.float64(100.0))","(1, np.float64(100.0))","(1, np.float64(100.0))","(1, np.float64(99.99))","(1, np.float64(99.99))","(1, np.float64(100.0))","(1, np.float64(100.0))","(1, np.float64(99.99))",1.0,100.0,1.0,100.0,1.0,100.0,1.0,99.99,1.0,99.99,1.0,100.0,1.0,100.0,1.0,99.99
1,"(1, np.float64(100.0))","(1, np.float64(100.0))","(1, np.float64(100.0))","(1, np.float64(100.0))","(1, np.float64(99.99))","(1, np.float64(100.0))","(1, np.float64(100.0))","(1, np.float64(100.0))",1.0,100.0,1.0,100.0,1.0,100.0,1.0,100.0,1.0,99.99,1.0,100.0,1.0,100.0,1.0,100.0
1,"(1, np.float64(97.92))","(1, np.float64(98.95))","(1, np.float64(99.34))","(0, np.float64(96.12))","(1, np.float64(100.0))","(1, np.float64(99.99))","(1, np.float64(100.0))","(1, np.float64(99.95))",1.0,97.92,1.0,98.95,1.0,99.34,0.0,96.12,1.0,100.0,1.0,99.99,1.0,100.0,1.0,99.95
1,"(1, np.float64(99.8))","(1, np.float64(99.98))","(1, np.float64(99.92))","(0, np.float64(95.8))","(1, np.float64(99.93))","(1, np.float64(99.66))","(1, np.float64(100.0))","(1, np.float64(99.98))",1.0,99.8,1.0,99.98,1.0,99.92,0.0,95.8,1.0,99.93,1.0,99.66,1.0,100.0,1.0,99.98
1,"(1, np.float64(97.19))","(1, np.float64(97.74))","(1, np.float64(98.18))","(1, np.float64(96.54))","(1, np.float64(99.28))","(1, np.float64(98.85))","(1, np.float64(99.73))","(1, np.float64(99.71))",1.0,97.19,1.0,97.74,1.0,98.18,1.0,96.54,1.0,99.28,1.0,98.85,1.0,99.73,1.0,99.71
1,"(1, np.float64(100.0))","(1, np.float64(100.0))","(1, np.float64(100.0))","(1, np.float64(100.0))","(1, np.float64(100.0))","(1, np.float64(100.0))","(1, np.float64(100.0))","(1, np.float64(100.0))",1.0,100.0,1.0,100.0,1.0,100.0,1.0,100.0,1.0,100.0,1.0,100.0,1.0,100.0,1.0,100.0
1,"(1, np.float64(99.94))","(1, np.float64(99.9))","(1, np.float64(99.95))","(1, np.float64(98.7))","(0, np.float64(99.24))","(0, np.float64(99.46))","(0, np.float64(100.0))","(0, np.float64(99.9))",1.0,99.94,1.0,99.9,1.0,99.95,1.0,98.7,0.0,99.24,0.0,99.46,0.0,100.0,0.0,99.9
1,"(1, np.float64(100.0))","(1, np.float64(100.0))","(1, np.float64(100.0))","(1, np.float64(100.0))","(1, np.float64(100.0))","(1, np.float64(100.0))","(1, np.float64(100.0))","(1, np.float64(100.0))",1.0,100.0,1.0,100.0,1.0,100.0,1.0,100.0,1.0,100.0,1.0,100.0,1.0,100.0,1.0,100.0
1,"(1, np.float64(99.86))","(1, np.float64(99.98))","(1, np.float64(99.66))","(0, np.float64(95.75))","(1, np.float64(99.98))","(1, np.float64(100.0))","(1, np.float64(100.0))","(1, np.float64(99.99))",1.0,99.86,1.0,99.98,1.0,99.66,0.0,95.75,1.0,99.98,1.0,100.0,1.0,100.0,1.0,99.99
1,"(1, np.float64(100.0))","(1, np.float64(100.0))","(1, np.float64(100.0))","(1, np.float64(100.0))","(1, np.float64(100.0))","(1, np.float64(99.99))","(1, np.float64(100.0))","(1, np.float64(100.0))",1.0,100.0,1.0,100.0,1.0,100.0,1.0,100.0,1.0,100.0,1.0,99.99,1.0,100.0,1.0,100.0
1,"(1, np.float64(99.99))","(1, np.float64(99.99))","(1, np.float64(99.82))","(1, np.float64(95.37))","(0, np.float64(97.23))","(0, np.float64(99.21))","(1, np.float64(99.51))","(1, np.float64(99.77))",1.0,99.99,1.0,99.99,1.0,99.82,1.0,95.37,0.0,97.23,0.0,99.21,1.0,99.51,1.0,99.77
1,"(0, np.float64(97.66))","(0, np.float64(93.14))","(1, np.float64(99.92))","(1, np.float64(92.46))","(0, np.float64(95.12))","(0, np.float64(95.92))","(0, np.float64(99.98))","(0, np.float64(89.82))",0.0,97.66,0.0,93.14,1.0,99.92,1.0,92.46,0.0,95.12,0.0,95.92,0.0,99.98,0.0,89.82
0,,,,,,,,,,,,,,,,,,,,,,,,
1,"(1, np.float64(99.99))","(1, np.float64(100.0))","(1, np.float64(99.99))","(1, np.float64(99.88))","(1, np.float64(99.84))","(1, np.float64(98.98))","(1, np.float64(100.0))","(1, np.float64(99.49))",1.0,99.99,1.0,100.0,1.0,99.99,1.0,99.88,1.0,99.84,1.0,98.98,1.0,100.0,1.0,99.49
1,"(1, np.float64(100.0))","(1, np.float64(100.0))","(1, np.float64(100.0))","(1, np.float64(100.0))","(1, np.float64(100.0))","(1, np.float64(100.0))","(1, np.float64(100.0))","(1, np.float64(100.0))",1.0,100.0,1.0,100.0,1.0,100.0,1.0,100.0,1.0,100.0,1.0,100.0,1.0,100.0,1.0,100.0
1,"(1, np.float64(100.0))","(1, np.float64(100.0))","(1, np.float64(100.0))","(1, np.float64(100.0))","(1, np.float64(100.0))","(1, np.float64(100.0))","(1, np.float64(100.0))","(1, np.float64(100.0))",1.0,100.0,1.0,100.0,1.0,100.0,1.0,100.0,1.0,100.0,1.0,100.0,1.0,100.0,1.0,100.0
0,,,,,,,,,,,,,,,,,,,,,,,,
1,"(1, np.float64(100.0))","(1, np.float64(100.0))","(1, np.float64(100.0))","(1, np.float64(100.0))","(1, np.float64(100.0))","(1, np.float64(100.0))","(1, np.float64(100.0))","(1, np.float64(100.0))",1.0,100.0,1.0,100.0,1.0,100.0,1.0,100.0,1.0,100.0,1.0,100.0,1.0,100.0,1.0,100.0
1,"(1, np.float64(99.93))","(1, np.float64(99.8))","(1, np.float64(98.78))","(1, np.float64(99.71))","(1, np.float64(98.47))","(1, np.float64(99.99))","(1, np.float64(99.99))","(1, np.float64(99.85))",1.0,99.93,1.0,99.8,1.0,98.78,1.0,99.71,1.0,98.47,1.0,99.99,1.0,99.99,1.0,99.85
1,"(0, np.float64(95.75))","(1, np.float64(99.73))","(1, np.float64(98.02))","(0, np.float64(95.73))","(1, np.float64(99.48))","(1, np.float64(99.41))","(1, np.float64(99.63))","(1, np.float64(98.48))",0.0,95.75,1.0,99.73,1.0,98.02,0.0,95.73,1.0,99.48,1.0,99.41,1.0,99.63,1.0,98.48
1,"(1, np.float64(100.0))","(1, np.float64(100.0))","(1, np.float64(100.0))","(1, np.float64(100.0))","(1, np.float64(100.0))","(1, np.float64(100.0))","(1, np.float64(100.0))","(1, np.float64(100.0))",1.0,100.0,1.0,100.0,1.0,100.0,1.0,100.0,1.0,100.0,1.0,100.0,1.0,100.0,1.0,100.0
1,"(1, np.float64(100.0))","(1, np.float64(100.0))","(1, np.float64(100.0))","(1, np.float64(100.0))","(1, np.float64(100.0))","(1, np.float64(100.0))","(1, np.float64(100.0))","(1, np.float64(100.0))",1.0,100.0,1.0,100.0,1.0,100.0,1.0,100.0,1.0,100.0,1.0,100.0,1.0,100.0,1.0,100.0
1,"(1, np.float64(99.94))","(1, np.float64(100.0))","(1, np.float64(100.0))","(1, np.float64(99.98))","(1, np.float64(99.97))","(1, np.float64(99.01))","(1, np.float64(100.0))","(1, np.float64(99.97))",1.0,99.94,1.0,100.0,1.0,100.0,1.0,99.98,1.0,99.97,1.0,99.01,1.0,100.0,1.0,99.97
1,"(1, np.float64(96.63))","(1, np.float64(96.9))","(0, np.float64(97.32))","(1, np.float64(97.41))","(0, np.float64(97.3))","(0, np.float64(97.04))","(0, np.float64(98.52))","(1, np.float64(96.74))",1.0,96.63,1.0,96.9,0.0,97.32,1.0,97.41,0.0,97.3,0.0,97.04,0.0,98.52,1.0,96.74
0,,,,,,,,,,,,,,,,,,,,,,,,
1,"(1, np.float64(100.0))","(1, np.float64(100.0))","(1, np.float64(100.0))","(1, np.float64(100.0))","(1, np.float64(99.97))","(1, np.float64(100.0))","(1, np.float64(100.0))","(1, np.float64(100.0))",1.0,100.0,1.0,100.0,1.0,100.0,1.0,100.0,1.0,99.97,1.0,100.0,1.0,100.0,1.0,100.0
1,"(1, np.float64(99.99))","(1, np.float64(100.0))","(1, np.float64(100.0))","(1, np.float64(100.0))","(1, np.float64(100.0))","(1, np.float64(100.0))","(1, np.float64(100.0))","(1, np.float64(100.0))",1.0,99.99,1.0,100.0,1.0,100.0,1.0,100.0,1.0,100.0,1.0,100.0,1.0,100.0,1.0,100.0
1,"(0, np.float64(99.96))","(1, np.float64(98.98))","(0, np.float64(99.82))","(1, np.float64(99.78))","(0, np.float64(98.08))","(0, np.float64(100.0))","(0, np.float64(100.0))","(0, np.float64(100.0))",0.0,99.96,1.0,98.98,0.0,99.82,1.0,99.78,0.0,98.08,0.0,100.0,0.0,100.0,0.0,100.0
1,"(1, np.float64(100.0))","(1, np.float64(100.0))","(1, np.float64(99.99))","(1, np.float64(99.65))","(1, np.float64(99.51))","(1, np.float64(100.0))","(1, np.float64(100.0))","(1, np.float64(99.99))",1.0,100.0,1.0,100.0,1.0,99.99,1.0,99.65,1.0,99.51,1.0,100.0,1.0,100.0,1.0,99.99
1,"(1, np.float64(100.0))","(1, np.float64(100.0))","(1, np.float64(100.0))","(1, np.float64(100.0))","(1, np.float64(100.0))","(1, np.float64(100.0))","(1, np.float64(100.0))","(1, np.float64(100.0))",1.0,100.0,1.0,100.0,1.0,100.0,1.0,100.0,1.0,100.0,1.0,100.0,1.0,100.0,1.0,100.0
1,"(1, np.float64(100.0))","(1, np.float64(100.0))","(1, np.float64(100.0))","(1, np.float64(100.0))","(1, np.float64(100.0))","(1, np.float64(100.0))","(1, np.float64(100.0))","(1, np.float64(100.0))",1.0,100.0,1.0,100.0,1.0,100.0,1.0,100.0,1.0,100.0,1.0,100.0,1.0,100.0,1.0,100.0
1,"(1, np.float64(99.98))","(1, np.float64(100.0))","(1, np.float64(99.99))","(1, np.float64(98.8))","(1, np.float64(99.12))","(1, np.float64(99.99))","(1, np.float64(100.0))","(1, np.float64(100.0))",1.0,99.98,1.0,100.0,1.0,99.99,1.0,98.8,1.0,99.12,1.0,99.99,1.0,100.0,1.0,100.0
0,,,,,,,,,,,,,,,,,,,,,,,,
0,,,,,,,,,,,,,,,,,,,,,,,,
1,"(0, np.float64(95.17))","(1, np.float64(99.98))","(0, np.float64(99.79))","(1, np.float64(99.98))","(0, np.float64(99.5))","(1, np.float64(99.02))","(1, np.float64(99.9))","(1, np.float64(96.55))",0.0,95.17,1.0,99.98,0.0,99.79,1.0,99.98,0.0,99.5,1.0,99.02,1.0,99.9,1.0,96.55
1,"(1, np.float64(100.0))","(1, np.float64(100.0))","(1, np.float64(100.0))","(1, np.float64(100.0))","(1, np.float64(100.0))","(1, np.float64(100.0))","(1, np.float64(100.0))","(1, np.float64(100.0))",1.0,100.0,1.0,100.0,1.0,100.0,1.0,100.0,1.0,100.0,1.0,100.0,1.0,100.0,1.0,100.0
1,"(1, np.float64(100.0))","(1, np.float64(100.0))","(1, np.float64(100.0))","(1, np.float64(100.0))","(1, np.float64(100.0))","(1, np.float64(99.96))","(1, np.float64(100.0))","(1, np.float64(100.0))",1.0,100.0,1.0,100.0,1.0,100.0,1.0,100.0,1.0,100.0,1.0,99.96,1.0,100.0,1.0,100.0
1,"(1, np.float64(100.0))","(1, np.float64(100.0))","(1, np.float64(100.0))","(1, np.float64(100.0))","(1, np.float64(99.98))","(1, np.float64(99.98))","(1, np.float64(99.97))","(1, np.float64(99.78))",1.0,100.0,1.0,100.0,1.0,100.0,1.0,100.0,1.0,99.98,1.0,99.98,1.0,99.97,1.0,99.78
1,"(1, np.float64(100.0))","(1, np.float64(100.0))","(1, np.float64(100.0))","(1, np.float64(99.96))","(1, np.float64(99.98))","(1, np.float64(100.0))","(1, np.float64(100.0))","(1, np.float64(100.0))",1.0,100.0,1.0,100.0,1.0,100.0,1.0,99.96,1.0,99.98,1.0,100.0,1.0,100.0,1.0,100.0
1,"(1, np.float64(100.0))","(1, np.float64(100.0))","(1, np.float64(79.05))","(1, np.float64(90.55))","(1, np.float64(93.31))","(1, np.float64(90.35))","(1, np.float64(94.2))","(1, np.float64(94.05))",1.0,100.0,1.0,100.0,1.0,79.05,1.0,90.55,1.0,93.31,1.0,90.35,1.0,94.2,1.0,94.05
1,"(1, np.float64(100.0))","(1, np.float64(100.0))","(1, np.float64(100.0))","(1, np.float64(100.0))","(1, np.float64(100.0))","(1, np.float64(99.99))","(1, np.float64(100.0))","(1, np.float64(100.0))",1.0,100.0,1.0,100.0,1.0,100.0,1.0,100.0,1.0,100.0,1.0,99.99,1.0,100.0,1.0,100.0
1,"(1, np.float64(100.0))","(1, np.float64(100.0))","(1, np.float64(100.0))","(1, np.float64(100.0))","(1, np.float64(100.0))","(1, np.float64(99.99))","(1, np.float64(100.0))","(1, np.float64(99.99))",1.0,100.0,1.0,100.0,1.0,100.0,1.0,100.0,1.0,100.0,1.0,99.99,1.0,100.0,1.0,99.99
1,"(1, np.float64(99.96))","(1, np.float64(99.92))","(1, np.float64(99.52))","(0, np.float64(96.06))","(1, np.float64(99.91))","(1, np.float64(99.95))","(1, np.float64(100.0))","(1, np.float64(99.97))",1.0,99.96,1.0,99.92,1.0,99.52,0.0,96.06,1.0,99.91,1.0,99.95,1.0,100.0,1.0,99.97
1,"(1, np.float64(100.0))","(1, np.float64(100.0))","(1, np.float64(100.0))","(1, np.float64(100.0))","(1, np.float64(100.0))","(1, np.float64(99.99))","(1, np.float64(100.0))","(1, np.float64(100.0))",1.0,100.0,1.0,100.0,1.0,100.0,1.0,100.0,1.0,100.0,1.0,99.99,1.0,100.0,1.0,100.0
1,"(1, np.float64(100.0))","(1, np.float64(100.0))","(1, np.float64(100.0))","(1, np.float64(99.93))","(1, np.float64(99.99))","(1, np.float64(100.0))","(1, np.float64(100.0))","(1, np.float64(100.0))",1.0,100.0,1.0,100.0,1.0,100.0,1.0,99.93,1.0,99.99,1.0,100.0,1.0,100.0,1.0,100.0
1,"(1, np.float64(97.78))","(1, np.float64(96.9))","(0, np.float64(98.6))","(1, np.float64(98.58))","(0, np.float64(98.87))","(0, np.float64(94.87))","(0, np.float64(99.12))","(0, np.float64(94.34))",1.0,97.78,1.0,96.9,0.0,98.6,1.0,98.58,0.0,98.87,0.0,94.87,0.0,99.12,0.0,94.34
1,"(1, np.float64(100.0))","(1, np.float64(100.0))","(1, np.float64(100.0))","(1, np.float64(100.0))","(1, np.float64(100.0))","(1, np.float64(100.0))","(1, np.float64(100.0))","(1, np.float64(100.0))",1.0,100.0,1.0,100.0,1.0,100.0,1.0,100.0,1.0,100.0,1.0,100.0,1.0,100.0,1.0,100.0
1,"(1, np.float64(99.95))","(1, np.float64(99.99))","(1, np.float64(99.97))","(1, np.float64(96.58))","(1, np.float64(98.59))","(1, np.float64(100.0))","(1, np.float64(100.0))","(1, np.float64(99.99))",1.0,99.95,1.0,99.99,1.0,99.97,1.0,96.58,1.0,98.59,1.0,100.0,1.0,100.0,1.0,99.99
1,"(1, np.float64(100.0))","(1, np.float64(100.0))","(1, np.float64(100.0))","(1, np.float64(100.0))","(1, np.float64(100.0))","(1, np.float64(100.0))","(1, np.float64(100.0))","(1, np.float64(100.0))",1.0,100.0,1.0,100.0,1.0,100.0,1.0,100.0,1.0,100.0,1.0,100.0,1.0,100.0,1.0,100.0
0,,,,,,,,,,,,,,,,,,,,,,,,
1,"(1, np.float64(100.0))","(1, np.float64(100.0))","(1, np.float64(100.0))","(1, np.float64(100.0))","(1, np.float64(100.0))","(1, np.float64(99.99))","(1, np.float64(100.0))","(1, np.float64(100.0))",1.0,100.0,1.0,100.0,1.0,100.0,1.0,100.0,1.0,100.0,1.0,99.99,1.0,100.0,1.0,100.0
1,"(1, np.float64(100.0))","(1, np.float64(100.0))","(1, np.float64(100.0))","(1, np.float64(100.0))","(1, np.float64(100.0))","(1, np.float64(99.99))","(1, np.float64(100.0))","(1, np.float64(100.0))",1.0,100.0,1.0,100.0,1.0,100.0,1.0,100.0,1.0,100.0,1.0,99.99,1.0,100.0,1.0,100.0
1,"(1, np.float64(100.0))","(1, np.float64(100.0))","(1, np.float64(100.0))","(1, np.float64(100.0))","(1, np.float64(100.0))","(1, np.float64(100.0))","(1, np.float64(100.0))","(1, np.float64(100.0))",1.0,100.0,1.0,100.0,1.0,100.0,1.0,100.0,1.0,100.0,1.0,100.0,1.0,100.0,1.0,100.0
0,,,,,,,,,,,,,,,,,,,,,,,,
1,"(1, np.float64(100.0))","(1, np.float64(100.0))","(1, np.float64(100.0))","(1, np.float64(100.0))","(1, np.float64(100.0))","(1, np.float64(100.0))","(1, np.float64(100.0))","(1, np.float64(100.0))",1.0,100.0,1.0,100.0,1.0,100.0,1.0,100.0,1.0,100.0,1.0,100.0,1.0,100.0,1.0,100.0
1,"(1, np.float64(100.0))","(1, np.float64(100.0))","(1, np.float64(100.0))","(1, np.float64(100.0))","(1, np.float64(100.0))","(1, np.float64(100.0))","(1, np.float64(100.0))","(1, np.float64(100.0))",1.0,100.0,1.0,100.0,1.0,100.0,1.0,100.0,1.0,100.0,1.0,100.0,1.0,100.0,1.0,100.0
0,,,,,,,,,,,,,,,,,,,,,,,,
1,"(0, np.float64(99.95))","(0, np.float64(99.33))","(1, np.float64(99.02))","(0, np.float64(99.99))","(0, np.float64(99.66))","(0, np.float64(99.47))","(0, np.float64(99.04))","(1, np.float64(99.56))",0.0,99.95,0.0,99.33,1.0,99.02,0.0,99.99,0.0,99.66,0.0,99.47,0.0,99.04,1.0,99.56
1,"(1, np.float64(99.88))","(1, np.float64(99.99))","(1, np.float64(97.66))","(1, np.float64(97.12))","(0, np.float64(96.12))","(1, np.float64(99.64))","(0, np.float64(97.92))","(1, np.float64(98.14))",1.0,99.88,1.0,99.99,1.0,97.66,1.0,97.12,0.0,96.12,1.0,99.64,0.0,97.92,1.0,98.14
1,"(1, np.float64(100.0))","(1, np.float64(100.0))","(1, np.float64(100.0))","(1, np.float64(100.0))","(1, np.float64(100.0))","(1, np.float64(100.0))","(1, np.float64(100.0))","(1, np.float64(100.0))",1.0,100.0,1.0,100.0,1.0,100.0,1.0,100.0,1.0,100.0,1.0,100.0,1.0,100.0,1.0,100.0
0,,,,,,,,,,,,,,,,,,,,,,,,
1,"(1, np.float64(100.0))","(1, np.float64(99.59))","(1, np.float64(99.64))","(0, np.float64(95.73))","(1, np.float64(99.83))","(1, np.float64(99.91))","(1, np.float64(100.0))","(1, np.float64(99.99))",1.0,100.0,1.0,99.59,1.0,99.64,0.0,95.73,1.0,99.83,1.0,99.91,1.0,100.0,1.0,99.99
1,"(1, np.float64(98.63))","(1, np.float64(99.98))","(1, np.float64(99.45))","(1, np.float64(98.51))","(1, np.float64(99.26))","(1, np.float64(99.96))","(1, np.float64(100.0))","(1, np.float64(99.99))",1.0,98.63,1.0,99.98,1.0,99.45,1.0,98.51,1.0,99.26,1.0,99.96,1.0,100.0,1.0,99.99
1,"(1, np.float64(100.0))","(1, np.float64(100.0))","(1, np.float64(100.0))","(1, np.float64(100.0))","(1, np.float64(100.0))","(1, np.float64(100.0))","(1, np.float64(100.0))","(1, np.float64(100.0))",1.0,100.0,1.0,100.0,1.0,100.0,1.0,100.0,1.0,100.0,1.0,100.0,1.0,100.0,1.0,100.0
1,"(0, np.float64(97.23))","(1, np.float64(99.99))","(1, np.float64(97.14))","(0, np.float64(99.77))","(1, np.float64(99.85))","(1, np.float64(99.99))","(1, np.float64(100.0))","(1, np.float64(99.98))",0.0,97.23,1.0,99.99,1.0,97.14,0.0,99.77,1.0,99.85,1.0,99.99,1.0,100.0,1.0,99.98
1,"(1, np.float64(100.0))","(1, np.float64(100.0))","(1, np.float64(100.0))","(1, np.float64(100.0))","(1, np.float64(100.0))","(1, np.float64(100.0))","(1, np.float64(100.0))","(1, np.float64(100.0))",1.0,100.0,1.0,100.0,1.0,100.0,1.0,100.0,1.0,100.0,1.0,100.0,1.0,100.0,1.0,100.0
1,"(1, np.float64(96.54))","(1, np.float64(98.08))","(0, np.float64(96.85))","(1, np.float64(100.0))","(1, np.float64(99.69))","(1, np.float64(100.0))","(1, np.float64(100.0))","(1, np.float64(99.97))",1.0,96.54,1.0,98.08,0.0,96.85,1.0,100.0,1.0,99.69,1.0,100.0,1.0,100.0,1.0,99.97
1,"(1, np.float64(99.99))","(1, np.float64(100.0))","(1, np.float64(100.0))","(1, np.float64(99.58))","(1, np.float64(98.02))","(1, np.float64(99.99))","(1, np.float64(100.0))","(1, np.float64(99.99))",1.0,99.99,1.0,100.0,1.0,100.0,1.0,99.58,1.0,98.02,1.0,99.99,1.0,100.0,1.0,99.99
1,"(0, np.float64(95.66))","(1, np.float64(100.0))","(1, np.float64(99.98))","(1, np.float64(99.52))","(0, np.float64(96.04))","(1, np.float64(99.49))","(1, np.float64(99.99))","(1, np.float64(99.21))",0.0,95.66,1.0,100.0,1.0,99.98,1.0,99.52,0.0,96.04,1.0,99.49,1.0,99.99,1.0,99.21
0,,,,,,,,,,,,,,,,,,,,,,,,
1,"(1, np.float64(99.98))","(1, np.float64(99.44))","(1, np.float64(99.44))","(1, np.float64(95.97))","(0, np.float64(99.37))","(1, np.float64(99.98))","(1, np.float64(100.0))","(1, np.float64(99.99))",1.0,99.98,1.0,99.44,1.0,99.44,1.0,95.97,0.0,99.37,1.0,99.98,1.0,100.0,1.0,99.99
0,,,,,,,,,,,,,,,,,,,,,,,,
1,"(1, np.float64(100.0))","(1, np.float64(100.0))","(1, np.float64(100.0))","(1, np.float64(100.0))","(1, np.float64(100.0))","(1, np.float64(100.0))","(1, np.float64(100.0))","(1, np.float64(100.0))",1.0,100.0,1.0,100.0,1.0,100.0,1.0,100.0,1.0,100.0,1.0,100.0,1.0,100.0,1.0,100.0
0,,,,,,,,,,,,,,,,,,,,,,,,
1,"(1, np.float64(100.0))","(1, np.float64(100.0))","(1, np.float64(100.0))","(1, np.float64(100.0))","(1, np.float64(100.0))","(1, np.float64(100.0))","(1, np.float64(100.0))","(1, np.float64(100.0))",1.0,100.0,1.0,100.0,1.0,100.0,1.0,100.0,1.0,100.0,1.0,100.0,1.0,100.0,1.0,100.0
1,"(0, np.float64(99.97))","(0, np.float64(98.33))","(1, np.float64(99.79))","(0, np.float64(98.65))","(1, np.float64(99.51))","(1, np.float64(99.97))","(0, np.float64(97.03))","(1, np.float64(99.38))",0.0,99.97,0.0,98.33,1.0,99.79,0.0,98.65,1.0,99.51,1.0,99.97,0.0,97.03,1.0,99.38
1,"(1, np.float64(100.0))","(1, np.float64(100.0))","(1, np.float64(100.0))","(1, np.float64(100.0))","(1, np.float64(100.0))","(1, np.float64(100.0))","(1, np.float64(100.0))","(1, np.float64(100.0))",1.0,100.0,1.0,100.0,1.0,100.0,1.0,100.0,1.0,100.0,1.0,100.0,1.0,100.0,1.0,100.0
1,"(1, np.float64(100.0))","(1, np.float64(100.0))","(1, np.float64(100.0))","(1, np.float64(100.0))","(1, np.float64(100.0))","(1, np.float64(100.0))","(1, np.float64(100.0))","(1, np.float64(100.0))",1.0,100.0,1.0,100.0,1.0,100.0,1.0,100.0,1.0,100.0,1.0,100.0,1.0,100.0,1.0,100.0
1,"(1, np.float64(100.0))","(1, np.float64(100.0))","(1, np.float64(100.0))","(1, np.float64(99.67))","(1, np.float64(99.8))","(1, np.float64(99.97))","(1, np.float64(99.99))","(1, np.float64(99.95))",1.0,100.0,1.0,100.0,1.0,100.0,1.0,99.67,1.0,99.8,1.0,99.97,1.0,99.99,1.0,99.95
1,"(1, np.float64(100.0))","(1, np.float64(100.0))","(1, np.float64(100.0))","(1, np.float64(100.0))","(1, np.float64(100.0))","(1, np.float64(100.0))","(1, np.float64(100.0))","(1, np.float64(100.0))",1.0,100.0,1.0,100.0,1.0,100.0,1.0,100.0,1.0,100.0,1.0,100.0,1.0,100.0,1.0,100.0
1,"(1, np.float64(94.73))","(1, np.float64(97.13))","(1, np.float64(99.74))","(1, np.float64(95.17))","(1, np.float64(98.48))","(1, np.float64(99.89))","(1, np.float64(100.0))","(1, np.float64(99.97))",1.0,94.73,1.0,97.13,1.0,99.74,1.0,95.17,1.0,98.48,1.0,99.89,1.0,100.0,1.0,99.97
1,"(1, np.float64(99.99))","(1, np.float64(99.97))","(1, np.float64(99.83))","(0, np.float64(98.08))","(1, np.float64(99.78))","(1, np.float64(100.0))","(1, np.float64(100.0))","(1, np.float64(100.0))",1.0,99.99,1.0,99.97,1.0,99.83,0.0,98.08,1.0,99.78,1.0,100.0,1.0,100.0,1.0,100.0
1,"(1, np.float64(99.72))","(1, np.float64(99.44))","(1, np.float64(96.54))","(0, np.float64(99.99))","(1, np.float64(97.46))","(1, np.float64(100.0))","(1, np.float64(100.0))","(1, np.float64(100.0))",1.0,99.72,1.0,99.44,1.0,96.54,0.0,99.99,1.0,97.46,1.0,100.0,1.0,100.0,1.0,100.0
1,"(1, np.float64(100.0))","(1, np.float64(100.0))","(1, np.float64(100.0))","(1, np.float64(100.0))","(1, np.float64(100.0))","(1, np.float64(100.0))","(1, np.float64(100.0))","(1, np.float64(100.0))",1.0,100.0,1.0,100.0,1.0,100.0,1.0,100.0,1.0,100.0,1.0,100.0,1.0,100.0,1.0,100.0
0,,,,,,,,,,,,,,,,,,,,,,,,
0,,,,,,,,,,,,,,,,,,,,,,,,
1,"(1, np.float64(99.73))","(1, np.float64(99.99))","(1, np.float64(99.96))","(1, np.float64(96.37))","(1, np.float64(99.55))","(1, np.float64(99.99))","(1, np.float64(100.0))","(1, np.float64(100.0))",1.0,99.73,1.0,99.99,1.0,99.96,1.0,96.37,1.0,99.55,1.0,99.99,1.0,100.0,1.0,100.0
1,"(1, np.float64(100.0))","(1, np.float64(100.0))","(1, np.float64(100.0))","(1, np.float64(100.0))","(1, np.float64(100.0))","(1, np.float64(100.0))","(1, np.float64(100.0))","(1, np.float64(100.0))",1.0,100.0,1.0,100.0,1.0,100.0,1.0,100.0,1.0,100.0,1.0,100.0,1.0,100.0,1.0,100.0
1,"(1, np.float64(99.98))","(1, np.float64(99.99))","(1, np.float64(99.05))","(1, np.float64(97.66))","(0, np.float64(97.62))","(1, np.float64(99.63))","(1, np.float64(99.98))","(1, np.float64(99.95))",1.0,99.98,1.0,99.99,1.0,99.05,1.0,97.66,0.0,97.62,1.0,99.63,1.0,99.98,1.0,99.95
1,"(0, np.float64(99.77))","(0, np.float64(97.22))","(1, np.float64(97.51))","(0, np.float64(99.02))","(0, np.float64(92.4))","(0, np.float64(99.95))","(0, np.float64(100.0))","(0, np.float64(99.89))",0.0,99.77,0.0,97.22,1.0,97.51,0.0,99.02,0.0,92.4,0.0,99.95,0.0,100.0,0.0,99.89
1,"(1, np.float64(100.0))","(1, np.float64(100.0))","(1, np.float64(100.0))","(1, np.float64(100.0))","(1, np.float64(100.0))","(1, np.float64(100.0))","(1, np.float64(100.0))","(1, np.float64(100.0))",1.0,100.0,1.0,100.0,1.0,100.0,1.0,100.0,1.0,100.0,1.0,100.0,1.0,100.0,1.0,100.0
1,"(1, np.float64(99.92))","(1, np.float64(100.0))","(1, np.float64(100.0))","(1, np.float64(97.92))","(1, np.float64(97.92))","(1, np.float64(100.0))","(1, np.float64(100.0))","(1, np.float64(100.0))",1.0,99.92,1.0,100.0,1.0,100.0,1.0,97.92,1.0,97.92,1.0,100.0,1.0,100.0,1.0,100.0
1,"(1, np.float64(100.0))","(1, np.float64(100.0))","(1, np.float64(100.0))","(1, np.float64(100.0))","(1, np.float64(100.0))","(1, np.float64(100.0))","(1, np.float64(100.0))","(1, np.float64(100.0))",1.0,100.0,1.0,100.0,1.0,100.0,1.0,100.0,1.0,100.0,1.0,100.0,1.0,100.0,1.0,100.0
1,"(1, np.float64(97.23))","(1, np.float64(95.8))","(0, np.float64(94.4))","(1, np.float64(99.92))","(1, np.float64(96.58))","(1, np.float64(99.62))","(1, np.float64(100.0))","(1, np.float64(99.98))",1.0,97.23,1.0,95.8,0.0,94.4,1.0,99.92,1.0,96.58,1.0,99.62,1.0,100.0,1.0,99.98
0,,,,,,,,,,,,,,,,,,,,,,,,
1,"(1, np.float64(99.95))","(1, np.float64(99.98))","(1, np.float64(99.8))","(1, np.float64(96.2))","(1, np.float64(97.79))","(1, np.float64(100.0))","(1, np.float64(100.0))","(1, np.float64(99.81))",1.0,99.95,1.0,99.98,1.0,99.8,1.0,96.2,1.0,97.79,1.0,100.0,1.0,100.0,1.0,99.81
1,"(1, np.float64(96.58))","(0, np.float64(92.28))","(1, np.float64(98.08))","(0, np.float64(99.95))","(0, np.float64(95.5))","(0, np.float64(98.56))","(0, np.float64(99.98))","(0, np.float64(98.54))",1.0,96.58,0.0,92.28,1.0,98.08,0.0,99.95,0.0,95.5,0.0,98.56,0.0,99.98,0.0,98.54
1,"(1, np.float64(100.0))","(1, np.float64(100.0))","(1, np.float64(100.0))","(1, np.float64(100.0))","(1, np.float64(100.0))","(1, np.float64(100.0))","(1, np.float64(100.0))","(1, np.float64(100.0))",1.0,100.0,1.0,100.0,1.0,100.0,1.0,100.0,1.0,100.0,1.0,100.0,1.0,100.0,1.0,100.0
1,"(1, np.float64(99.96))","(1, np.float64(100.0))","(1, np.float64(99.99))","(1, np.float64(99.95))","(1, np.float64(99.99))","(1, np.float64(100.0))","(1, np.float64(100.0))","(1, np.float64(100.0))",1.0,99.96,1.0,100.0,1.0,99.99,1.0,99.95,1.0,99.99,1.0,100.0,1.0,100.0,1.0,100.0
1,"(1, np.float64(99.71))","(1, np.float64(99.94))","(1, np.float64(99.97))","(0, np.float64(98.88))","(1, np.float64(99.99))","(1, np.float64(99.99))","(1, np.float64(100.0))","(1, np.float64(99.93))",1.0,99.71,1.0,99.94,1.0,99.97,0.0,98.88,1.0,99.99,1.0,99.99,1.0,100.0,1.0,99.93
1,"(1, np.float64(99.7))","(1, np.float64(99.64))","(1, np.float64(99.93))","(0, np.float64(98.94))","(1, np.float64(100.0))","(1, np.float64(99.99))","(1, np.float64(100.0))","(1, np.float64(99.99))",1.0,99.7,1.0,99.64,1.0,99.93,0.0,98.94,1.0,100.0,1.0,99.99,1.0,100.0,1.0,99.99
1,"(1, np.float64(100.0))","(1, np.float64(100.0))","(1, np.float64(99.44))","(1, np.float64(99.96))","(1, np.float64(99.97))","(1, np.float64(99.76))","(1, np.float64(100.0))","(1, np.float64(99.86))",1.0,100.0,1.0,100.0,1.0,99.44,1.0,99.96,1.0,99.97,1.0,99.76,1.0,100.0,1.0,99.86
1,"(1, np.float64(100.0))","(1, np.float64(100.0))","(1, np.float64(100.0))","(1, np.float64(99.99))","(1, np.float64(99.99))","(1, np.float64(98.66))","(1, np.float64(100.0))","(1, np.float64(100.0))",1.0,100.0,1.0,100.0,1.0,100.0,1.0,99.99,1.0,99.99,1.0,98.66,1.0,100.0,1.0,100.0
1,"(1, np.float64(100.0))","(1, np.float64(100.0))","(1, np.float64(100.0))","(1, np.float64(100.0))","(1, np.float64(100.0))","(1, np.float64(100.0))","(1, np.float64(100.0))","(1, np.float64(100.0))",1.0,100.0,1.0,100.0,1.0,100.0,1.0,100.0,1.0,100.0,1.0,100.0,1.0,100.0,1.0,100.0
0,,,,,,,,,,,,,,,,,,,,,,,,
1,"(1, np.float64(99.85))","(1, np.float64(99.83))","(1, np.float64(99.72))","(1, np.float64(99.54))","(1, np.float64(99.65))","(1, np.float64(99.9))","(1, np.float64(99.99))","(1, np.float64(99.91))",1.0,99.85,1.0,99.83,1.0,99.72,1.0,99.54,1.0,99.65,1.0,99.9,1.0,99.99,1.0,99.91
1,"(1, np.float64(100.0))","(1, np.float64(100.0))","(1, np.float64(100.0))","(1, np.float64(100.0))","(1, np.float64(100.0))","(1, np.float64(100.0))","(1, np.float64(100.0))","(1, np.float64(100.0))",1.0,100.0,1.0,100.0,1.0,100.0,1.0,100.0,1.0,100.0,1.0,100.0,1.0,100.0,1.0,100.0
0,,,,,,,,,,,,,,,,,,,,,,,,
0,,,,,,,,,,,,,,,,,,,,,,,,
1,"(1, np.float64(100.0))","(1, np.float64(100.0))","(1, np.float64(100.0))","(1, np.float64(100.0))","(1, np.float64(100.0))","(1, np.float64(100.0))","(1, np.float64(100.0))","(1, np.float64(100.0))",1.0,100.0,1.0,100.0,1.0,100.0,1.0,100.0,1.0,100.0,1.0,100.0,1.0,100.0,1.0,100.0
1,"(1, np.float64(99.99))","(1, np.float64(99.99))","(1, np.float64(99.99))","(1, np.float64(99.99))","(1, np.float64(99.99))","(1, np.float64(100.0))","(1, np.float64(99.99))","(1, np.float64(99.99))",1.0,99.99,1.0,99.99,1.0,99.99,1.0,99.99,1.0,99.99,1.0,100.0,1.0,99.99,1.0,99.99
1,"(1, np.float64(100.0))","(1, np.float64(100.0))","(1, np.float64(100.0))","(1, np.float64(95.8))","(1, np.float64(99.82))","(1, np.float64(99.95))","(1, np.float64(100.0))","(1, np.float64(100.0))",1.0,100.0,1.0,100.0,1.0,100.0,1.0,95.8,1.0,99.82,1.0,99.95,1.0,100.0,1.0,100.0
1,"(1, np.float64(99.99))","(1, np.float64(100.0))","(1, np.float64(100.0))","(1, np.float64(100.0))","(1, np.float64(99.99))","(1, np.float64(100.0))","(1, np.float64(100.0))","(1, np.float64(99.99))",1.0,99.99,1.0,100.0,1.0,100.0,1.0,100.0,1.0,99.99,1.0,100.0,1.0,100.0,1.0,99.99
1,"(1, np.float64(100.0))","(1, np.float64(100.0))","(1, np.float64(100.0))","(1, np.float64(100.0))","(1, np.float64(100.0))","(1, np.float64(100.0))","(1, np.float64(100.0))","(1, np.float64(99.99))",1.0,100.0,1.0,100.0,1.0,100.0,1.0,100.0,1.0,100.0,1.0,100.0,1.0,100.0,1.0,99.99
1,"(1, np.float64(99.88))","(1, np.float64(94.06))","(1, np.float64(97.74))","(0, np.float64(92.29))","(1, np.float64(99.77))","(1, np.float64(99.99))","(1, np.float64(100.0))","(1, np.float64(99.98))",1.0,99.88,1.0,94.06,1.0,97.74,0.0,92.29,1.0,99.77,1.0,99.99,1.0,100.0,1.0,99.98
1,"(1, np.float64(100.0))","(1, np.float64(100.0))","(1, np.float64(100.0))","(1, np.float64(100.0))","(1, np.float64(99.92))","(1, np.float64(97.36))","(1, np.float64(99.84))","(1, np.float64(99.76))",1.0,100.0,1.0,100.0,1.0,100.0,1.0,100.0,1.0,99.92,1.0,97.36,1.0,99.84,1.0,99.76
1,"(1, np.float64(100.0))","(1, np.float64(100.0))","(1, np.float64(100.0))","(1, np.float64(100.0))","(1, np.float64(100.0))","(1, np.float64(99.99))","(1, np.float64(100.0))","(1, np.float64(100.0))",1.0,100.0,1.0,100.0,1.0,100.0,1.0,100.0,1.0,100.0,1.0,99.99,1.0,100.0,1.0,100.0
1,"(1, np.float64(100.0))","(1, np.float64(100.0))","(1, np.float64(100.0))","(1, np.float64(100.0))","(1, np.float64(100.0))","(1, np.float64(100.0))","(1, np.float64(100.0))","(1, np.float64(100.0))",1.0,100.0,1.0,100.0,1.0,100.0,1.0,100.0,1.0,100.0,1.0,100.0,1.0,100.0,1.0,100.0
0,,,,,,,,,,,,,,,,,,,,,,,,
1,"(1, np.float64(100.0))","(1, np.float64(100.0))","(1, np.float64(100.0))","(1, np.float64(100.0))","(1, np.float64(100.0))","(1, np.float64(100.0))","(1, np.float64(100.0))","(1, np.float64(99.99))",1.0,100.0,1.0,100.0,1.0,100.0,1.0,100.0,1.0,100.0,1.0,100.0,1.0,100.0,1.0,99.99
1,"(1, np.float64(100.0))","(1, np.float64(100.0))","(1, np.float64(100.0))","(1, np.float64(100.0))","(1, np.float64(100.0))","(1, np.float64(100.0))","(1, np.float64(100.0))","(1, np.float64(100.0))",1.0,100.0,1.0,100.0,1.0,100.0,1.0,100.0,1.0,100.0,1.0,100.0,1.0,100.0,1.0,100.0
1,"(1, np.float64(100.0))","(1, np.float64(100.0))","(1, np.float64(100.0))","(1, np.float64(100.0))","(1, np.float64(100.0))","(1, np.float64(100.0))","(1, np.float64(100.0))","(1, np.float64(100.0))",1.0,100.0,1.0,100.0,1.0,100.0,1.0,100.0,1.0,100.0,1.0,100.0,1.0,100.0,1.0,100.0
1,"(1, np.float64(100.0))","(1, np.float64(100.0))","(1, np.float64(100.0))","(1, np.float64(100.0))","(1, np.float64(100.0))","(1, np.float64(100.0))","(1, np.float64(100.0))","(1, np.float64(100.0))",1.0,100.0,1.0,100.0,1.0,100.0,1.0,100.0,1.0,100.0,1.0,100.0,1.0,100.0,1.0,100.0
1,"(1, np.float64(99.94))","(1, np.float64(99.77))","(1, np.float64(98.07))","(0, np.float64(97.94))","(1, np.float64(99.99))","(1, np.float64(99.97))","(1, np.float64(100.0))","(1, np.float64(100.0))",1.0,99.94,1.0,99.77,1.0,98.07,0.0,97.94,1.0,99.99,1.0,99.97,1.0,100.0,1.0,100.0
1,"(1, np.float64(100.0))","(1, np.float64(100.0))","(1, np.float64(100.0))","(1, np.float64(100.0))","(1, np.float64(100.0))","(1, np.float64(100.0))","(1, np.float64(100.0))","(1, np.float64(100.0))",1.0,100.0,1.0,100.0,1.0,100.0,1.0,100.0,1.0,100.0,1.0,100.0,1.0,100.0,1.0,100.0
0,,,,,,,,,,,,,,,,,,,,,,,,
0,,,,,,,,,,,,,,,,,,,,,,,,
1,"(1, np.float64(99.99))","(1, np.float64(100.0))","(1, np.float64(100.0))","(1, np.float64(100.0))","(1, np.float64(100.0))","(1, np.float64(100.0))","(1, np.float64(100.0))","(1, np.float64(100.0))",1.0,99.99,1.0,100.0,1.0,100.0,1.0,100.0,1.0,100.0,1.0,100.0,1.0,100.0,1.0,100.0
1,"(1, np.float64(100.0))","(1, np.float64(100.0))","(1, np.float64(100.0))","(1, np.float64(100.0))","(1, np.float64(99.99))","(1, np.float64(98.97))","(1, np.float64(99.99))","(1, np.float64(99.76))",1.0,100.0,1.0,100.0,1.0,100.0,1.0,100.0,1.0,99.99,1.0,98.97,1.0,99.99,1.0,99.76
1,"(1, np.float64(100.0))","(1, np.float64(100.0))","(1, np.float64(100.0))","(1, np.float64(100.0))","(1, np.float64(100.0))","(1, np.float64(100.0))","(1, np.float64(100.0))","(1, np.float64(100.0))",1.0,100.0,1.0,100.0,1.0,100.0,1.0,100.0,1.0,100.0,1.0,100.0,1.0,100.0,1.0,100.0
1,"(1, np.float64(100.0))","(1, np.float64(100.0))","(1, np.float64(100.0))","(1, np.float64(100.0))","(1, np.float64(100.0))","(1, np.float64(100.0))","(1, np.float64(100.0))","(1, np.float64(100.0))",1.0,100.0,1.0,100.0,1.0,100.0,1.0,100.0,1.0,100.0,1.0,100.0,1.0,100.0,1.0,100.0
1,"(1, np.float64(100.0))","(1, np.float64(100.0))","(1, np.float64(100.0))","(1, np.float64(100.0))","(1, np.float64(100.0))","(1, np.float64(100.0))","(1, np.float64(100.0))","(1, np.float64(100.0))",1.0,100.0,1.0,100.0,1.0,100.0,1.0,100.0,1.0,100.0,1.0,100.0,1.0,100.0,1.0,100.0
0,,,,,,,,,,,,,,,,,,,,,,,,
1,"(1, np.float64(100.0))","(1, np.float64(100.0))","(1, np.float64(100.0))","(1, np.float64(100.0))","(1, np.float64(100.0))","(1, np.float64(100.0))","(1, np.float64(100.0))","(1, np.float64(100.0))",1.0,100.0,1.0,100.0,1.0,100.0,1.0,100.0,1.0,100.0,1.0,100.0,1.0,100.0,1.0,100.0
0,,,,,,,,,,,,,,,,,,,,,,,,
1,"(1, np.float64(100.0))","(1, np.float64(100.0))","(1, np.float64(100.0))","(1, np.float64(100.0))","(1, np.float64(100.0))","(1, np.float64(100.0))","(1, np.float64(100.0))","(1, np.float64(100.0))",1.0,100.0,1.0,100.0,1.0,100.0,1.0,100.0,1.0,100.0,1.0,100.0,1.0,100.0,1.0,100.0
0,,,,,,,,,,,,,,,,,,,,,,,,
1,"(0, np.float64(97.14))","(1, np.float64(99.93))","(0, np.float64(99.78))","(1, np.float64(99.99))","(0, np.float64(96.49))","(1, np.float64(99.38))","(1, np.float64(99.9))","(1, np.float64(99.79))",0.0,97.14,1.0,99.93,0.0,99.78,1.0,99.99,0.0,96.49,1.0,99.38,1.0,99.9,1.0,99.79
1,"(1, np.float64(100.0))","(1, np.float64(100.0))","(1, np.float64(100.0))","(1, np.float64(100.0))","(1, np.float64(99.99))","(1, np.float64(100.0))","(1, np.float64(100.0))","(1, np.float64(100.0))",1.0,100.0,1.0,100.0,1.0,100.0,1.0,100.0,1.0,99.99,1.0,100.0,1.0,100.0,1.0,100.0
1,"(1, np.float64(100.0))","(1, np.float64(100.0))","(1, np.float64(100.0))","(1, np.float64(100.0))","(1, np.float64(100.0))","(1, np.float64(99.99))","(1, np.float64(100.0))","(1, np.float64(100.0))",1.0,100.0,1.0,100.0,1.0,100.0,1.0,100.0,1.0,100.0,1.0,99.99,1.0,100.0,1.0,100.0
1,"(1, np.float64(100.0))","(1, np.float64(100.0))","(1, np.float64(100.0))","(1, np.float64(100.0))","(1, np.float64(100.0))","(1, np.float64(100.0))","(1, np.float64(100.0))","(1, np.float64(100.0))",1.0,100.0,1.0,100.0,1.0,100.0,1.0,100.0,1.0,100.0,1.0,100.0,1.0,100.0,1.0,100.0
1,"(1, np.float64(100.0))","(1, np.float64(100.0))","(1, np.float64(100.0))","(1, np.float64(100.0))","(1, np.float64(100.0))","(1, np.float64(100.0))","(1, np.float64(100.0))","(1, np.float64(100.0))",1.0,100.0,1.0,100.0,1.0,100.0,1.0,100.0,1.0,100.0,1.0,100.0,1.0,100.0,1.0,100.0
1,"(1, np.float64(95.22))","(1, np.float64(97.63))","(0, np.float64(94.04))","(1, np.float64(98.31))","(0, np.float64(93.95))","(0, np.float64(96.33))","(0, np.float64(96.74))","(1, np.float64(96.51))",1.0,95.22,1.0,97.63,0.0,94.04,1.0,98.31,0.0,93.95,0.0,96.33,0.0,96.74,1.0,96.51
1,"(1, np.float64(100.0))","(1, np.float64(100.0))","(1, np.float64(100.0))","(1, np.float64(100.0))","(1, np.float64(100.0))","(1, np.float64(100.0))","(1, np.float64(100.0))","(1, np.float64(100.0))",1.0,100.0,1.0,100.0,1.0,100.0,1.0,100.0,1.0,100.0,1.0,100.0,1.0,100.0,1.0,100.0
0,,,,,,,,,,,,,,,,,,,,,,,,
1,"(1, np.float64(100.0))","(1, np.float64(100.0))","(1, np.float64(100.0))","(1, np.float64(100.0))","(1, np.float64(100.0))","(1, np.float64(100.0))","(1, np.float64(100.0))","(1, np.float64(100.0))",1.0,100.0,1.0,100.0,1.0,100.0,1.0,100.0,1.0,100.0,1.0,100.0,1.0,100.0,1.0,100.0
1,"(1, np.float64(99.49))","(1, np.float64(93.65))","(0, np.float64(94.6))","(1, np.float64(99.89))","(0, np.float64(95.44))","(1, np.float64(100.0))","(1, np.float64(99.61))","(1, np.float64(96.31))",1.0,99.49,1.0,93.65,0.0,94.6,1.0,99.89,0.0,95.44,1.0,100.0,1.0,99.61,1.0,96.31
1,"(0, np.float64(99.47))","(1, np.float64(97.33))","(0, np.float64(99.69))","(0, np.float64(94.49))","(0, np.float64(95.77))","(1, np.float64(99.38))","(1, np.float64(99.87))","(0, np.float64(95.76))",0.0,99.47,1.0,97.33,0.0,99.69,0.0,94.49,0.0,95.77,1.0,99.38,1.0,99.87,0.0,95.76
1,"(1, np.float64(99.99))","(1, np.float64(99.99))","(1, np.float64(99.99))","(1, np.float64(99.56))","(1, np.float64(99.17))","(1, np.float64(100.0))","(1, np.float64(100.0))","(1, np.float64(100.0))",1.0,99.99,1.0,99.99,1.0,99.99,1.0,99.56,1.0,99.17,1.0,100.0,1.0,100.0,1.0,100.0
0,,,,,,,,,,,,,,,,,,,,,,,,
1,"(0, np.float64(99.45))","(1, np.float64(99.44))","(0, np.float64(99.95))","(1, np.float64(99.98))","(0, np.float64(98.45))","(1, np.float64(99.91))","(1, np.float64(99.9))","(0, np.float64(95.66))",0.0,99.45,1.0,99.44,0.0,99.95,1.0,99.98,0.0,98.45,1.0,99.91,1.0,99.9,0.0,95.66
1,"(1, np.float64(100.0))","(1, np.float64(100.0))","(1, np.float64(100.0))","(1, np.float64(100.0))","(1, np.float64(100.0))","(1, np.float64(100.0))","(1, np.float64(100.0))","(1, np.float64(99.99))",1.0,100.0,1.0,100.0,1.0,100.0,1.0,100.0,1.0,100.0,1.0,100.0,1.0,100.0,1.0,99.99
1,"(1, np.float64(100.0))","(1, np.float64(100.0))","(1, np.float64(100.0))","(1, np.float64(100.0))","(1, np.float64(100.0))","(1, np.float64(100.0))","(1, np.float64(100.0))","(1, np.float64(100.0))",1.0,100.0,1.0,100.0,1.0,100.0,1.0,100.0,1.0,100.0,1.0,100.0,1.0,100.0,1.0,100.0
1,"(1, np.float64(98.36))","(1, np.float64(99.71))","(1, np.float64(99.92))","(1, np.float64(99.68))","(1, np.float64(99.85))","(1, np.float64(100.0))","(1, np.float64(100.0))","(1, np.float64(100.0))",1.0,98.36,1.0,99.71,1.0,99.92,1.0,99.68,1.0,99.85,1.0,100.0,1.0,100.0,1.0,100.0
0,,,,,,,,,,,,,,,,,,,,,,,,
1,"(0, np.float64(99.06))","(1, np.float64(100.0))","(1, np.float64(99.75))","(1, np.float64(96.12))","(0, np.float64(96.72))","(1, np.float64(99.34))","(1, np.float64(99.99))","(1, np.float64(99.42))",0.0,99.06,1.0,100.0,1.0,99.75,1.0,96.12,0.0,96.72,1.0,99.34,1.0,99.99,1.0,99.42
1,"(0, np.float64(99.95))","(0, np.float64(99.99))","(0, np.float64(99.76))","(1, np.float64(99.75))","(0, np.float64(99.93))","(0, np.float64(100.0))","(0, np.float64(99.64))","(1, np.float64(95.14))",0.0,99.95,0.0,99.99,0.0,99.76,1.0,99.75,0.0,99.93,0.0,100.0,0.0,99.64,1.0,95.14
1,"(1, np.float64(100.0))","(1, np.float64(100.0))","(1, np.float64(100.0))","(1, np.float64(100.0))","(1, np.float64(100.0))","(1, np.float64(100.0))","(1, np.float64(100.0))","(1, np.float64(100.0))",1.0,100.0,1.0,100.0,1.0,100.0,1.0,100.0,1.0,100.0,1.0,100.0,1.0,100.0,1.0,100.0
1,"(1, np.float64(100.0))","(1, np.float64(100.0))","(1, np.float64(100.0))","(1, np.float64(100.0))","(1, np.float64(100.0))","(1, np.float64(100.0))","(1, np.float64(100.0))","(1, np.float64(100.0))",1.0,100.0,1.0,100.0,1.0,100.0,1.0,100.0,1.0,100.0,1.0,100.0,1.0,100.0,1.0,100.0
1,"(1, np.float64(100.0))","(1, np.float64(100.0))","(1, np.float64(100.0))","(1, np.float64(100.0))","(1, np.float64(100.0))","(1, np.float64(100.0))","(1, np.float64(100.0))","(1, np.float64(100.0))",1.0,100.0,1.0,100.0,1.0,100.0,1.0,100.0,1.0,100.0,1.0,100.0,1.0,100.0,1.0,100.0
1,"(1, np.float64(100.0))","(1, np.float64(100.0))","(1, np.float64(100.0))","(1, np.float64(100.0))","(1, np.float64(100.0))","(1, np.float64(100.0))","(1, np.float64(100.0))","(1, np.float64(100.0))",1.0,100.0,1.0,100.0,1.0,100.0,1.0,100.0,1.0,100.0,1.0,100.0,1.0,100.0,1.0,100.0
1,"(1, np.float64(100.0))","(1, np.float64(100.0))","(1, np.float64(100.0))","(1, np.float64(100.0))","(1, np.float64(100.0))","(1, np.float64(100.0))","(1, np.float64(100.0))","(1, np.float64(100.0))",1.0,100.0,1.0,100.0,1.0,100.0,1.0,100.0,1.0,100.0,1.0,100.0,1.0,100.0,1.0,100.0
1,"(1, np.float64(100.0))","(1, np.float64(100.0))","(1, np.float64(99.99))","(1, np.float64(100.0))","(1, np.float64(100.0))","(1, np.float64(99.94))","(1, np.float64(100.0))","(1, np.float64(99.99))",1.0,100.0,1.0,100.0,1.0,99.99,1.0,100.0,1.0,100.0,1.0,99.94,1.0,100.0,1.0,99.99
1,"(1, np.float64(100.0))","(1, np.float64(100.0))","(1, np.float64(100.0))","(1, np.float64(100.0))","(1, np.float64(99.99))","(1, np.float64(100.0))","(1, np.float64(100.0))","(1, np.float64(100.0))",1.0,100.0,1.0,100.0,1.0,100.0,1.0,100.0,1.0,99.99,1.0,100.0,1.0,100.0,1.0,100.0
1,"(0, np.float64(100.0))","(0, np.float64(99.99))","(0, np.float64(96.49))","(1, np.float64(98.88))","(0, np.float64(99.97))","(0, np.float64(100.0))","(0, np.float64(100.0))","(0, np.float64(99.26))",0.0,100.0,0.0,99.99,0.0,96.49,1.0,98.88,0.0,99.97,0.0,100.0,0.0,100.0,0.0,99.26
1,"(0, np.float64(96.53))","(1, np.float64(99.95))","(1, np.float64(92.08))","(0, np.float64(98.89))","(1, np.float64(98.19))","(1, np.float64(99.99))","(1, np.float64(100.0))","(1, np.float64(92.1))",0.0,96.53,1.0,99.95,1.0,92.08,0.0,98.89,1.0,98.19,1.0,99.99,1.0,100.0,1.0,92.1
1,"(1, np.float64(100.0))","(1, np.float64(100.0))","(1, np.float64(99.99))","(1, np.float64(99.7))","(1, np.float64(99.94))","(1, np.float64(100.0))","(1, np.float64(100.0))","(1, np.float64(100.0))",1.0,100.0,1.0,100.0,1.0,99.99,1.0,99.7,1.0,99.94,1.0,100.0,1.0,100.0,1.0,100.0
1,"(1, np.float64(99.87))","(1, np.float64(99.95))","(1, np.float64(98.98))","(0, np.float64(97.68))","(1, np.float64(99.99))","(1, np.float64(100.0))","(1, np.float64(100.0))","(1, np.float64(100.0))",1.0,99.87,1.0,99.95,1.0,98.98,0.0,97.68,1.0,99.99,1.0,100.0,1.0,100.0,1.0,100.0
1,"(1, np.float64(100.0))","(1, np.float64(100.0))","(1, np.float64(100.0))","(1, np.float64(100.0))","(1, np.float64(100.0))","(1, np.float64(100.0))","(1, np.float64(100.0))","(1, np.float64(100.0))",1.0,100.0,1.0,100.0,1.0,100.0,1.0,100.0,1.0,100.0,1.0,100.0,1.0,100.0,1.0,100.0
0,,,,,,,,,,,,,,,,,,,,,,,,
1,"(0, np.float64(98.88))","(1, np.float64(99.96))","(1, np.float64(96.34))","(0, np.float64(99.6))","(1, np.float64(99.53))","(0, np.float64(99.2))","(0, np.float64(99.99))","(0, np.float64(97.38))",0.0,98.88,1.0,99.96,1.0,96.34,0.0,99.6,1.0,99.53,0.0,99.2,0.0,99.99,0.0,97.38
1,"(0, np.float64(95.72))","(0, np.float64(99.39))","(1, np.float64(99.7))","(0, np.float64(99.96))","(1, np.float64(99.79))","(0, np.float64(97.48))","(1, np.float64(99.13))","(0, np.float64(99.81))",0.0,95.72,0.0,99.39,1.0,99.7,0.0,99.96,1.0,99.79,0.0,97.48,1.0,99.13,0.0,99.81
1,"(1, np.float64(100.0))","(1, np.float64(100.0))","(1, np.float64(100.0))","(1, np.float64(99.94))","(1, np.float64(99.76))","(1, np.float64(99.99))","(1, np.float64(100.0))","(1, np.float64(99.99))",1.0,100.0,1.0,100.0,1.0,100.0,1.0,99.94,1.0,99.76,1.0,99.99,1.0,100.0,1.0,99.99
1,"(1, np.float64(100.0))","(1, np.float64(100.0))","(1, np.float64(100.0))","(1, np.float64(100.0))","(1, np.float64(100.0))","(1, np.float64(99.99))","(1, np.float64(100.0))","(1, np.float64(100.0))",1.0,100.0,1.0,100.0,1.0,100.0,1.0,100.0,1.0,100.0,1.0,99.99,1.0,100.0,1.0,100.0
1,"(1, np.float64(100.0))","(1, np.float64(100.0))","(1, np.float64(100.0))","(1, np.float64(100.0))","(1, np.float64(100.0))","(1, np.float64(100.0))","(1, np.float64(100.0))","(1, np.float64(100.0))",1.0,100.0,1.0,100.0,1.0,100.0,1.0,100.0,1.0,100.0,1.0,100.0,1.0,100.0,1.0,100.0
1,"(1, np.float64(100.0))","(1, np.float64(100.0))","(1, np.float64(100.0))","(1, np.float64(99.95))","(1, np.float64(99.99))","(1, np.float64(99.99))","(1, np.float64(100.0))","(1, np.float64(100.0))",1.0,100.0,1.0,100.0,1.0,100.0,1.0,99.95,1.0,99.99,1.0,99.99,1.0,100.0,1.0,100.0
1,"(1, np.float64(100.0))","(1, np.float64(100.0))","(1, np.float64(100.0))","(1, np.float64(100.0))","(1, np.float64(100.0))","(1, np.float64(100.0))","(1, np.float64(100.0))","(1, np.float64(100.0))",1.0,100.0,1.0,100.0,1.0,100.0,1.0,100.0,1.0,100.0,1.0,100.0,1.0,100.0,1.0,100.0
1,"(1, np.float64(100.0))","(1, np.float64(100.0))","(1, np.float64(100.0))","(1, np.float64(100.0))","(1, np.float64(100.0))","(1, np.float64(100.0))","(1, np.float64(100.0))","(1, np.float64(100.0))",1.0,100.0,1.0,100.0,1.0,100.0,1.0,100.0,1.0,100.0,1.0,100.0,1.0,100.0,1.0,100.0
1,"(1, np.float64(100.0))","(1, np.float64(100.0))","(1, np.float64(100.0))","(1, np.float64(99.65))","(1, np.float64(99.29))","(1, np.float64(99.99))","(1, np.float64(100.0))","(1, np.float64(100.0))",1.0,100.0,1.0,100.0,1.0,100.0,1.0,99.65,1.0,99.29,1.0,99.99,1.0,100.0,1.0,100.0
1,"(1, np.float64(100.0))","(1, np.float64(100.0))","(1, np.float64(100.0))","(1, np.float64(100.0))","(1, np.float64(100.0))","(1, np.float64(100.0))","(1, np.float64(100.0))","(1, np.float64(100.0))",1.0,100.0,1.0,100.0,1.0,100.0,1.0,100.0,1.0,100.0,1.0,100.0,1.0,100.0,1.0,100.0
0,,,,,,,,,,,,,,,,,,,,,,,,
1,"(1, np.float64(99.99))","(1, np.float64(100.0))","(1, np.float64(99.99))","(1, np.float64(99.57))","(1, np.float64(99.66))","(1, np.float64(91.23))","(1, np.float64(100.0))","(1, np.float64(99.01))",1.0,99.99,1.0,100.0,1.0,99.99,1.0,99.57,1.0,99.66,1.0,91.23,1.0,100.0,1.0,99.01
1,"(1, np.float64(100.0))","(1, np.float64(100.0))","(1, np.float64(100.0))","(1, np.float64(100.0))","(1, np.float64(100.0))","(1, np.float64(100.0))","(1, np.float64(100.0))","(1, np.float64(100.0))",1.0,100.0,1.0,100.0,1.0,100.0,1.0,100.0,1.0,100.0,1.0,100.0,1.0,100.0,1.0,100.0
1,"(0, np.float64(93.53))","(1, np.float64(98.4))","(0, np.float64(97.96))","(1, np.float64(98.72))","(0, np.float64(98.86))","(0, np.float64(98.76))","(0, np.float64(99.88))","(1, np.float64(99.2))",0.0,93.53,1.0,98.4,0.0,97.96,1.0,98.72,0.0,98.86,0.0,98.76,0.0,99.88,1.0,99.2
1,"(1, np.float64(100.0))","(1, np.float64(100.0))","(1, np.float64(100.0))","(1, np.float64(100.0))","(1, np.float64(100.0))","(1, np.float64(100.0))","(1, np.float64(100.0))","(1, np.float64(100.0))",1.0,100.0,1.0,100.0,1.0,100.0,1.0,100.0,1.0,100.0,1.0,100.0,1.0,100.0,1.0,100.0
1,"(1, np.float64(97.68))","(1, np.float64(98.7))","(1, np.float64(94.41))","(0, np.float64(98.77))","(1, np.float64(99.99))","(1, np.float64(99.98))","(1, np.float64(100.0))","(1, np.float64(99.99))",1.0,97.68,1.0,98.7,1.0,94.41,0.0,98.77,1.0,99.99,1.0,99.98,1.0,100.0,1.0,99.99
1,"(1, np.float64(100.0))","(1, np.float64(100.0))","(1, np.float64(100.0))","(1, np.float64(100.0))","(1, np.float64(100.0))","(1, np.float64(99.99))","(1, np.float64(100.0))","(1, np.float64(100.0))",1.0,100.0,1.0,100.0,1.0,100.0,1.0,100.0,1.0,100.0,1.0,99.99,1.0,100.0,1.0,100.0
1,"(1, np.float64(100.0))","(1, np.float64(100.0))","(1, np.float64(100.0))","(1, np.float64(100.0))","(1, np.float64(100.0))","(1, np.float64(100.0))","(1, np.float64(100.0))","(1, np.float64(100.0))",1.0,100.0,1.0,100.0,1.0,100.0,1.0,100.0,1.0,100.0,1.0,100.0,1.0,100.0,1.0,100.0
1,"(1, np.float64(99.76))","(1, np.float64(99.5))","(1, np.float64(99.9))","(1, np.float64(98.85))","(1, np.float64(99.09))","(1, np.float64(99.43))","(1, np.float64(100.0))","(1, np.float64(99.99))",1.0,99.76,1.0,99.5,1.0,99.9,1.0,98.85,1.0,99.09,1.0,99.43,1.0,100.0,1.0,99.99
1,"(1, np.float64(100.0))","(1, np.float64(100.0))","(1, np.float64(100.0))","(1, np.float64(100.0))","(1, np.float64(100.0))","(1, np.float64(100.0))","(1, np.float64(100.0))","(1, np.float64(100.0))",1.0,100.0,1.0,100.0,1.0,100.0,1.0,100.0,1.0,100.0,1.0,100.0,1.0,100.0,1.0,100.0
1,"(1, np.float64(100.0))","(1, np.float64(100.0))","(1, np.float64(100.0))","(1, np.float64(100.0))","(1, np.float64(100.0))","(1, np.float64(100.0))","(1, np.float64(100.0))","(1, np.float64(100.0))",1.0,100.0,1.0,100.0,1.0,100.0,1.0,100.0,1.0,100.0,1.0,100.0,1.0,100.0,1.0,100.0
0,,,,,,,,,,,,,,,,,,,,,,,,
1,"(1, np.float64(100.0))","(1, np.float64(100.0))","(1, np.float64(100.0))","(1, np.float64(100.0))","(1, np.float64(100.0))","(1, np.float64(99.99))","(1, np.float64(100.0))","(1, np.float64(99.98))",1.0,100.0,1.0,100.0,1.0,100.0,1.0,100.0,1.0,100.0,1.0,99.99,1.0,100.0,1.0,99.98
1,"(1, np.float64(100.0))","(1, np.float64(100.0))","(1, np.float64(100.0))","(1, np.float64(100.0))","(1, np.float64(100.0))","(1, np.float64(100.0))","(1, np.float64(100.0))","(1, np.float64(100.0))",1.0,100.0,1.0,100.0,1.0,100.0,1.0,100.0,1.0,100.0,1.0,100.0,1.0,100.0,1.0,100.0
1,"(1, np.float64(100.0))","(1, np.float64(100.0))","(1, np.float64(100.0))","(1, np.float64(100.0))","(1, np.float64(100.0))","(1, np.float64(99.99))","(1, np.float64(100.0))","(1, np.float64(99.98))",1.0,100.0,1.0,100.0,1.0,100.0,1.0,100.0,1.0,100.0,1.0,99.99,1.0,100.0,1.0,99.98
1,"(1, np.float64(100.0))","(1, np.float64(100.0))","(1, np.float64(100.0))","(1, np.float64(100.0))","(1, np.float64(100.0))","(1, np.float64(100.0))","(1, np.float64(100.0))","(1, np.float64(100.0))",1.0,100.0,1.0,100.0,1.0,100.0,1.0,100.0,1.0,100.0,1.0,100.0,1.0,100.0,1.0,100.0
1,"(1, np.float64(100.0))","(1, np.float64(100.0))","(1, np.float64(100.0))","(1, np.float64(100.0))","(1, np.float64(100.0))","(1, np.float64(100.0))","(1, np.float64(100.0))","(1, np.float64(100.0))",1.0,100.0,1.0,100.0,1.0,100.0,1.0,100.0,1.0,100.0,1.0,100.0,1.0,100.0,1.0,100.0
1,"(1, np.float64(98.14))","(1, np.float64(99.34))","(1, np.float64(99.75))","(1, np.float64(98.51))","(1, np.float64(99.06))","(1, np.float64(99.48))","(1, np.float64(99.96))","(1, np.float64(99.99))",1.0,98.14,1.0,99.34,1.0,99.75,1.0,98.51,1.0,99.06,1.0,99.48,1.0,99.96,1.0,99.99
1,"(1, np.float64(100.0))","(1, np.float64(100.0))","(1, np.float64(100.0))","(1, np.float64(99.99))","(1, np.float64(99.99))","(1, np.float64(99.99))","(1, np.float64(100.0))","(1, np.float64(99.97))",1.0,100.0,1.0,100.0,1.0,100.0,1.0,99.99,1.0,99.99,1.0,99.99,1.0,100.0,1.0,99.97
0,,,,,,,,,,,,,,,,,,,,,,,,
1,"(1, np.float64(100.0))","(1, np.float64(100.0))","(1, np.float64(100.0))","(1, np.float64(99.99))","(1, np.float64(99.98))","(1, np.float64(100.0))","(1, np.float64(100.0))","(1, np.float64(99.99))",1.0,100.0,1.0,100.0,1.0,100.0,1.0,99.99,1.0,99.98,1.0,100.0,1.0,100.0,1.0,99.99
1,"(1, np.float64(100.0))","(1, np.float64(100.0))","(1, np.float64(100.0))","(1, np.float64(100.0))","(1, np.float64(100.0))","(1, np.float64(100.0))","(1, np.float64(100.0))","(1, np.float64(100.0))",1.0,100.0,1.0,100.0,1.0,100.0,1.0,100.0,1.0,100.0,1.0,100.0,1.0,100.0,1.0,100.0
0,,,,,,,,,,,,,,,,,,,,,,,,
1,"(1, np.float64(100.0))","(1, np.float64(100.0))","(1, np.float64(100.0))","(1, np.float64(100.0))","(1, np.float64(100.0))","(1, np.float64(100.0))","(1, np.float64(100.0))","(1, np.float64(100.0))",1.0,100.0,1.0,100.0,1.0,100.0,1.0,100.0,1.0,100.0,1.0,100.0,1.0,100.0,1.0,100.0
0,,,,,,,,,,,,,,,,,,,,,,,,
1,"(1, np.float64(99.9))","(1, np.float64(99.99))","(1, np.float64(99.99))","(1, np.float64(99.76))","(1, np.float64(99.61))","(1, np.float64(99.93))","(1, np.float64(100.0))","(1, np.float64(100.0))",1.0,99.9,1.0,99.99,1.0,99.99,1.0,99.76,1.0,99.61,1.0,99.93,1.0,100.0,1.0,100.0
1,"(1, np.float64(99.45))","(1, np.float64(99.44))","(1, np.float64(94.59))","(0, np.float64(98.18))","(1, np.float64(99.99))","(1, np.float64(100.0))","(1, np.float64(100.0))","(1, np.float64(99.85))",1.0,99.45,1.0,99.44,1.0,94.59,0.0,98.18,1.0,99.99,1.0,100.0,1.0,100.0,1.0,99.85
1,"(1, np.float64(100.0))","(1, np.float64(100.0))","(1, np.float64(100.0))","(1, np.float64(100.0))","(1, np.float64(100.0))","(1, np.float64(100.0))","(1, np.float64(100.0))","(1, np.float64(100.0))",1.0,100.0,1.0,100.0,1.0,100.0,1.0,100.0,1.0,100.0,1.0,100.0,1.0,100.0,1.0,100.0
1,"(1, np.float64(100.0))","(1, np.float64(100.0))","(1, np.float64(100.0))","(1, np.float64(100.0))","(1, np.float64(100.0))","(1, np.float64(100.0))","(1, np.float64(100.0))","(1, np.float64(100.0))",1.0,100.0,1.0,100.0,1.0,100.0,1.0,100.0,1.0,100.0,1.0,100.0,1.0,100.0,1.0,100.0
1,"(1, np.float64(99.98))","(1, np.float64(100.0))","(1, np.float64(99.99))","(1, np.float64(99.96))","(1, np.float64(99.9))","(1, np.float64(99.97))","(1, np.float64(99.98))","(1, np.float64(99.9))",1.0,99.98,1.0,100.0,1.0,99.99,1.0,99.96,1.0,99.9,1.0,99.97,1.0,99.98,1.0,99.9
1,"(1, np.float64(99.95))","(1, np.float64(100.0))","(1, np.float64(100.0))","(1, np.float64(99.98))","(1, np.float64(100.0))","(1, np.float64(100.0))","(1, np.float64(100.0))","(1, np.float64(100.0))",1.0,99.95,1.0,100.0,1.0,100.0,1.0,99.98,1.0,100.0,1.0,100.0,1.0,100.0,1.0,100.0
1,"(1, np.float64(99.45))","(1, np.float64(99.1))","(1, np.float64(99.66))","(1, np.float64(98.85))","(1, np.float64(97.83))","(1, np.float64(99.87))","(1, np.float64(100.0))","(1, np.float64(99.86))",1.0,99.45,1.0,99.1,1.0,99.66,1.0,98.85,1.0,97.83,1.0,99.87,1.0,100.0,1.0,99.86
0,,,,,,,,,,,,,,,,,,,,,,,,
1,"(1, np.float64(100.0))","(1, np.float64(100.0))","(1, np.float64(100.0))","(1, np.float64(100.0))","(1, np.float64(100.0))","(1, np.float64(100.0))","(1, np.float64(100.0))","(1, np.float64(100.0))",1.0,100.0,1.0,100.0,1.0,100.0,1.0,100.0,1.0,100.0,1.0,100.0,1.0,100.0,1.0,100.0
1,"(1, np.float64(99.94))","(1, np.float64(99.99))","(1, np.float64(99.96))","(1, np.float64(96.36))","(1, np.float64(98.24))","(1, np.float64(99.99))","(1, np.float64(100.0))","(1, np.float64(100.0))",1.0,99.94,1.0,99.99,1.0,99.96,1.0,96.36,1.0,98.24,1.0,99.99,1.0,100.0,1.0,100.0
0,,,,,,,,,,,,,,,,,,,,,,,,
0,,,,,,,,,,,,,,,,,,,,,,,,
1,"(1, np.float64(97.35))","(1, np.float64(99.23))","(1, np.float64(97.86))","(0, np.float64(96.18))","(1, np.float64(100.0))","(1, np.float64(100.0))","(1, np.float64(100.0))","(1, np.float64(100.0))",1.0,97.35,1.0,99.23,1.0,97.86,0.0,96.18,1.0,100.0,1.0,100.0,1.0,100.0,1.0,100.0
1,"(1, np.float64(100.0))","(1, np.float64(100.0))","(1, np.float64(100.0))","(1, np.float64(100.0))","(1, np.float64(100.0))","(1, np.float64(100.0))","(1, np.float64(100.0))","(1, np.float64(100.0))",1.0,100.0,1.0,100.0,1.0,100.0,1.0,100.0,1.0,100.0,1.0,100.0,1.0,100.0,1.0,100.0
1,"(1, np.float64(100.0))","(1, np.float64(100.0))","(1, np.float64(100.0))","(1, np.float64(100.0))","(1, np.float64(100.0))","(1, np.float64(100.0))","(1, np.float64(100.0))","(1, np.float64(100.0))",1.0,100.0,1.0,100.0,1.0,100.0,1.0,100.0,1.0,100.0,1.0,100.0,1.0,100.0,1.0,100.0
1,"(1, np.float64(99.98))","(1, np.float64(99.98))","(1, np.float64(99.99))","(1, np.float64(99.73))","(1, np.float64(99.68))","(1, np.float64(100.0))","(1, np.float64(100.0))","(1, np.float64(99.99))",1.0,99.98,1.0,99.98,1.0,99.99,1.0,99.73,1.0,99.68,1.0,100.0,1.0,100.0,1.0,99.99
1,"(0, np.float64(99.93))","(1, np.float64(99.85))","(0, np.float64(99.83))","(1, np.float64(99.94))","(0, np.float64(99.88))","(0, np.float64(97.39))","(0, np.float64(99.99))","(1, np.float64(97.68))",0.0,99.93,1.0,99.85,0.0,99.83,1.0,99.94,0.0,99.88,0.0,97.39,0.0,99.99,1.0,97.68
1,"(1, np.float64(99.71))","(1, np.float64(97.51))","(0, np.float64(91.7))","(1, np.float64(99.88))","(1, np.float64(93.05))","(1, np.float64(99.67))","(1, np.float64(99.52))","(1, np.float64(93.05))",1.0,99.71,1.0,97.51,0.0,91.7,1.0,99.88,1.0,93.05,1.0,99.67,1.0,99.52,1.0,93.05
1,"(1, np.float64(100.0))","(1, np.float64(100.0))","(1, np.float64(100.0))","(1, np.float64(100.0))","(1, np.float64(100.0))","(1, np.float64(100.0))","(1, np.float64(100.0))","(1, np.float64(100.0))",1.0,100.0,1.0,100.0,1.0,100.0,1.0,100.0,1.0,100.0,1.0,100.0,1.0,100.0,1.0,100.0
1,"(1, np.float64(100.0))","(1, np.float64(100.0))","(1, np.float64(100.0))","(1, np.float64(100.0))","(1, np.float64(100.0))","(1, np.float64(100.0))","(1, np.float64(100.0))","(1, np.float64(100.0))",1.0,100.0,1.0,100.0,1.0,100.0,1.0,100.0,1.0,100.0,1.0,100.0,1.0,100.0,1.0,100.0
1,"(1, np.float64(100.0))","(1, np.float64(100.0))","(1, np.float64(100.0))","(1, np.float64(100.0))","(1, np.float64(100.0))","(1, np.float64(99.99))","(1, np.float64(100.0))","(1, np.float64(99.98))",1.0,100.0,1.0,100.0,1.0,100.0,1.0,100.0,1.0,100.0,1.0,99.99,1.0,100.0,1.0,99.98
1,"(1, np.float64(99.99))","(1, np.float64(100.0))","(1, np.float64(99.99))","(1, np.float64(99.97))","(1, np.float64(99.99))","(1, np.float64(100.0))","(1, np.float64(100.0))","(1, np.float64(100.0))",1.0,99.99,1.0,100.0,1.0,99.99,1.0,99.97,1.0,99.99,1.0,100.0,1.0,100.0,1.0,100.0
1,"(0, np.float64(99.8))","(1, np.float64(99.91))","(1, np.float64(97.07))","(0, np.float64(99.91))","(1, np.float64(99.99))","(1, np.float64(99.95))","(1, np.float64(100.0))","(1, np.float64(99.94))",0.0,99.8,1.0,99.91,1.0,97.07,0.0,99.91,1.0,99.99,1.0,99.95,1.0,100.0,1.0,99.94
1,"(1, np.float64(99.98))","(1, np.float64(100.0))","(1, np.float64(100.0))","(1, np.float64(99.93))","(1, np.float64(100.0))","(1, np.float64(100.0))","(1, np.float64(100.0))","(1, np.float64(100.0))",1.0,99.98,1.0,100.0,1.0,100.0,1.0,99.93,1.0,100.0,1.0,100.0,1.0,100.0,1.0,100.0
1,"(1, np.float64(99.69))","(1, np.float64(99.94))","(1, np.float64(99.95))","(1, np.float64(96.18))","(1, np.float64(97.19))","(1, np.float64(100.0))","(1, np.float64(100.0))","(1, np.float64(100.0))",1.0,99.69,1.0,99.94,1.0,99.95,1.0,96.18,1.0,97.19,1.0,100.0,1.0,100.0,1.0,100.0
1,"(1, np.float64(100.0))","(1, np.float64(100.0))","(1, np.float64(100.0))","(1, np.float64(100.0))","(1, np.float64(100.0))","(1, np.float64(100.0))","(1, np.float64(100.0))","(1, np.float64(100.0))",1.0,100.0,1.0,100.0,1.0,100.0,1.0,100.0,1.0,100.0,1.0,100.0,1.0,100.0,1.0,100.0
1,"(1, np.float64(99.9))","(1, np.float64(99.98))","(1, np.float64(95.37))","(1, np.float64(96.2))","(0, np.float64(95.37))","(0, np.float64(99.94))","(0, np.float64(94.39))","(1, np.float64(99.92))",1.0,99.9,1.0,99.98,1.0,95.37,1.0,96.2,0.0,95.37,0.0,99.94,0.0,94.39,1.0,99.92
1,"(1, np.float64(99.98))","(1, np.float64(99.98))","(1, np.float64(99.88))","(1, np.float64(96.2))","(0, np.float64(95.78))","(1, np.float64(99.88))","(1, np.float64(99.97))","(1, np.float64(99.94))",1.0,99.98,1.0,99.98,1.0,99.88,1.0,96.2,0.0,95.78,1.0,99.88,1.0,99.97,1.0,99.94
1,"(1, np.float64(99.99))","(1, np.float64(99.99))","(1, np.float64(99.9))","(1, np.float64(99.27))","(1, np.float64(98.96))","(1, np.float64(99.56))","(1, np.float64(100.0))","(1, np.float64(99.69))",1.0,99.99,1.0,99.99,1.0,99.9,1.0,99.27,1.0,98.96,1.0,99.56,1.0,100.0,1.0,99.69
0,,,,,,,,,,,,,,,,,,,,,,,,
1,"(0, np.float64(98.12))","(1, np.float64(100.0))","(1, np.float64(99.9))","(1, np.float64(98.88))","(1, np.float64(97.42))","(1, np.float64(100.0))","(1, np.float64(100.0))","(1, np.float64(99.93))",0.0,98.12,1.0,100.0,1.0,99.9,1.0,98.88,1.0,97.42,1.0,100.0,1.0,100.0,1.0,99.93
1,"(1, np.float64(98.81))","(0, np.float64(98.02))","(1, np.float64(99.93))","(0, np.float64(99.95))","(0, np.float64(98.5))","(0, np.float64(99.95))","(0, np.float64(99.29))","(1, np.float64(99.89))",1.0,98.81,0.0,98.02,1.0,99.93,0.0,99.95,0.0,98.5,0.0,99.95,0.0,99.29,1.0,99.89
1,"(0, np.float64(97.63))","(0, np.float64(97.33))","(0, np.float64(99.45))","(0, np.float64(99.9))","(0, np.float64(93.79))","(0, np.float64(98.89))","(0, np.float64(99.62))","(0, np.float64(95.73))",0.0,97.63,0.0,97.33,0.0,99.45,0.0,99.9,0.0,93.79,0.0,98.89,0.0,99.62,0.0,95.73
